mar 20 10:12:48 ubuntu-GL503VD systemd[1]: Started Open5GS UDR Daemon.
mar 20 10:12:48 ubuntu-GL503VD open5gs-udrd[761]: Open5GS daemon v2.7.6
mar 20 10:12:48 ubuntu-GL503VD open5gs-udrd[761]: 03/20 10:12:48.262: [app] INFO: Configuration: '/etc/open5gs/udr.yaml' (../lib/app/ogs-init.c:144)
mar 20 10:12:48 ubuntu-GL503VD open5gs-udrd[761]: 03/20 10:12:48.262: [app] INFO: File Logging: '/var/log/open5gs/udr.log' (../lib/app/ogs-init.c:147)
mar 20 10:12:48 ubuntu-GL503VD open5gs-udrd[761]: 03/20 10:12:48.264: [sbi] INFO: Setup NF EndPoint(addr) [192.168.50.200:7777] (../lib/sbi/context.c:507)
mar 20 10:12:48 ubuntu-GL503VD open5gs-udrd[761]: 03/20 10:12:48.285: [dbi] WARNING: Failed to connect to server [mongodb://localhost/open5gs] (../lib/dbi/ogs-mongoc.c:122)
mar 20 10:12:48 ubuntu-GL503VD open5gs-udrd[761]: 03/20 10:12:48.285: [app] WARNING: Failed to initialize UDR (../src/udr/app.c:28)
mar 20 10:12:48 ubuntu-GL503VD open5gs-udrd[761]: DIGEST-MD5 common mech free
mar 20 10:12:48 ubuntu-GL503VD systemd[1]: open5gs-udrd.service: Deactivated successfully.
mar 20 10:12:50 ubuntu-GL503VD systemd[1]: open5gs-udrd.service: Scheduled restart job, restart counter is at 1.
mar 20 10:12:50 ubuntu-GL503VD systemd[1]: Stopped Open5GS UDR Daemon.
mar 20 10:12:50 ubuntu-GL503VD systemd[1]: Started Open5GS UDR Daemon.
mar 20 10:12:50 ubuntu-GL503VD open5gs-udrd[1442]: Open5GS daemon v2.7.6
mar 20 10:12:50 ubuntu-GL503VD open5gs-udrd[1442]: 03/20 10:12:50.376: [app] INFO: Configuration: '/etc/open5gs/udr.yaml' (../lib/app/ogs-init.c:144)
mar 20 10:12:50 ubuntu-GL503VD open5gs-udrd[1442]: 03/20 10:12:50.376: [app] INFO: File Logging: '/var/log/open5gs/udr.log' (../lib/app/ogs-init.c:147)
mar 20 10:12:50 ubuntu-GL503VD open5gs-udrd[1442]: 03/20 10:12:50.378: [sbi] INFO: Setup NF EndPoint(addr) [192.168.50.200:7777] (../lib/sbi/context.c:507)
mar 20 10:12:50 ubuntu-GL503VD open5gs-udrd[1442]: 03/20 10:12:50.379: [dbi] WARNING: Failed to connect to server [mongodb://localhost/open5gs] (../lib/dbi/ogs-mongoc.c:122)
mar 20 10:12:50 ubuntu-GL503VD open5gs-udrd[1442]: 03/20 10:12:50.379: [app] WARNING: Failed to initialize UDR (../src/udr/app.c:28)
mar 20 10:12:50 ubuntu-GL503VD open5gs-udrd[1442]: DIGEST-MD5 common mech free
mar 20 10:12:50 ubuntu-GL503VD systemd[1]: open5gs-udrd.service: Deactivated successfully.
mar 20 10:12:52 ubuntu-GL503VD systemd[1]: open5gs-udrd.service: Scheduled restart job, restart counter is at 2.
mar 20 10:12:52 ubuntu-GL503VD systemd[1]: Stopped Open5GS UDR Daemon.
mar 20 10:12:52 ubuntu-GL503VD systemd[1]: Started Open5GS UDR Daemon.
mar 20 10:12:52 ubuntu-GL503VD open5gs-udrd[1750]: Open5GS daemon v2.7.6
mar 20 10:12:52 ubuntu-GL503VD open5gs-udrd[1750]: 03/20 10:12:52.484: [app] INFO: Configuration: '/etc/open5gs/udr.yaml' (../lib/app/ogs-init.c:144)
mar 20 10:12:52 ubuntu-GL503VD open5gs-udrd[1750]: 03/20 10:12:52.484: [app] INFO: File Logging: '/var/log/open5gs/udr.log' (../lib/app/ogs-init.c:147)
mar 20 10:12:52 ubuntu-GL503VD open5gs-udrd[1750]: 03/20 10:12:52.486: [sbi] INFO: Setup NF EndPoint(addr) [192.168.50.200:7777] (../lib/sbi/context.c:507)
mar 20 10:12:52 ubuntu-GL503VD open5gs-udrd[1750]: 03/20 10:12:52.487: [dbi] WARNING: Failed to connect to server [mongodb://localhost/open5gs] (../lib/dbi/ogs-mongoc.c:122)
mar 20 10:12:52 ubuntu-GL503VD open5gs-udrd[1750]: 03/20 10:12:52.487: [app] WARNING: Failed to initialize UDR (../src/udr/app.c:28)
mar 20 10:12:52 ubuntu-GL503VD open5gs-udrd[1750]: DIGEST-MD5 common mech free
mar 20 10:12:52 ubuntu-GL503VD systemd[1]: open5gs-udrd.service: Deactivated successfully.
mar 20 10:12:54 ubuntu-GL503VD systemd[1]: open5gs-udrd.service: Scheduled restart job, restart counter is at 3.
mar 20 10:12:54 ubuntu-GL503VD systemd[1]: Stopped Open5GS UDR Daemon.
mar 20 10:12:54 ubuntu-GL503VD systemd[1]: Started Open5GS UDR Daemon.
mar 20 10:12:54 ubuntu-GL503VD open5gs-udrd[2075]: Open5GS daemon v2.7.6
mar 20 10:12:54 ubuntu-GL503VD open5gs-udrd[2075]: 03/20 10:12:54.530: [app] INFO: Configuration: '/etc/open5gs/udr.yaml' (../lib/app/ogs-init.c:144)
mar 20 10:12:54 ubuntu-GL503VD open5gs-udrd[2075]: 03/20 10:12:54.530: [app] INFO: File Logging: '/var/log/open5gs/udr.log' (../lib/app/ogs-init.c:147)
mar 20 10:12:54 ubuntu-GL503VD open5gs-udrd[2075]: 03/20 10:12:54.532: [sbi] INFO: Setup NF EndPoint(addr) [192.168.50.200:7777] (../lib/sbi/context.c:507)
mar 20 10:12:54 ubuntu-GL503VD open5gs-udrd[2075]: 03/20 10:12:54.532: [dbi] WARNING: Failed to connect to server [mongodb://localhost/open5gs] (../lib/dbi/ogs-mongoc.c:122)
mar 20 10:12:54 ubuntu-GL503VD open5gs-udrd[2075]: 03/20 10:12:54.532: [app] WARNING: Failed to initialize UDR (../src/udr/app.c:28)
mar 20 10:12:54 ubuntu-GL503VD open5gs-udrd[2075]: DIGEST-MD5 common mech free
mar 20 10:12:54 ubuntu-GL503VD systemd[1]: open5gs-udrd.service: Deactivated successfully.
mar 20 10:12:56 ubuntu-GL503VD systemd[1]: open5gs-udrd.service: Scheduled restart job, restart counter is at 4.
mar 20 10:12:56 ubuntu-GL503VD systemd[1]: Stopped Open5GS UDR Daemon.
mar 20 10:12:56 ubuntu-GL503VD systemd[1]: Started Open5GS UDR Daemon.
mar 20 10:12:56 ubuntu-GL503VD open5gs-udrd[2484]: Open5GS daemon v2.7.6
mar 20 10:12:56 ubuntu-GL503VD open5gs-udrd[2484]: 03/20 10:12:56.661: [app] INFO: Configuration: '/etc/open5gs/udr.yaml' (../lib/app/ogs-init.c:144)
mar 20 10:12:56 ubuntu-GL503VD open5gs-udrd[2484]: 03/20 10:12:56.661: [app] INFO: File Logging: '/var/log/open5gs/udr.log' (../lib/app/ogs-init.c:147)
mar 20 10:12:56 ubuntu-GL503VD systemd[1]: open5gs-udrd.service: Deactivated successfully.
mar 20 10:12:56 ubuntu-GL503VD open5gs-udrd[2484]: 03/20 10:12:56.664: [sbi] INFO: Setup NF EndPoint(addr) [192.168.50.200:7777] (../lib/sbi/context.c:507)
mar 20 10:12:56 ubuntu-GL503VD open5gs-udrd[2484]: 03/20 10:12:56.664: [dbi] WARNING: Failed to connect to server [mongodb://localhost/open5gs] (../lib/dbi/ogs-mongoc.c:122)
mar 20 10:12:56 ubuntu-GL503VD open5gs-udrd[2484]: 03/20 10:12:56.664: [app] WARNING: Failed to initialize UDR (../src/udr/app.c:28)
mar 20 10:12:56 ubuntu-GL503VD open5gs-udrd[2484]: DIGEST-MD5 common mech free
mar 20 10:12:58 ubuntu-GL503VD systemd[1]: open5gs-udrd.service: Scheduled restart job, restart counter is at 5.
mar 20 10:12:58 ubuntu-GL503VD systemd[1]: Stopped Open5GS UDR Daemon.
mar 20 10:12:58 ubuntu-GL503VD systemd[1]: Started Open5GS UDR Daemon.
mar 20 10:12:58 ubuntu-GL503VD open5gs-udrd[2573]: Open5GS daemon v2.7.6
mar 20 10:12:58 ubuntu-GL503VD open5gs-udrd[2573]: 03/20 10:12:58.700: [app] INFO: Configuration: '/etc/open5gs/udr.yaml' (../lib/app/ogs-init.c:144)
mar 20 10:12:58 ubuntu-GL503VD open5gs-udrd[2573]: 03/20 10:12:58.700: [app] INFO: File Logging: '/var/log/open5gs/udr.log' (../lib/app/ogs-init.c:147)
mar 20 10:12:58 ubuntu-GL503VD open5gs-udrd[2573]: 03/20 10:12:58.702: [sbi] INFO: Setup NF EndPoint(addr) [192.168.50.200:7777] (../lib/sbi/context.c:507)
mar 20 10:12:58 ubuntu-GL503VD open5gs-udrd[2573]: 03/20 10:12:58.703: [dbi] WARNING: Failed to connect to server [mongodb://localhost/open5gs] (../lib/dbi/ogs-mongoc.c:122)
mar 20 10:12:58 ubuntu-GL503VD open5gs-udrd[2573]: 03/20 10:12:58.703: [app] WARNING: Failed to initialize UDR (../src/udr/app.c:28)
mar 20 10:12:58 ubuntu-GL503VD open5gs-udrd[2573]: DIGEST-MD5 common mech free
mar 20 10:12:58 ubuntu-GL503VD systemd[1]: open5gs-udrd.service: Deactivated successfully.
mar 20 10:13:00 ubuntu-GL503VD systemd[1]: open5gs-udrd.service: Scheduled restart job, restart counter is at 6.
mar 20 10:13:00 ubuntu-GL503VD systemd[1]: Stopped Open5GS UDR Daemon.
mar 20 10:13:00 ubuntu-GL503VD systemd[1]: Started Open5GS UDR Daemon.
mar 20 10:13:00 ubuntu-GL503VD open5gs-udrd[2576]: Open5GS daemon v2.7.6
mar 20 10:13:00 ubuntu-GL503VD open5gs-udrd[2576]: 03/20 10:13:00.953: [app] INFO: Configuration: '/etc/open5gs/udr.yaml' (../lib/app/ogs-init.c:144)
mar 20 10:13:00 ubuntu-GL503VD open5gs-udrd[2576]: 03/20 10:13:00.953: [app] INFO: File Logging: '/var/log/open5gs/udr.log' (../lib/app/ogs-init.c:147)
mar 20 10:13:00 ubuntu-GL503VD open5gs-udrd[2576]: 03/20 10:13:00.955: [sbi] INFO: Setup NF EndPoint(addr) [192.168.50.200:7777] (../lib/sbi/context.c:507)
mar 20 10:13:00 ubuntu-GL503VD open5gs-udrd[2576]: DIGEST-MD5 common mech free
mar 20 10:13:00 ubuntu-GL503VD open5gs-udrd[2576]: 03/20 10:13:00.955: [dbi] WARNING: Failed to connect to server [mongodb://localhost/open5gs] (../lib/dbi/ogs-mongoc.c:122)
mar 20 10:13:00 ubuntu-GL503VD open5gs-udrd[2576]: 03/20 10:13:00.955: [app] WARNING: Failed to initialize UDR (../src/udr/app.c:28)
mar 20 10:13:00 ubuntu-GL503VD systemd[1]: open5gs-udrd.service: Deactivated successfully.
mar 20 10:13:03 ubuntu-GL503VD systemd[1]: open5gs-udrd.service: Scheduled restart job, restart counter is at 7.
mar 20 10:13:03 ubuntu-GL503VD systemd[1]: Stopped Open5GS UDR Daemon.
mar 20 10:13:03 ubuntu-GL503VD systemd[1]: Started Open5GS UDR Daemon.
mar 20 10:13:03 ubuntu-GL503VD open5gs-udrd[2590]: Open5GS daemon v2.7.6
mar 20 10:13:03 ubuntu-GL503VD open5gs-udrd[2590]: 03/20 10:13:03.198: [app] INFO: Configuration: '/etc/open5gs/udr.yaml' (../lib/app/ogs-init.c:144)
mar 20 10:13:03 ubuntu-GL503VD open5gs-udrd[2590]: 03/20 10:13:03.198: [app] INFO: File Logging: '/var/log/open5gs/udr.log' (../lib/app/ogs-init.c:147)
mar 20 10:13:03 ubuntu-GL503VD open5gs-udrd[2590]: 03/20 10:13:03.200: [sbi] INFO: Setup NF EndPoint(addr) [192.168.50.200:7777] (../lib/sbi/context.c:507)
mar 20 10:13:03 ubuntu-GL503VD open5gs-udrd[2590]: 03/20 10:13:03.201: [dbi] WARNING: Failed to connect to server [mongodb://localhost/open5gs] (../lib/dbi/ogs-mongoc.c:122)
mar 20 10:13:03 ubuntu-GL503VD open5gs-udrd[2590]: 03/20 10:13:03.201: [app] WARNING: Failed to initialize UDR (../src/udr/app.c:28)
mar 20 10:13:03 ubuntu-GL503VD open5gs-udrd[2590]: DIGEST-MD5 common mech free
mar 20 10:13:03 ubuntu-GL503VD systemd[1]: open5gs-udrd.service: Deactivated successfully.
mar 20 10:13:05 ubuntu-GL503VD systemd[1]: open5gs-udrd.service: Scheduled restart job, restart counter is at 8.
mar 20 10:13:05 ubuntu-GL503VD systemd[1]: Stopped Open5GS UDR Daemon.
mar 20 10:13:05 ubuntu-GL503VD systemd[1]: Started Open5GS UDR Daemon.
mar 20 10:13:05 ubuntu-GL503VD open5gs-udrd[2600]: Open5GS daemon v2.7.6
mar 20 10:13:05 ubuntu-GL503VD open5gs-udrd[2600]: 03/20 10:13:05.461: [app] INFO: Configuration: '/etc/open5gs/udr.yaml' (../lib/app/ogs-init.c:144)
mar 20 10:13:05 ubuntu-GL503VD open5gs-udrd[2600]: 03/20 10:13:05.461: [app] INFO: File Logging: '/var/log/open5gs/udr.log' (../lib/app/ogs-init.c:147)
mar 20 10:13:05 ubuntu-GL503VD open5gs-udrd[2600]: 03/20 10:13:05.462: [sbi] INFO: Setup NF EndPoint(addr) [192.168.50.200:7777] (../lib/sbi/context.c:507)
mar 20 10:13:05 ubuntu-GL503VD open5gs-udrd[2600]: 03/20 10:13:05.463: [dbi] WARNING: Failed to connect to server [mongodb://localhost/open5gs] (../lib/dbi/ogs-mongoc.c:122)
mar 20 10:13:05 ubuntu-GL503VD open5gs-udrd[2600]: 03/20 10:13:05.463: [app] WARNING: Failed to initialize UDR (../src/udr/app.c:28)
mar 20 10:13:05 ubuntu-GL503VD open5gs-udrd[2600]: DIGEST-MD5 common mech free
mar 20 10:13:05 ubuntu-GL503VD systemd[1]: open5gs-udrd.service: Deactivated successfully.
mar 20 10:13:07 ubuntu-GL503VD systemd[1]: open5gs-udrd.service: Scheduled restart job, restart counter is at 9.
mar 20 10:13:07 ubuntu-GL503VD systemd[1]: Stopped Open5GS UDR Daemon.
mar 20 10:13:07 ubuntu-GL503VD systemd[1]: Started Open5GS UDR Daemon.
mar 20 10:13:07 ubuntu-GL503VD open5gs-udrd[2608]: Open5GS daemon v2.7.6
mar 20 10:13:07 ubuntu-GL503VD open5gs-udrd[2608]: 03/20 10:13:07.699: [app] INFO: Configuration: '/etc/open5gs/udr.yaml' (../lib/app/ogs-init.c:144)
mar 20 10:13:07 ubuntu-GL503VD open5gs-udrd[2608]: 03/20 10:13:07.699: [app] INFO: File Logging: '/var/log/open5gs/udr.log' (../lib/app/ogs-init.c:147)
mar 20 10:13:07 ubuntu-GL503VD open5gs-udrd[2608]: 03/20 10:13:07.701: [sbi] INFO: Setup NF EndPoint(addr) [192.168.50.200:7777] (../lib/sbi/context.c:507)
mar 20 10:13:07 ubuntu-GL503VD open5gs-udrd[2608]: 03/20 10:13:07.701: [dbi] WARNING: Failed to connect to server [mongodb://localhost/open5gs] (../lib/dbi/ogs-mongoc.c:122)
mar 20 10:13:07 ubuntu-GL503VD open5gs-udrd[2608]: 03/20 10:13:07.701: [app] WARNING: Failed to initialize UDR (../src/udr/app.c:28)
mar 20 10:13:07 ubuntu-GL503VD open5gs-udrd[2608]: DIGEST-MD5 common mech free
mar 20 10:13:07 ubuntu-GL503VD systemd[1]: open5gs-udrd.service: Deactivated successfully.
mar 20 10:13:09 ubuntu-GL503VD systemd[1]: open5gs-udrd.service: Scheduled restart job, restart counter is at 10.
mar 20 10:13:09 ubuntu-GL503VD systemd[1]: Stopped Open5GS UDR Daemon.
mar 20 10:13:09 ubuntu-GL503VD systemd[1]: Started Open5GS UDR Daemon.
mar 20 10:13:09 ubuntu-GL503VD open5gs-udrd[2623]: Open5GS daemon v2.7.6
mar 20 10:13:09 ubuntu-GL503VD open5gs-udrd[2623]: 03/20 10:13:09.947: [app] INFO: Configuration: '/etc/open5gs/udr.yaml' (../lib/app/ogs-init.c:144)
mar 20 10:13:09 ubuntu-GL503VD open5gs-udrd[2623]: 03/20 10:13:09.947: [app] INFO: File Logging: '/var/log/open5gs/udr.log' (../lib/app/ogs-init.c:147)
mar 20 10:13:09 ubuntu-GL503VD open5gs-udrd[2623]: 03/20 10:13:09.949: [sbi] INFO: Setup NF EndPoint(addr) [192.168.50.200:7777] (../lib/sbi/context.c:507)
mar 20 10:13:09 ubuntu-GL503VD open5gs-udrd[2623]: DIGEST-MD5 common mech free
mar 20 10:13:09 ubuntu-GL503VD open5gs-udrd[2623]: 03/20 10:13:09.949: [dbi] WARNING: Failed to connect to server [mongodb://localhost/open5gs] (../lib/dbi/ogs-mongoc.c:122)
mar 20 10:13:09 ubuntu-GL503VD open5gs-udrd[2623]: 03/20 10:13:09.949: [app] WARNING: Failed to initialize UDR (../src/udr/app.c:28)
mar 20 10:13:09 ubuntu-GL503VD systemd[1]: open5gs-udrd.service: Deactivated successfully.
mar 20 10:13:12 ubuntu-GL503VD systemd[1]: open5gs-udrd.service: Scheduled restart job, restart counter is at 11.
mar 20 10:13:12 ubuntu-GL503VD systemd[1]: Stopped Open5GS UDR Daemon.
mar 20 10:13:12 ubuntu-GL503VD systemd[1]: Started Open5GS UDR Daemon.
mar 20 10:13:12 ubuntu-GL503VD open5gs-udrd[2629]: Open5GS daemon v2.7.6
mar 20 10:13:12 ubuntu-GL503VD open5gs-udrd[2629]: 03/20 10:13:12.199: [app] INFO: Configuration: '/etc/open5gs/udr.yaml' (../lib/app/ogs-init.c:144)
mar 20 10:13:12 ubuntu-GL503VD open5gs-udrd[2629]: 03/20 10:13:12.199: [app] INFO: File Logging: '/var/log/open5gs/udr.log' (../lib/app/ogs-init.c:147)
mar 20 10:13:12 ubuntu-GL503VD open5gs-udrd[2629]: 03/20 10:13:12.201: [sbi] INFO: Setup NF EndPoint(addr) [192.168.50.200:7777] (../lib/sbi/context.c:507)
mar 20 10:13:12 ubuntu-GL503VD open5gs-udrd[2629]: DIGEST-MD5 common mech free
mar 20 10:13:12 ubuntu-GL503VD open5gs-udrd[2629]: 03/20 10:13:12.201: [dbi] WARNING: Failed to connect to server [mongodb://localhost/open5gs] (../lib/dbi/ogs-mongoc.c:122)
mar 20 10:13:12 ubuntu-GL503VD open5gs-udrd[2629]: 03/20 10:13:12.201: [app] WARNING: Failed to initialize UDR (../src/udr/app.c:28)
mar 20 10:13:12 ubuntu-GL503VD systemd[1]: open5gs-udrd.service: Deactivated successfully.
mar 20 10:13:14 ubuntu-GL503VD systemd[1]: open5gs-udrd.service: Scheduled restart job, restart counter is at 12.
mar 20 10:13:14 ubuntu-GL503VD systemd[1]: Stopped Open5GS UDR Daemon.
mar 20 10:13:14 ubuntu-GL503VD systemd[1]: Started Open5GS UDR Daemon.
mar 20 10:13:14 ubuntu-GL503VD open5gs-udrd[2643]: Open5GS daemon v2.7.6
mar 20 10:13:14 ubuntu-GL503VD open5gs-udrd[2643]: 03/20 10:13:14.445: [app] INFO: Configuration: '/etc/open5gs/udr.yaml' (../lib/app/ogs-init.c:144)
mar 20 10:13:14 ubuntu-GL503VD open5gs-udrd[2643]: 03/20 10:13:14.445: [app] INFO: File Logging: '/var/log/open5gs/udr.log' (../lib/app/ogs-init.c:147)
mar 20 10:13:14 ubuntu-GL503VD open5gs-udrd[2643]: 03/20 10:13:14.447: [sbi] INFO: Setup NF EndPoint(addr) [192.168.50.200:7777] (../lib/sbi/context.c:507)
mar 20 10:13:14 ubuntu-GL503VD open5gs-udrd[2643]: 03/20 10:13:14.448: [dbi] WARNING: Failed to connect to server [mongodb://localhost/open5gs] (../lib/dbi/ogs-mongoc.c:122)
mar 20 10:13:14 ubuntu-GL503VD open5gs-udrd[2643]: 03/20 10:13:14.448: [app] WARNING: Failed to initialize UDR (../src/udr/app.c:28)
mar 20 10:13:14 ubuntu-GL503VD open5gs-udrd[2643]: DIGEST-MD5 common mech free
mar 20 10:13:14 ubuntu-GL503VD systemd[1]: open5gs-udrd.service: Deactivated successfully.
mar 20 10:13:16 ubuntu-GL503VD systemd[1]: open5gs-udrd.service: Scheduled restart job, restart counter is at 13.
mar 20 10:13:16 ubuntu-GL503VD systemd[1]: Stopped Open5GS UDR Daemon.
mar 20 10:13:16 ubuntu-GL503VD systemd[1]: Started Open5GS UDR Daemon.
mar 20 10:13:16 ubuntu-GL503VD open5gs-udrd[2654]: Open5GS daemon v2.7.6
mar 20 10:13:16 ubuntu-GL503VD open5gs-udrd[2654]: 03/20 10:13:16.700: [app] INFO: Configuration: '/etc/open5gs/udr.yaml' (../lib/app/ogs-init.c:144)
mar 20 10:13:16 ubuntu-GL503VD open5gs-udrd[2654]: 03/20 10:13:16.700: [app] INFO: File Logging: '/var/log/open5gs/udr.log' (../lib/app/ogs-init.c:147)
mar 20 10:13:16 ubuntu-GL503VD open5gs-udrd[2654]: 03/20 10:13:16.702: [sbi] INFO: Setup NF EndPoint(addr) [192.168.50.200:7777] (../lib/sbi/context.c:507)
mar 20 10:13:16 ubuntu-GL503VD open5gs-udrd[2654]: 03/20 10:13:16.702: [dbi] WARNING: Failed to connect to server [mongodb://localhost/open5gs] (../lib/dbi/ogs-mongoc.c:122)
mar 20 10:13:16 ubuntu-GL503VD open5gs-udrd[2654]: 03/20 10:13:16.702: [app] WARNING: Failed to initialize UDR (../src/udr/app.c:28)
mar 20 10:13:16 ubuntu-GL503VD open5gs-udrd[2654]: DIGEST-MD5 common mech free
mar 20 10:13:16 ubuntu-GL503VD systemd[1]: open5gs-udrd.service: Deactivated successfully.
mar 20 10:13:18 ubuntu-GL503VD systemd[1]: open5gs-udrd.service: Scheduled restart job, restart counter is at 14.
mar 20 10:13:18 ubuntu-GL503VD systemd[1]: Stopped Open5GS UDR Daemon.
mar 20 10:13:18 ubuntu-GL503VD systemd[1]: Started Open5GS UDR Daemon.
mar 20 10:13:18 ubuntu-GL503VD open5gs-udrd[2661]: Open5GS daemon v2.7.6
mar 20 10:13:18 ubuntu-GL503VD open5gs-udrd[2661]: 03/20 10:13:18.946: [app] INFO: Configuration: '/etc/open5gs/udr.yaml' (../lib/app/ogs-init.c:144)
mar 20 10:13:18 ubuntu-GL503VD open5gs-udrd[2661]: 03/20 10:13:18.946: [app] INFO: File Logging: '/var/log/open5gs/udr.log' (../lib/app/ogs-init.c:147)
mar 20 10:13:18 ubuntu-GL503VD open5gs-udrd[2661]: 03/20 10:13:18.948: [sbi] INFO: Setup NF EndPoint(addr) [192.168.50.200:7777] (../lib/sbi/context.c:507)
mar 20 10:13:18 ubuntu-GL503VD open5gs-udrd[2661]: DIGEST-MD5 common mech free
mar 20 10:13:18 ubuntu-GL503VD open5gs-udrd[2661]: 03/20 10:13:18.948: [dbi] WARNING: Failed to connect to server [mongodb://localhost/open5gs] (../lib/dbi/ogs-mongoc.c:122)
mar 20 10:13:18 ubuntu-GL503VD open5gs-udrd[2661]: 03/20 10:13:18.948: [app] WARNING: Failed to initialize UDR (../src/udr/app.c:28)
mar 20 10:13:18 ubuntu-GL503VD systemd[1]: open5gs-udrd.service: Deactivated successfully.
mar 20 10:13:21 ubuntu-GL503VD systemd[1]: open5gs-udrd.service: Scheduled restart job, restart counter is at 15.
mar 20 10:13:21 ubuntu-GL503VD systemd[1]: Stopped Open5GS UDR Daemon.
mar 20 10:13:21 ubuntu-GL503VD systemd[1]: Started Open5GS UDR Daemon.
mar 20 10:13:21 ubuntu-GL503VD open5gs-udrd[2677]: Open5GS daemon v2.7.6
mar 20 10:13:21 ubuntu-GL503VD open5gs-udrd[2677]: 03/20 10:13:21.201: [app] INFO: Configuration: '/etc/open5gs/udr.yaml' (../lib/app/ogs-init.c:144)
mar 20 10:13:21 ubuntu-GL503VD open5gs-udrd[2677]: 03/20 10:13:21.201: [app] INFO: File Logging: '/var/log/open5gs/udr.log' (../lib/app/ogs-init.c:147)
mar 20 10:13:21 ubuntu-GL503VD open5gs-udrd[2677]: 03/20 10:13:21.203: [sbi] INFO: Setup NF EndPoint(addr) [192.168.50.200:7777] (../lib/sbi/context.c:507)
mar 20 10:13:21 ubuntu-GL503VD open5gs-udrd[2677]: 03/20 10:13:21.204: [dbi] WARNING: Failed to connect to server [mongodb://localhost/open5gs] (../lib/dbi/ogs-mongoc.c:122)
mar 20 10:13:21 ubuntu-GL503VD open5gs-udrd[2677]: 03/20 10:13:21.204: [app] WARNING: Failed to initialize UDR (../src/udr/app.c:28)
mar 20 10:13:21 ubuntu-GL503VD open5gs-udrd[2677]: DIGEST-MD5 common mech free
mar 20 10:13:21 ubuntu-GL503VD systemd[1]: open5gs-udrd.service: Deactivated successfully.
mar 20 10:13:23 ubuntu-GL503VD systemd[1]: open5gs-udrd.service: Scheduled restart job, restart counter is at 16.
mar 20 10:13:23 ubuntu-GL503VD systemd[1]: Stopped Open5GS UDR Daemon.
mar 20 10:13:23 ubuntu-GL503VD systemd[1]: Started Open5GS UDR Daemon.
mar 20 10:13:23 ubuntu-GL503VD open5gs-udrd[2695]: Open5GS daemon v2.7.6
mar 20 10:13:23 ubuntu-GL503VD open5gs-udrd[2695]: 03/20 10:13:23.446: [app] INFO: Configuration: '/etc/open5gs/udr.yaml' (../lib/app/ogs-init.c:144)
mar 20 10:13:23 ubuntu-GL503VD open5gs-udrd[2695]: 03/20 10:13:23.446: [app] INFO: File Logging: '/var/log/open5gs/udr.log' (../lib/app/ogs-init.c:147)
mar 20 10:13:23 ubuntu-GL503VD open5gs-udrd[2695]: 03/20 10:13:23.448: [sbi] INFO: Setup NF EndPoint(addr) [192.168.50.200:7777] (../lib/sbi/context.c:507)
mar 20 10:13:23 ubuntu-GL503VD open5gs-udrd[2695]: 03/20 10:13:23.448: [dbi] WARNING: Failed to connect to server [mongodb://localhost/open5gs] (../lib/dbi/ogs-mongoc.c:122)
mar 20 10:13:23 ubuntu-GL503VD open5gs-udrd[2695]: 03/20 10:13:23.448: [app] WARNING: Failed to initialize UDR (../src/udr/app.c:28)
mar 20 10:13:23 ubuntu-GL503VD open5gs-udrd[2695]: DIGEST-MD5 common mech free
mar 20 10:13:23 ubuntu-GL503VD systemd[1]: open5gs-udrd.service: Deactivated successfully.
mar 20 10:13:25 ubuntu-GL503VD systemd[1]: open5gs-udrd.service: Scheduled restart job, restart counter is at 17.
mar 20 10:13:25 ubuntu-GL503VD systemd[1]: Stopped Open5GS UDR Daemon.
mar 20 10:13:25 ubuntu-GL503VD systemd[1]: Started Open5GS UDR Daemon.
mar 20 10:13:25 ubuntu-GL503VD open5gs-udrd[2717]: Open5GS daemon v2.7.6
mar 20 10:13:25 ubuntu-GL503VD open5gs-udrd[2717]: 03/20 10:13:25.699: [app] INFO: Configuration: '/etc/open5gs/udr.yaml' (../lib/app/ogs-init.c:144)
mar 20 10:13:25 ubuntu-GL503VD open5gs-udrd[2717]: 03/20 10:13:25.699: [app] INFO: File Logging: '/var/log/open5gs/udr.log' (../lib/app/ogs-init.c:147)
mar 20 10:13:25 ubuntu-GL503VD open5gs-udrd[2717]: 03/20 10:13:25.701: [sbi] INFO: Setup NF EndPoint(addr) [192.168.50.200:7777] (../lib/sbi/context.c:507)
mar 20 10:13:25 ubuntu-GL503VD open5gs-udrd[2717]: DIGEST-MD5 common mech free
mar 20 10:13:25 ubuntu-GL503VD open5gs-udrd[2717]: 03/20 10:13:25.701: [dbi] WARNING: Failed to connect to server [mongodb://localhost/open5gs] (../lib/dbi/ogs-mongoc.c:122)
mar 20 10:13:25 ubuntu-GL503VD open5gs-udrd[2717]: 03/20 10:13:25.701: [app] WARNING: Failed to initialize UDR (../src/udr/app.c:28)
mar 20 10:13:25 ubuntu-GL503VD systemd[1]: open5gs-udrd.service: Deactivated successfully.
mar 20 10:13:27 ubuntu-GL503VD systemd[1]: open5gs-udrd.service: Scheduled restart job, restart counter is at 18.
mar 20 10:13:27 ubuntu-GL503VD systemd[1]: Stopped Open5GS UDR Daemon.
mar 20 10:13:27 ubuntu-GL503VD systemd[1]: Started Open5GS UDR Daemon.
mar 20 10:13:27 ubuntu-GL503VD open5gs-udrd[2727]: Open5GS daemon v2.7.6
mar 20 10:13:27 ubuntu-GL503VD open5gs-udrd[2727]: 03/20 10:13:27.953: [app] INFO: Configuration: '/etc/open5gs/udr.yaml' (../lib/app/ogs-init.c:144)
mar 20 10:13:27 ubuntu-GL503VD open5gs-udrd[2727]: 03/20 10:13:27.953: [app] INFO: File Logging: '/var/log/open5gs/udr.log' (../lib/app/ogs-init.c:147)
mar 20 10:13:27 ubuntu-GL503VD open5gs-udrd[2727]: 03/20 10:13:27.955: [sbi] INFO: Setup NF EndPoint(addr) [192.168.50.200:7777] (../lib/sbi/context.c:507)
mar 20 10:13:27 ubuntu-GL503VD open5gs-udrd[2727]: 03/20 10:13:27.955: [dbi] WARNING: Failed to connect to server [mongodb://localhost/open5gs] (../lib/dbi/ogs-mongoc.c:122)
mar 20 10:13:27 ubuntu-GL503VD open5gs-udrd[2727]: 03/20 10:13:27.955: [app] WARNING: Failed to initialize UDR (../src/udr/app.c:28)
mar 20 10:13:27 ubuntu-GL503VD open5gs-udrd[2727]: DIGEST-MD5 common mech free
mar 20 10:13:27 ubuntu-GL503VD systemd[1]: open5gs-udrd.service: Deactivated successfully.
mar 20 10:13:30 ubuntu-GL503VD systemd[1]: open5gs-udrd.service: Scheduled restart job, restart counter is at 19.
mar 20 10:13:30 ubuntu-GL503VD systemd[1]: Stopped Open5GS UDR Daemon.
mar 20 10:13:30 ubuntu-GL503VD systemd[1]: Started Open5GS UDR Daemon.
mar 20 10:13:30 ubuntu-GL503VD open5gs-udrd[2734]: Open5GS daemon v2.7.6
mar 20 10:13:30 ubuntu-GL503VD open5gs-udrd[2734]: 03/20 10:13:30.198: [app] INFO: Configuration: '/etc/open5gs/udr.yaml' (../lib/app/ogs-init.c:144)
mar 20 10:13:30 ubuntu-GL503VD open5gs-udrd[2734]: 03/20 10:13:30.198: [app] INFO: File Logging: '/var/log/open5gs/udr.log' (../lib/app/ogs-init.c:147)
mar 20 10:13:30 ubuntu-GL503VD open5gs-udrd[2734]: 03/20 10:13:30.200: [sbi] INFO: Setup NF EndPoint(addr) [192.168.50.200:7777] (../lib/sbi/context.c:507)
mar 20 10:13:30 ubuntu-GL503VD open5gs-udrd[2734]: 03/20 10:13:30.201: [dbi] WARNING: Failed to connect to server [mongodb://localhost/open5gs] (../lib/dbi/ogs-mongoc.c:122)
mar 20 10:13:30 ubuntu-GL503VD open5gs-udrd[2734]: 03/20 10:13:30.201: [app] WARNING: Failed to initialize UDR (../src/udr/app.c:28)
mar 20 10:13:30 ubuntu-GL503VD open5gs-udrd[2734]: DIGEST-MD5 common mech free
mar 20 10:13:30 ubuntu-GL503VD systemd[1]: open5gs-udrd.service: Deactivated successfully.
mar 20 10:13:32 ubuntu-GL503VD systemd[1]: open5gs-udrd.service: Scheduled restart job, restart counter is at 20.
mar 20 10:13:32 ubuntu-GL503VD systemd[1]: Stopped Open5GS UDR Daemon.
mar 20 10:13:32 ubuntu-GL503VD systemd[1]: Started Open5GS UDR Daemon.
mar 20 10:13:32 ubuntu-GL503VD open5gs-udrd[2768]: Open5GS daemon v2.7.6
mar 20 10:13:32 ubuntu-GL503VD open5gs-udrd[2768]: 03/20 10:13:32.450: [app] INFO: Configuration: '/etc/open5gs/udr.yaml' (../lib/app/ogs-init.c:144)
mar 20 10:13:32 ubuntu-GL503VD open5gs-udrd[2768]: 03/20 10:13:32.450: [app] INFO: File Logging: '/var/log/open5gs/udr.log' (../lib/app/ogs-init.c:147)
mar 20 10:13:32 ubuntu-GL503VD open5gs-udrd[2768]: 03/20 10:13:32.451: [sbi] INFO: Setup NF EndPoint(addr) [192.168.50.200:7777] (../lib/sbi/context.c:507)
mar 20 10:13:32 ubuntu-GL503VD open5gs-udrd[2768]: 03/20 10:13:32.452: [dbi] WARNING: Failed to connect to server [mongodb://localhost/open5gs] (../lib/dbi/ogs-mongoc.c:122)
mar 20 10:13:32 ubuntu-GL503VD open5gs-udrd[2768]: 03/20 10:13:32.452: [app] WARNING: Failed to initialize UDR (../src/udr/app.c:28)
mar 20 10:13:32 ubuntu-GL503VD open5gs-udrd[2768]: DIGEST-MD5 common mech free
mar 20 10:13:32 ubuntu-GL503VD systemd[1]: open5gs-udrd.service: Deactivated successfully.
mar 20 10:13:34 ubuntu-GL503VD systemd[1]: open5gs-udrd.service: Scheduled restart job, restart counter is at 21.
mar 20 10:13:34 ubuntu-GL503VD systemd[1]: Stopped Open5GS UDR Daemon.
mar 20 10:13:34 ubuntu-GL503VD systemd[1]: Started Open5GS UDR Daemon.
mar 20 10:13:34 ubuntu-GL503VD open5gs-udrd[2783]: Open5GS daemon v2.7.6
mar 20 10:13:34 ubuntu-GL503VD open5gs-udrd[2783]: 03/20 10:13:34.703: [app] INFO: Configuration: '/etc/open5gs/udr.yaml' (../lib/app/ogs-init.c:144)
mar 20 10:13:34 ubuntu-GL503VD open5gs-udrd[2783]: 03/20 10:13:34.703: [app] INFO: File Logging: '/var/log/open5gs/udr.log' (../lib/app/ogs-init.c:147)
mar 20 10:13:34 ubuntu-GL503VD open5gs-udrd[2783]: 03/20 10:13:34.705: [sbi] INFO: Setup NF EndPoint(addr) [192.168.50.200:7777] (../lib/sbi/context.c:507)
mar 20 10:13:34 ubuntu-GL503VD open5gs-udrd[2783]: 03/20 10:13:34.705: [dbi] WARNING: Failed to connect to server [mongodb://localhost/open5gs] (../lib/dbi/ogs-mongoc.c:122)
mar 20 10:13:34 ubuntu-GL503VD open5gs-udrd[2783]: 03/20 10:13:34.705: [app] WARNING: Failed to initialize UDR (../src/udr/app.c:28)
mar 20 10:13:34 ubuntu-GL503VD open5gs-udrd[2783]: DIGEST-MD5 common mech free
mar 20 10:13:34 ubuntu-GL503VD systemd[1]: open5gs-udrd.service: Deactivated successfully.
mar 20 10:13:36 ubuntu-GL503VD systemd[1]: open5gs-udrd.service: Scheduled restart job, restart counter is at 22.
mar 20 10:13:36 ubuntu-GL503VD systemd[1]: Stopped Open5GS UDR Daemon.
mar 20 10:13:36 ubuntu-GL503VD systemd[1]: Started Open5GS UDR Daemon.
mar 20 10:13:36 ubuntu-GL503VD open5gs-udrd[2805]: Open5GS daemon v2.7.6
mar 20 10:13:36 ubuntu-GL503VD open5gs-udrd[2805]: 03/20 10:13:36.949: [app] INFO: Configuration: '/etc/open5gs/udr.yaml' (../lib/app/ogs-init.c:144)
mar 20 10:13:36 ubuntu-GL503VD open5gs-udrd[2805]: 03/20 10:13:36.949: [app] INFO: File Logging: '/var/log/open5gs/udr.log' (../lib/app/ogs-init.c:147)
mar 20 10:13:36 ubuntu-GL503VD open5gs-udrd[2805]: 03/20 10:13:36.951: [sbi] INFO: Setup NF EndPoint(addr) [192.168.50.200:7777] (../lib/sbi/context.c:507)
mar 20 10:13:36 ubuntu-GL503VD open5gs-udrd[2805]: 03/20 10:13:36.951: [dbi] WARNING: Failed to connect to server [mongodb://localhost/open5gs] (../lib/dbi/ogs-mongoc.c:122)
mar 20 10:13:36 ubuntu-GL503VD open5gs-udrd[2805]: 03/20 10:13:36.951: [app] WARNING: Failed to initialize UDR (../src/udr/app.c:28)
mar 20 10:13:36 ubuntu-GL503VD open5gs-udrd[2805]: DIGEST-MD5 common mech free
mar 20 10:13:36 ubuntu-GL503VD systemd[1]: open5gs-udrd.service: Deactivated successfully.
mar 20 10:13:39 ubuntu-GL503VD systemd[1]: open5gs-udrd.service: Scheduled restart job, restart counter is at 23.
mar 20 10:13:39 ubuntu-GL503VD systemd[1]: Stopped Open5GS UDR Daemon.
mar 20 10:13:39 ubuntu-GL503VD systemd[1]: Started Open5GS UDR Daemon.
mar 20 10:13:39 ubuntu-GL503VD open5gs-udrd[2815]: Open5GS daemon v2.7.6
mar 20 10:13:39 ubuntu-GL503VD open5gs-udrd[2815]: 03/20 10:13:39.200: [app] INFO: Configuration: '/etc/open5gs/udr.yaml' (../lib/app/ogs-init.c:144)
mar 20 10:13:39 ubuntu-GL503VD open5gs-udrd[2815]: 03/20 10:13:39.200: [app] INFO: File Logging: '/var/log/open5gs/udr.log' (../lib/app/ogs-init.c:147)
mar 20 10:13:39 ubuntu-GL503VD open5gs-udrd[2815]: 03/20 10:13:39.202: [sbi] INFO: Setup NF EndPoint(addr) [192.168.50.200:7777] (../lib/sbi/context.c:507)
mar 20 10:13:39 ubuntu-GL503VD open5gs-udrd[2815]: 03/20 10:13:39.203: [dbi] WARNING: Failed to connect to server [mongodb://localhost/open5gs] (../lib/dbi/ogs-mongoc.c:122)
mar 20 10:13:39 ubuntu-GL503VD open5gs-udrd[2815]: 03/20 10:13:39.203: [app] WARNING: Failed to initialize UDR (../src/udr/app.c:28)
mar 20 10:13:39 ubuntu-GL503VD open5gs-udrd[2815]: DIGEST-MD5 common mech free
mar 20 10:13:39 ubuntu-GL503VD systemd[1]: open5gs-udrd.service: Deactivated successfully.
mar 20 10:13:41 ubuntu-GL503VD systemd[1]: open5gs-udrd.service: Scheduled restart job, restart counter is at 24.
mar 20 10:13:41 ubuntu-GL503VD systemd[1]: Stopped Open5GS UDR Daemon.
mar 20 10:13:41 ubuntu-GL503VD systemd[1]: Started Open5GS UDR Daemon.
mar 20 10:13:41 ubuntu-GL503VD open5gs-udrd[2822]: Open5GS daemon v2.7.6
mar 20 10:13:41 ubuntu-GL503VD open5gs-udrd[2822]: 03/20 10:13:41.449: [app] INFO: Configuration: '/etc/open5gs/udr.yaml' (../lib/app/ogs-init.c:144)
mar 20 10:13:41 ubuntu-GL503VD open5gs-udrd[2822]: 03/20 10:13:41.449: [app] INFO: File Logging: '/var/log/open5gs/udr.log' (../lib/app/ogs-init.c:147)
mar 20 10:13:41 ubuntu-GL503VD open5gs-udrd[2822]: 03/20 10:13:41.451: [sbi] INFO: Setup NF EndPoint(addr) [192.168.50.200:7777] (../lib/sbi/context.c:507)
mar 20 10:13:41 ubuntu-GL503VD open5gs-udrd[2822]: 03/20 10:13:41.451: [dbi] WARNING: Failed to connect to server [mongodb://localhost/open5gs] (../lib/dbi/ogs-mongoc.c:122)
mar 20 10:13:41 ubuntu-GL503VD open5gs-udrd[2822]: 03/20 10:13:41.451: [app] WARNING: Failed to initialize UDR (../src/udr/app.c:28)
mar 20 10:13:41 ubuntu-GL503VD open5gs-udrd[2822]: DIGEST-MD5 common mech free
mar 20 10:13:41 ubuntu-GL503VD systemd[1]: open5gs-udrd.service: Deactivated successfully.
mar 20 10:13:43 ubuntu-GL503VD systemd[1]: open5gs-udrd.service: Scheduled restart job, restart counter is at 25.
mar 20 10:13:43 ubuntu-GL503VD systemd[1]: Stopped Open5GS UDR Daemon.
mar 20 10:13:43 ubuntu-GL503VD systemd[1]: Started Open5GS UDR Daemon.
mar 20 10:13:43 ubuntu-GL503VD open5gs-udrd[2836]: Open5GS daemon v2.7.6
mar 20 10:13:43 ubuntu-GL503VD open5gs-udrd[2836]: 03/20 10:13:43.695: [app] INFO: Configuration: '/etc/open5gs/udr.yaml' (../lib/app/ogs-init.c:144)
mar 20 10:13:43 ubuntu-GL503VD open5gs-udrd[2836]: 03/20 10:13:43.695: [app] INFO: File Logging: '/var/log/open5gs/udr.log' (../lib/app/ogs-init.c:147)
mar 20 10:13:43 ubuntu-GL503VD open5gs-udrd[2836]: 03/20 10:13:43.697: [sbi] INFO: Setup NF EndPoint(addr) [192.168.50.200:7777] (../lib/sbi/context.c:507)
mar 20 10:13:43 ubuntu-GL503VD open5gs-udrd[2836]: DIGEST-MD5 common mech free
mar 20 10:13:43 ubuntu-GL503VD open5gs-udrd[2836]: 03/20 10:13:43.697: [dbi] WARNING: Failed to connect to server [mongodb://localhost/open5gs] (../lib/dbi/ogs-mongoc.c:122)
mar 20 10:13:43 ubuntu-GL503VD open5gs-udrd[2836]: 03/20 10:13:43.697: [app] WARNING: Failed to initialize UDR (../src/udr/app.c:28)
mar 20 10:13:43 ubuntu-GL503VD systemd[1]: open5gs-udrd.service: Deactivated successfully.
mar 20 10:13:45 ubuntu-GL503VD systemd[1]: open5gs-udrd.service: Scheduled restart job, restart counter is at 26.
mar 20 10:13:45 ubuntu-GL503VD systemd[1]: Stopped Open5GS UDR Daemon.
mar 20 10:13:45 ubuntu-GL503VD systemd[1]: Started Open5GS UDR Daemon.
mar 20 10:13:45 ubuntu-GL503VD open5gs-udrd[2839]: Open5GS daemon v2.7.6
mar 20 10:13:45 ubuntu-GL503VD open5gs-udrd[2839]: 03/20 10:13:45.947: [app] INFO: Configuration: '/etc/open5gs/udr.yaml' (../lib/app/ogs-init.c:144)
mar 20 10:13:45 ubuntu-GL503VD open5gs-udrd[2839]: 03/20 10:13:45.948: [app] INFO: File Logging: '/var/log/open5gs/udr.log' (../lib/app/ogs-init.c:147)
mar 20 10:13:45 ubuntu-GL503VD open5gs-udrd[2839]: 03/20 10:13:45.949: [sbi] INFO: Setup NF EndPoint(addr) [192.168.50.200:7777] (../lib/sbi/context.c:507)
mar 20 10:13:45 ubuntu-GL503VD open5gs-udrd[2839]: DIGEST-MD5 common mech free
mar 20 10:13:45 ubuntu-GL503VD open5gs-udrd[2839]: 03/20 10:13:45.950: [dbi] WARNING: Failed to connect to server [mongodb://localhost/open5gs] (../lib/dbi/ogs-mongoc.c:122)
mar 20 10:13:45 ubuntu-GL503VD open5gs-udrd[2839]: 03/20 10:13:45.950: [app] WARNING: Failed to initialize UDR (../src/udr/app.c:28)
mar 20 10:13:45 ubuntu-GL503VD systemd[1]: open5gs-udrd.service: Deactivated successfully.
mar 20 10:13:48 ubuntu-GL503VD systemd[1]: open5gs-udrd.service: Scheduled restart job, restart counter is at 27.
mar 20 10:13:48 ubuntu-GL503VD systemd[1]: Stopped Open5GS UDR Daemon.
mar 20 10:13:48 ubuntu-GL503VD systemd[1]: Started Open5GS UDR Daemon.
mar 20 10:13:48 ubuntu-GL503VD open5gs-udrd[2859]: Open5GS daemon v2.7.6
mar 20 10:13:48 ubuntu-GL503VD open5gs-udrd[2859]: 03/20 10:13:48.204: [app] INFO: Configuration: '/etc/open5gs/udr.yaml' (../lib/app/ogs-init.c:144)
mar 20 10:13:48 ubuntu-GL503VD open5gs-udrd[2859]: 03/20 10:13:48.204: [app] INFO: File Logging: '/var/log/open5gs/udr.log' (../lib/app/ogs-init.c:147)
mar 20 10:13:48 ubuntu-GL503VD open5gs-udrd[2859]: 03/20 10:13:48.206: [sbi] INFO: Setup NF EndPoint(addr) [192.168.50.200:7777] (../lib/sbi/context.c:507)
mar 20 10:13:48 ubuntu-GL503VD open5gs-udrd[2859]: 03/20 10:13:48.207: [dbi] WARNING: Failed to connect to server [mongodb://localhost/open5gs] (../lib/dbi/ogs-mongoc.c:122)
mar 20 10:13:48 ubuntu-GL503VD open5gs-udrd[2859]: 03/20 10:13:48.207: [app] WARNING: Failed to initialize UDR (../src/udr/app.c:28)
mar 20 10:13:48 ubuntu-GL503VD open5gs-udrd[2859]: DIGEST-MD5 common mech free
mar 20 10:13:48 ubuntu-GL503VD systemd[1]: open5gs-udrd.service: Deactivated successfully.
mar 20 10:13:50 ubuntu-GL503VD systemd[1]: open5gs-udrd.service: Scheduled restart job, restart counter is at 28.
mar 20 10:13:50 ubuntu-GL503VD systemd[1]: Stopped Open5GS UDR Daemon.
mar 20 10:13:50 ubuntu-GL503VD systemd[1]: Started Open5GS UDR Daemon.
mar 20 10:13:50 ubuntu-GL503VD open5gs-udrd[2871]: Open5GS daemon v2.7.6
mar 20 10:13:50 ubuntu-GL503VD open5gs-udrd[2871]: 03/20 10:13:50.452: [app] INFO: Configuration: '/etc/open5gs/udr.yaml' (../lib/app/ogs-init.c:144)
mar 20 10:13:50 ubuntu-GL503VD open5gs-udrd[2871]: 03/20 10:13:50.452: [app] INFO: File Logging: '/var/log/open5gs/udr.log' (../lib/app/ogs-init.c:147)
mar 20 10:13:50 ubuntu-GL503VD open5gs-udrd[2871]: 03/20 10:13:50.454: [sbi] INFO: Setup NF EndPoint(addr) [192.168.50.200:7777] (../lib/sbi/context.c:507)
mar 20 10:13:50 ubuntu-GL503VD open5gs-udrd[2871]: 03/20 10:13:50.455: [dbi] WARNING: Failed to connect to server [mongodb://localhost/open5gs] (../lib/dbi/ogs-mongoc.c:122)
mar 20 10:13:50 ubuntu-GL503VD open5gs-udrd[2871]: 03/20 10:13:50.455: [app] WARNING: Failed to initialize UDR (../src/udr/app.c:28)
mar 20 10:13:50 ubuntu-GL503VD open5gs-udrd[2871]: DIGEST-MD5 common mech free
mar 20 10:13:50 ubuntu-GL503VD systemd[1]: open5gs-udrd.service: Deactivated successfully.
mar 20 10:13:52 ubuntu-GL503VD systemd[1]: open5gs-udrd.service: Scheduled restart job, restart counter is at 29.
mar 20 10:13:52 ubuntu-GL503VD systemd[1]: Stopped Open5GS UDR Daemon.
mar 20 10:13:52 ubuntu-GL503VD systemd[1]: Started Open5GS UDR Daemon.
mar 20 10:13:52 ubuntu-GL503VD open5gs-udrd[2878]: Open5GS daemon v2.7.6
mar 20 10:13:52 ubuntu-GL503VD open5gs-udrd[2878]: 03/20 10:13:52.695: [app] INFO: Configuration: '/etc/open5gs/udr.yaml' (../lib/app/ogs-init.c:144)
mar 20 10:13:52 ubuntu-GL503VD open5gs-udrd[2878]: 03/20 10:13:52.695: [app] INFO: File Logging: '/var/log/open5gs/udr.log' (../lib/app/ogs-init.c:147)
mar 20 10:13:52 ubuntu-GL503VD open5gs-udrd[2878]: 03/20 10:13:52.697: [sbi] INFO: Setup NF EndPoint(addr) [192.168.50.200:7777] (../lib/sbi/context.c:507)
mar 20 10:13:52 ubuntu-GL503VD open5gs-udrd[2878]: DIGEST-MD5 common mech free
mar 20 10:13:52 ubuntu-GL503VD open5gs-udrd[2878]: 03/20 10:13:52.697: [dbi] WARNING: Failed to connect to server [mongodb://localhost/open5gs] (../lib/dbi/ogs-mongoc.c:122)
mar 20 10:13:52 ubuntu-GL503VD open5gs-udrd[2878]: 03/20 10:13:52.697: [app] WARNING: Failed to initialize UDR (../src/udr/app.c:28)
mar 20 10:13:52 ubuntu-GL503VD systemd[1]: open5gs-udrd.service: Deactivated successfully.
mar 20 10:13:54 ubuntu-GL503VD systemd[1]: open5gs-udrd.service: Scheduled restart job, restart counter is at 30.
mar 20 10:13:54 ubuntu-GL503VD systemd[1]: Stopped Open5GS UDR Daemon.
mar 20 10:13:54 ubuntu-GL503VD systemd[1]: Started Open5GS UDR Daemon.
mar 20 10:13:54 ubuntu-GL503VD open5gs-udrd[2894]: Open5GS daemon v2.7.6
mar 20 10:13:54 ubuntu-GL503VD open5gs-udrd[2894]: 03/20 10:13:54.962: [app] INFO: Configuration: '/etc/open5gs/udr.yaml' (../lib/app/ogs-init.c:144)
mar 20 10:13:54 ubuntu-GL503VD open5gs-udrd[2894]: 03/20 10:13:54.962: [app] INFO: File Logging: '/var/log/open5gs/udr.log' (../lib/app/ogs-init.c:147)
mar 20 10:13:54 ubuntu-GL503VD open5gs-udrd[2894]: 03/20 10:13:54.964: [sbi] INFO: Setup NF EndPoint(addr) [192.168.50.200:7777] (../lib/sbi/context.c:507)
mar 20 10:13:54 ubuntu-GL503VD open5gs-udrd[2894]: DIGEST-MD5 common mech free
mar 20 10:13:54 ubuntu-GL503VD open5gs-udrd[2894]: 03/20 10:13:54.965: [dbi] WARNING: Failed to connect to server [mongodb://localhost/open5gs] (../lib/dbi/ogs-mongoc.c:122)
mar 20 10:13:54 ubuntu-GL503VD open5gs-udrd[2894]: 03/20 10:13:54.965: [app] WARNING: Failed to initialize UDR (../src/udr/app.c:28)
mar 20 10:13:54 ubuntu-GL503VD systemd[1]: open5gs-udrd.service: Deactivated successfully.
mar 20 10:13:57 ubuntu-GL503VD systemd[1]: open5gs-udrd.service: Scheduled restart job, restart counter is at 31.
mar 20 10:13:57 ubuntu-GL503VD systemd[1]: Stopped Open5GS UDR Daemon.
mar 20 10:13:57 ubuntu-GL503VD systemd[1]: Started Open5GS UDR Daemon.
mar 20 10:13:57 ubuntu-GL503VD open5gs-udrd[2922]: Open5GS daemon v2.7.6
mar 20 10:13:57 ubuntu-GL503VD open5gs-udrd[2922]: 03/20 10:13:57.208: [app] INFO: Configuration: '/etc/open5gs/udr.yaml' (../lib/app/ogs-init.c:144)
mar 20 10:13:57 ubuntu-GL503VD open5gs-udrd[2922]: 03/20 10:13:57.208: [app] INFO: File Logging: '/var/log/open5gs/udr.log' (../lib/app/ogs-init.c:147)
mar 20 10:13:57 ubuntu-GL503VD open5gs-udrd[2922]: 03/20 10:13:57.210: [sbi] INFO: Setup NF EndPoint(addr) [192.168.50.200:7777] (../lib/sbi/context.c:507)
mar 20 10:13:57 ubuntu-GL503VD open5gs-udrd[2922]: 03/20 10:13:57.211: [dbi] WARNING: Failed to connect to server [mongodb://localhost/open5gs] (../lib/dbi/ogs-mongoc.c:122)
mar 20 10:13:57 ubuntu-GL503VD open5gs-udrd[2922]: 03/20 10:13:57.211: [app] WARNING: Failed to initialize UDR (../src/udr/app.c:28)
mar 20 10:13:57 ubuntu-GL503VD open5gs-udrd[2922]: DIGEST-MD5 common mech free
mar 20 10:13:57 ubuntu-GL503VD systemd[1]: open5gs-udrd.service: Deactivated successfully.
mar 20 10:13:59 ubuntu-GL503VD systemd[1]: open5gs-udrd.service: Scheduled restart job, restart counter is at 32.
mar 20 10:13:59 ubuntu-GL503VD systemd[1]: Stopped Open5GS UDR Daemon.
mar 20 10:13:59 ubuntu-GL503VD systemd[1]: Started Open5GS UDR Daemon.
mar 20 10:13:59 ubuntu-GL503VD open5gs-udrd[2998]: Open5GS daemon v2.7.6
mar 20 10:13:59 ubuntu-GL503VD open5gs-udrd[2998]: 03/20 10:13:59.453: [app] INFO: Configuration: '/etc/open5gs/udr.yaml' (../lib/app/ogs-init.c:144)
mar 20 10:13:59 ubuntu-GL503VD open5gs-udrd[2998]: 03/20 10:13:59.453: [app] INFO: File Logging: '/var/log/open5gs/udr.log' (../lib/app/ogs-init.c:147)
mar 20 10:13:59 ubuntu-GL503VD open5gs-udrd[2998]: 03/20 10:13:59.455: [sbi] INFO: Setup NF EndPoint(addr) [192.168.50.200:7777] (../lib/sbi/context.c:507)
mar 20 10:13:59 ubuntu-GL503VD open5gs-udrd[2998]: 03/20 10:13:59.456: [dbi] WARNING: Failed to connect to server [mongodb://localhost/open5gs] (../lib/dbi/ogs-mongoc.c:122)
mar 20 10:13:59 ubuntu-GL503VD open5gs-udrd[2998]: 03/20 10:13:59.456: [app] WARNING: Failed to initialize UDR (../src/udr/app.c:28)
mar 20 10:13:59 ubuntu-GL503VD open5gs-udrd[2998]: DIGEST-MD5 common mech free
mar 20 10:13:59 ubuntu-GL503VD systemd[1]: open5gs-udrd.service: Deactivated successfully.
mar 20 10:14:01 ubuntu-GL503VD systemd[1]: open5gs-udrd.service: Scheduled restart job, restart counter is at 33.
mar 20 10:14:01 ubuntu-GL503VD systemd[1]: Stopped Open5GS UDR Daemon.
mar 20 10:14:01 ubuntu-GL503VD systemd[1]: Started Open5GS UDR Daemon.
mar 20 10:14:01 ubuntu-GL503VD open5gs-udrd[3011]: Open5GS daemon v2.7.6
mar 20 10:14:01 ubuntu-GL503VD open5gs-udrd[3011]: 03/20 10:14:01.701: [app] INFO: Configuration: '/etc/open5gs/udr.yaml' (../lib/app/ogs-init.c:144)
mar 20 10:14:01 ubuntu-GL503VD open5gs-udrd[3011]: 03/20 10:14:01.701: [app] INFO: File Logging: '/var/log/open5gs/udr.log' (../lib/app/ogs-init.c:147)
mar 20 10:14:01 ubuntu-GL503VD open5gs-udrd[3011]: 03/20 10:14:01.703: [sbi] INFO: Setup NF EndPoint(addr) [192.168.50.200:7777] (../lib/sbi/context.c:507)
mar 20 10:14:01 ubuntu-GL503VD open5gs-udrd[3011]: DIGEST-MD5 common mech free
mar 20 10:14:01 ubuntu-GL503VD open5gs-udrd[3011]: 03/20 10:14:01.703: [dbi] WARNING: Failed to connect to server [mongodb://localhost/open5gs] (../lib/dbi/ogs-mongoc.c:122)
mar 20 10:14:01 ubuntu-GL503VD open5gs-udrd[3011]: 03/20 10:14:01.703: [app] WARNING: Failed to initialize UDR (../src/udr/app.c:28)
mar 20 10:14:01 ubuntu-GL503VD systemd[1]: open5gs-udrd.service: Deactivated successfully.
mar 20 10:14:03 ubuntu-GL503VD systemd[1]: open5gs-udrd.service: Scheduled restart job, restart counter is at 34.
mar 20 10:14:03 ubuntu-GL503VD systemd[1]: Stopped Open5GS UDR Daemon.
mar 20 10:14:03 ubuntu-GL503VD systemd[1]: Started Open5GS UDR Daemon.
mar 20 10:14:03 ubuntu-GL503VD open5gs-udrd[3019]: Open5GS daemon v2.7.6
mar 20 10:14:03 ubuntu-GL503VD open5gs-udrd[3019]: 03/20 10:14:03.946: [app] INFO: Configuration: '/etc/open5gs/udr.yaml' (../lib/app/ogs-init.c:144)
mar 20 10:14:03 ubuntu-GL503VD open5gs-udrd[3019]: 03/20 10:14:03.946: [app] INFO: File Logging: '/var/log/open5gs/udr.log' (../lib/app/ogs-init.c:147)
mar 20 10:14:03 ubuntu-GL503VD open5gs-udrd[3019]: 03/20 10:14:03.948: [sbi] INFO: Setup NF EndPoint(addr) [192.168.50.200:7777] (../lib/sbi/context.c:507)
mar 20 10:14:03 ubuntu-GL503VD open5gs-udrd[3019]: 03/20 10:14:03.948: [dbi] WARNING: Failed to connect to server [mongodb://localhost/open5gs] (../lib/dbi/ogs-mongoc.c:122)
mar 20 10:14:03 ubuntu-GL503VD open5gs-udrd[3019]: 03/20 10:14:03.948: [app] WARNING: Failed to initialize UDR (../src/udr/app.c:28)
mar 20 10:14:03 ubuntu-GL503VD open5gs-udrd[3019]: DIGEST-MD5 common mech free
mar 20 10:14:03 ubuntu-GL503VD systemd[1]: open5gs-udrd.service: Deactivated successfully.
mar 20 10:14:06 ubuntu-GL503VD systemd[1]: open5gs-udrd.service: Scheduled restart job, restart counter is at 35.
mar 20 10:14:06 ubuntu-GL503VD systemd[1]: Stopped Open5GS UDR Daemon.
mar 20 10:14:06 ubuntu-GL503VD systemd[1]: Started Open5GS UDR Daemon.
mar 20 10:14:06 ubuntu-GL503VD open5gs-udrd[3033]: Open5GS daemon v2.7.6
mar 20 10:14:06 ubuntu-GL503VD open5gs-udrd[3033]: 03/20 10:14:06.199: [app] INFO: Configuration: '/etc/open5gs/udr.yaml' (../lib/app/ogs-init.c:144)
mar 20 10:14:06 ubuntu-GL503VD open5gs-udrd[3033]: 03/20 10:14:06.199: [app] INFO: File Logging: '/var/log/open5gs/udr.log' (../lib/app/ogs-init.c:147)
mar 20 10:14:06 ubuntu-GL503VD open5gs-udrd[3033]: 03/20 10:14:06.201: [sbi] INFO: Setup NF EndPoint(addr) [192.168.50.200:7777] (../lib/sbi/context.c:507)
mar 20 10:14:06 ubuntu-GL503VD open5gs-udrd[3033]: 03/20 10:14:06.201: [dbi] WARNING: Failed to connect to server [mongodb://localhost/open5gs] (../lib/dbi/ogs-mongoc.c:122)
mar 20 10:14:06 ubuntu-GL503VD open5gs-udrd[3033]: 03/20 10:14:06.201: [app] WARNING: Failed to initialize UDR (../src/udr/app.c:28)
mar 20 10:14:06 ubuntu-GL503VD open5gs-udrd[3033]: DIGEST-MD5 common mech free
mar 20 10:14:06 ubuntu-GL503VD systemd[1]: open5gs-udrd.service: Deactivated successfully.
mar 20 10:14:08 ubuntu-GL503VD systemd[1]: open5gs-udrd.service: Scheduled restart job, restart counter is at 36.
mar 20 10:14:08 ubuntu-GL503VD systemd[1]: Stopped Open5GS UDR Daemon.
mar 20 10:14:08 ubuntu-GL503VD systemd[1]: Started Open5GS UDR Daemon.
mar 20 10:14:08 ubuntu-GL503VD open5gs-udrd[3036]: Open5GS daemon v2.7.6
mar 20 10:14:08 ubuntu-GL503VD open5gs-udrd[3036]: 03/20 10:14:08.447: [app] INFO: Configuration: '/etc/open5gs/udr.yaml' (../lib/app/ogs-init.c:144)
mar 20 10:14:08 ubuntu-GL503VD open5gs-udrd[3036]: 03/20 10:14:08.447: [app] INFO: File Logging: '/var/log/open5gs/udr.log' (../lib/app/ogs-init.c:147)
mar 20 10:14:08 ubuntu-GL503VD open5gs-udrd[3036]: 03/20 10:14:08.449: [sbi] INFO: Setup NF EndPoint(addr) [192.168.50.200:7777] (../lib/sbi/context.c:507)
mar 20 10:14:08 ubuntu-GL503VD open5gs-udrd[3036]: 03/20 10:14:08.449: [dbi] WARNING: Failed to connect to server [mongodb://localhost/open5gs] (../lib/dbi/ogs-mongoc.c:122)
mar 20 10:14:08 ubuntu-GL503VD open5gs-udrd[3036]: 03/20 10:14:08.449: [app] WARNING: Failed to initialize UDR (../src/udr/app.c:28)
mar 20 10:14:08 ubuntu-GL503VD open5gs-udrd[3036]: DIGEST-MD5 common mech free
mar 20 10:14:08 ubuntu-GL503VD systemd[1]: open5gs-udrd.service: Deactivated successfully.
mar 20 10:14:10 ubuntu-GL503VD systemd[1]: open5gs-udrd.service: Scheduled restart job, restart counter is at 37.
mar 20 10:14:10 ubuntu-GL503VD systemd[1]: Stopped Open5GS UDR Daemon.
mar 20 10:14:10 ubuntu-GL503VD systemd[1]: Started Open5GS UDR Daemon.
mar 20 10:14:10 ubuntu-GL503VD open5gs-udrd[3050]: Open5GS daemon v2.7.6
mar 20 10:14:10 ubuntu-GL503VD open5gs-udrd[3050]: 03/20 10:14:10.698: [app] INFO: Configuration: '/etc/open5gs/udr.yaml' (../lib/app/ogs-init.c:144)
mar 20 10:14:10 ubuntu-GL503VD open5gs-udrd[3050]: 03/20 10:14:10.698: [app] INFO: File Logging: '/var/log/open5gs/udr.log' (../lib/app/ogs-init.c:147)
mar 20 10:14:10 ubuntu-GL503VD open5gs-udrd[3050]: 03/20 10:14:10.700: [sbi] INFO: Setup NF EndPoint(addr) [192.168.50.200:7777] (../lib/sbi/context.c:507)
mar 20 10:14:10 ubuntu-GL503VD open5gs-udrd[3050]: 03/20 10:14:10.701: [dbi] WARNING: Failed to connect to server [mongodb://localhost/open5gs] (../lib/dbi/ogs-mongoc.c:122)
mar 20 10:14:10 ubuntu-GL503VD open5gs-udrd[3050]: 03/20 10:14:10.701: [app] WARNING: Failed to initialize UDR (../src/udr/app.c:28)
mar 20 10:14:10 ubuntu-GL503VD open5gs-udrd[3050]: DIGEST-MD5 common mech free
mar 20 10:14:10 ubuntu-GL503VD systemd[1]: open5gs-udrd.service: Deactivated successfully.
mar 20 10:14:12 ubuntu-GL503VD systemd[1]: open5gs-udrd.service: Scheduled restart job, restart counter is at 38.
mar 20 10:14:12 ubuntu-GL503VD systemd[1]: Stopped Open5GS UDR Daemon.
mar 20 10:14:12 ubuntu-GL503VD systemd[1]: Started Open5GS UDR Daemon.
mar 20 10:14:12 ubuntu-GL503VD open5gs-udrd[3060]: Open5GS daemon v2.7.6
mar 20 10:14:12 ubuntu-GL503VD open5gs-udrd[3060]: 03/20 10:14:12.954: [app] INFO: Configuration: '/etc/open5gs/udr.yaml' (../lib/app/ogs-init.c:144)
mar 20 10:14:12 ubuntu-GL503VD open5gs-udrd[3060]: 03/20 10:14:12.954: [app] INFO: File Logging: '/var/log/open5gs/udr.log' (../lib/app/ogs-init.c:147)
mar 20 10:14:12 ubuntu-GL503VD open5gs-udrd[3060]: 03/20 10:14:12.956: [sbi] INFO: Setup NF EndPoint(addr) [192.168.50.200:7777] (../lib/sbi/context.c:507)
mar 20 10:14:12 ubuntu-GL503VD open5gs-udrd[3060]: 03/20 10:14:12.956: [dbi] WARNING: Failed to connect to server [mongodb://localhost/open5gs] (../lib/dbi/ogs-mongoc.c:122)
mar 20 10:14:12 ubuntu-GL503VD open5gs-udrd[3060]: 03/20 10:14:12.956: [app] WARNING: Failed to initialize UDR (../src/udr/app.c:28)
mar 20 10:14:12 ubuntu-GL503VD open5gs-udrd[3060]: DIGEST-MD5 common mech free
mar 20 10:14:12 ubuntu-GL503VD systemd[1]: open5gs-udrd.service: Deactivated successfully.
mar 20 10:14:15 ubuntu-GL503VD systemd[1]: open5gs-udrd.service: Scheduled restart job, restart counter is at 39.
mar 20 10:14:15 ubuntu-GL503VD systemd[1]: Stopped Open5GS UDR Daemon.
mar 20 10:14:15 ubuntu-GL503VD systemd[1]: Started Open5GS UDR Daemon.
mar 20 10:14:15 ubuntu-GL503VD open5gs-udrd[3067]: Open5GS daemon v2.7.6
mar 20 10:14:15 ubuntu-GL503VD open5gs-udrd[3067]: 03/20 10:14:15.197: [app] INFO: Configuration: '/etc/open5gs/udr.yaml' (../lib/app/ogs-init.c:144)
mar 20 10:14:15 ubuntu-GL503VD open5gs-udrd[3067]: 03/20 10:14:15.197: [app] INFO: File Logging: '/var/log/open5gs/udr.log' (../lib/app/ogs-init.c:147)
mar 20 10:14:15 ubuntu-GL503VD open5gs-udrd[3067]: 03/20 10:14:15.199: [sbi] INFO: Setup NF EndPoint(addr) [192.168.50.200:7777] (../lib/sbi/context.c:507)
mar 20 10:14:15 ubuntu-GL503VD open5gs-udrd[3067]: 03/20 10:14:15.199: [dbi] WARNING: Failed to connect to server [mongodb://localhost/open5gs] (../lib/dbi/ogs-mongoc.c:122)
mar 20 10:14:15 ubuntu-GL503VD open5gs-udrd[3067]: 03/20 10:14:15.199: [app] WARNING: Failed to initialize UDR (../src/udr/app.c:28)
mar 20 10:14:15 ubuntu-GL503VD open5gs-udrd[3067]: DIGEST-MD5 common mech free
mar 20 10:14:15 ubuntu-GL503VD systemd[1]: open5gs-udrd.service: Deactivated successfully.
mar 20 10:14:17 ubuntu-GL503VD systemd[1]: open5gs-udrd.service: Scheduled restart job, restart counter is at 40.
mar 20 10:14:17 ubuntu-GL503VD systemd[1]: Stopped Open5GS UDR Daemon.
mar 20 10:14:17 ubuntu-GL503VD systemd[1]: Started Open5GS UDR Daemon.
mar 20 10:14:17 ubuntu-GL503VD open5gs-udrd[3081]: Open5GS daemon v2.7.6
mar 20 10:14:17 ubuntu-GL503VD open5gs-udrd[3081]: 03/20 10:14:17.449: [app] INFO: Configuration: '/etc/open5gs/udr.yaml' (../lib/app/ogs-init.c:144)
mar 20 10:14:17 ubuntu-GL503VD open5gs-udrd[3081]: 03/20 10:14:17.449: [app] INFO: File Logging: '/var/log/open5gs/udr.log' (../lib/app/ogs-init.c:147)
mar 20 10:14:17 ubuntu-GL503VD open5gs-udrd[3081]: 03/20 10:14:17.451: [sbi] INFO: Setup NF EndPoint(addr) [192.168.50.200:7777] (../lib/sbi/context.c:507)
mar 20 10:14:17 ubuntu-GL503VD open5gs-udrd[3081]: 03/20 10:14:17.451: [dbi] WARNING: Failed to connect to server [mongodb://localhost/open5gs] (../lib/dbi/ogs-mongoc.c:122)
mar 20 10:14:17 ubuntu-GL503VD open5gs-udrd[3081]: 03/20 10:14:17.451: [app] WARNING: Failed to initialize UDR (../src/udr/app.c:28)
mar 20 10:14:17 ubuntu-GL503VD open5gs-udrd[3081]: DIGEST-MD5 common mech free
mar 20 10:14:17 ubuntu-GL503VD systemd[1]: open5gs-udrd.service: Deactivated successfully.
mar 20 10:14:19 ubuntu-GL503VD systemd[1]: open5gs-udrd.service: Scheduled restart job, restart counter is at 41.
mar 20 10:14:19 ubuntu-GL503VD systemd[1]: Stopped Open5GS UDR Daemon.
mar 20 10:14:19 ubuntu-GL503VD systemd[1]: Started Open5GS UDR Daemon.
mar 20 10:14:19 ubuntu-GL503VD open5gs-udrd[3084]: Open5GS daemon v2.7.6
mar 20 10:14:19 ubuntu-GL503VD open5gs-udrd[3084]: 03/20 10:14:19.699: [app] INFO: Configuration: '/etc/open5gs/udr.yaml' (../lib/app/ogs-init.c:144)
mar 20 10:14:19 ubuntu-GL503VD open5gs-udrd[3084]: 03/20 10:14:19.699: [app] INFO: File Logging: '/var/log/open5gs/udr.log' (../lib/app/ogs-init.c:147)
mar 20 10:14:19 ubuntu-GL503VD open5gs-udrd[3084]: 03/20 10:14:19.701: [sbi] INFO: Setup NF EndPoint(addr) [192.168.50.200:7777] (../lib/sbi/context.c:507)
mar 20 10:14:19 ubuntu-GL503VD open5gs-udrd[3084]: DIGEST-MD5 common mech free
mar 20 10:14:19 ubuntu-GL503VD open5gs-udrd[3084]: 03/20 10:14:19.701: [dbi] WARNING: Failed to connect to server [mongodb://localhost/open5gs] (../lib/dbi/ogs-mongoc.c:122)
mar 20 10:14:19 ubuntu-GL503VD open5gs-udrd[3084]: 03/20 10:14:19.701: [app] WARNING: Failed to initialize UDR (../src/udr/app.c:28)
mar 20 10:14:19 ubuntu-GL503VD systemd[1]: open5gs-udrd.service: Deactivated successfully.
mar 20 10:14:21 ubuntu-GL503VD systemd[1]: open5gs-udrd.service: Scheduled restart job, restart counter is at 42.
mar 20 10:14:21 ubuntu-GL503VD systemd[1]: Stopped Open5GS UDR Daemon.
mar 20 10:14:21 ubuntu-GL503VD systemd[1]: Started Open5GS UDR Daemon.
mar 20 10:14:21 ubuntu-GL503VD open5gs-udrd[3098]: Open5GS daemon v2.7.6
mar 20 10:14:21 ubuntu-GL503VD open5gs-udrd[3098]: 03/20 10:14:21.949: [app] INFO: Configuration: '/etc/open5gs/udr.yaml' (../lib/app/ogs-init.c:144)
mar 20 10:14:21 ubuntu-GL503VD open5gs-udrd[3098]: 03/20 10:14:21.949: [app] INFO: File Logging: '/var/log/open5gs/udr.log' (../lib/app/ogs-init.c:147)
mar 20 10:14:21 ubuntu-GL503VD open5gs-udrd[3098]: 03/20 10:14:21.951: [sbi] INFO: Setup NF EndPoint(addr) [192.168.50.200:7777] (../lib/sbi/context.c:507)
mar 20 10:14:21 ubuntu-GL503VD open5gs-udrd[3098]: 03/20 10:14:21.951: [dbi] WARNING: Failed to connect to server [mongodb://localhost/open5gs] (../lib/dbi/ogs-mongoc.c:122)
mar 20 10:14:21 ubuntu-GL503VD open5gs-udrd[3098]: 03/20 10:14:21.951: [app] WARNING: Failed to initialize UDR (../src/udr/app.c:28)
mar 20 10:14:21 ubuntu-GL503VD open5gs-udrd[3098]: DIGEST-MD5 common mech free
mar 20 10:14:21 ubuntu-GL503VD systemd[1]: open5gs-udrd.service: Deactivated successfully.
mar 20 10:14:24 ubuntu-GL503VD systemd[1]: open5gs-udrd.service: Scheduled restart job, restart counter is at 43.
mar 20 10:14:24 ubuntu-GL503VD systemd[1]: Stopped Open5GS UDR Daemon.
mar 20 10:14:24 ubuntu-GL503VD systemd[1]: Started Open5GS UDR Daemon.
mar 20 10:14:24 ubuntu-GL503VD open5gs-udrd[3108]: Open5GS daemon v2.7.6
mar 20 10:14:24 ubuntu-GL503VD open5gs-udrd[3108]: 03/20 10:14:24.205: [app] INFO: Configuration: '/etc/open5gs/udr.yaml' (../lib/app/ogs-init.c:144)
mar 20 10:14:24 ubuntu-GL503VD open5gs-udrd[3108]: 03/20 10:14:24.205: [app] INFO: File Logging: '/var/log/open5gs/udr.log' (../lib/app/ogs-init.c:147)
mar 20 10:14:24 ubuntu-GL503VD open5gs-udrd[3108]: 03/20 10:14:24.207: [sbi] INFO: Setup NF EndPoint(addr) [192.168.50.200:7777] (../lib/sbi/context.c:507)
mar 20 10:14:24 ubuntu-GL503VD open5gs-udrd[3108]: 03/20 10:14:24.207: [dbi] WARNING: Failed to connect to server [mongodb://localhost/open5gs] (../lib/dbi/ogs-mongoc.c:122)
mar 20 10:14:24 ubuntu-GL503VD open5gs-udrd[3108]: 03/20 10:14:24.207: [app] WARNING: Failed to initialize UDR (../src/udr/app.c:28)
mar 20 10:14:24 ubuntu-GL503VD open5gs-udrd[3108]: DIGEST-MD5 common mech free
mar 20 10:14:24 ubuntu-GL503VD systemd[1]: open5gs-udrd.service: Deactivated successfully.
mar 20 10:14:26 ubuntu-GL503VD systemd[1]: open5gs-udrd.service: Scheduled restart job, restart counter is at 44.
mar 20 10:14:26 ubuntu-GL503VD systemd[1]: Stopped Open5GS UDR Daemon.
mar 20 10:14:26 ubuntu-GL503VD systemd[1]: Started Open5GS UDR Daemon.
mar 20 10:14:26 ubuntu-GL503VD open5gs-udrd[3115]: Open5GS daemon v2.7.6
mar 20 10:14:26 ubuntu-GL503VD open5gs-udrd[3115]: 03/20 10:14:26.446: [app] INFO: Configuration: '/etc/open5gs/udr.yaml' (../lib/app/ogs-init.c:144)
mar 20 10:14:26 ubuntu-GL503VD open5gs-udrd[3115]: 03/20 10:14:26.446: [app] INFO: File Logging: '/var/log/open5gs/udr.log' (../lib/app/ogs-init.c:147)
mar 20 10:14:26 ubuntu-GL503VD open5gs-udrd[3115]: 03/20 10:14:26.448: [sbi] INFO: Setup NF EndPoint(addr) [192.168.50.200:7777] (../lib/sbi/context.c:507)
mar 20 10:14:26 ubuntu-GL503VD open5gs-udrd[3115]: DIGEST-MD5 common mech free
mar 20 10:14:26 ubuntu-GL503VD open5gs-udrd[3115]: 03/20 10:14:26.448: [dbi] WARNING: Failed to connect to server [mongodb://localhost/open5gs] (../lib/dbi/ogs-mongoc.c:122)
mar 20 10:14:26 ubuntu-GL503VD open5gs-udrd[3115]: 03/20 10:14:26.448: [app] WARNING: Failed to initialize UDR (../src/udr/app.c:28)
mar 20 10:14:26 ubuntu-GL503VD systemd[1]: open5gs-udrd.service: Deactivated successfully.
mar 20 10:14:28 ubuntu-GL503VD systemd[1]: open5gs-udrd.service: Scheduled restart job, restart counter is at 45.
mar 20 10:14:28 ubuntu-GL503VD systemd[1]: Stopped Open5GS UDR Daemon.
mar 20 10:14:28 ubuntu-GL503VD systemd[1]: Started Open5GS UDR Daemon.
mar 20 10:14:28 ubuntu-GL503VD open5gs-udrd[3129]: Open5GS daemon v2.7.6
mar 20 10:14:28 ubuntu-GL503VD open5gs-udrd[3129]: 03/20 10:14:28.698: [app] INFO: Configuration: '/etc/open5gs/udr.yaml' (../lib/app/ogs-init.c:144)
mar 20 10:14:28 ubuntu-GL503VD open5gs-udrd[3129]: 03/20 10:14:28.698: [app] INFO: File Logging: '/var/log/open5gs/udr.log' (../lib/app/ogs-init.c:147)
mar 20 10:14:28 ubuntu-GL503VD open5gs-udrd[3129]: 03/20 10:14:28.700: [sbi] INFO: Setup NF EndPoint(addr) [192.168.50.200:7777] (../lib/sbi/context.c:507)
mar 20 10:14:28 ubuntu-GL503VD open5gs-udrd[3129]: 03/20 10:14:28.700: [dbi] WARNING: Failed to connect to server [mongodb://localhost/open5gs] (../lib/dbi/ogs-mongoc.c:122)
mar 20 10:14:28 ubuntu-GL503VD open5gs-udrd[3129]: 03/20 10:14:28.700: [app] WARNING: Failed to initialize UDR (../src/udr/app.c:28)
mar 20 10:14:28 ubuntu-GL503VD open5gs-udrd[3129]: DIGEST-MD5 common mech free
mar 20 10:14:28 ubuntu-GL503VD systemd[1]: open5gs-udrd.service: Deactivated successfully.
mar 20 10:14:30 ubuntu-GL503VD systemd[1]: open5gs-udrd.service: Scheduled restart job, restart counter is at 46.
mar 20 10:14:30 ubuntu-GL503VD systemd[1]: Stopped Open5GS UDR Daemon.
mar 20 10:14:30 ubuntu-GL503VD systemd[1]: Started Open5GS UDR Daemon.
mar 20 10:14:30 ubuntu-GL503VD open5gs-udrd[3132]: Open5GS daemon v2.7.6
mar 20 10:14:30 ubuntu-GL503VD open5gs-udrd[3132]: 03/20 10:14:30.963: [app] INFO: Configuration: '/etc/open5gs/udr.yaml' (../lib/app/ogs-init.c:144)
mar 20 10:14:30 ubuntu-GL503VD open5gs-udrd[3132]: 03/20 10:14:30.963: [app] INFO: File Logging: '/var/log/open5gs/udr.log' (../lib/app/ogs-init.c:147)
mar 20 10:14:30 ubuntu-GL503VD open5gs-udrd[3132]: 03/20 10:14:30.965: [sbi] INFO: Setup NF EndPoint(addr) [192.168.50.200:7777] (../lib/sbi/context.c:507)
mar 20 10:14:30 ubuntu-GL503VD open5gs-udrd[3132]: 03/20 10:14:30.966: [dbi] WARNING: Failed to connect to server [mongodb://localhost/open5gs] (../lib/dbi/ogs-mongoc.c:122)
mar 20 10:14:30 ubuntu-GL503VD open5gs-udrd[3132]: 03/20 10:14:30.966: [app] WARNING: Failed to initialize UDR (../src/udr/app.c:28)
mar 20 10:14:30 ubuntu-GL503VD open5gs-udrd[3132]: DIGEST-MD5 common mech free
mar 20 10:14:30 ubuntu-GL503VD systemd[1]: open5gs-udrd.service: Deactivated successfully.
mar 20 10:14:33 ubuntu-GL503VD systemd[1]: open5gs-udrd.service: Scheduled restart job, restart counter is at 47.
mar 20 10:14:33 ubuntu-GL503VD systemd[1]: Stopped Open5GS UDR Daemon.
mar 20 10:14:33 ubuntu-GL503VD systemd[1]: Started Open5GS UDR Daemon.
mar 20 10:14:33 ubuntu-GL503VD open5gs-udrd[3146]: Open5GS daemon v2.7.6
mar 20 10:14:33 ubuntu-GL503VD open5gs-udrd[3146]: 03/20 10:14:33.194: [app] INFO: Configuration: '/etc/open5gs/udr.yaml' (../lib/app/ogs-init.c:144)
mar 20 10:14:33 ubuntu-GL503VD open5gs-udrd[3146]: 03/20 10:14:33.194: [app] INFO: File Logging: '/var/log/open5gs/udr.log' (../lib/app/ogs-init.c:147)
mar 20 10:14:33 ubuntu-GL503VD open5gs-udrd[3146]: 03/20 10:14:33.196: [sbi] INFO: Setup NF EndPoint(addr) [192.168.50.200:7777] (../lib/sbi/context.c:507)
mar 20 10:14:33 ubuntu-GL503VD open5gs-udrd[3146]: 03/20 10:14:33.197: [dbi] WARNING: Failed to connect to server [mongodb://localhost/open5gs] (../lib/dbi/ogs-mongoc.c:122)
mar 20 10:14:33 ubuntu-GL503VD open5gs-udrd[3146]: 03/20 10:14:33.197: [app] WARNING: Failed to initialize UDR (../src/udr/app.c:28)
mar 20 10:14:33 ubuntu-GL503VD open5gs-udrd[3146]: DIGEST-MD5 common mech free
mar 20 10:14:33 ubuntu-GL503VD systemd[1]: open5gs-udrd.service: Deactivated successfully.
mar 20 10:14:35 ubuntu-GL503VD systemd[1]: open5gs-udrd.service: Scheduled restart job, restart counter is at 48.
mar 20 10:14:35 ubuntu-GL503VD systemd[1]: Stopped Open5GS UDR Daemon.
mar 20 10:14:35 ubuntu-GL503VD systemd[1]: Started Open5GS UDR Daemon.
mar 20 10:14:35 ubuntu-GL503VD open5gs-udrd[3156]: Open5GS daemon v2.7.6
mar 20 10:14:35 ubuntu-GL503VD open5gs-udrd[3156]: 03/20 10:14:35.453: [app] INFO: Configuration: '/etc/open5gs/udr.yaml' (../lib/app/ogs-init.c:144)
mar 20 10:14:35 ubuntu-GL503VD open5gs-udrd[3156]: 03/20 10:14:35.453: [app] INFO: File Logging: '/var/log/open5gs/udr.log' (../lib/app/ogs-init.c:147)
mar 20 10:14:35 ubuntu-GL503VD open5gs-udrd[3156]: 03/20 10:14:35.457: [sbi] INFO: Setup NF EndPoint(addr) [192.168.50.200:7777] (../lib/sbi/context.c:507)
mar 20 10:14:35 ubuntu-GL503VD open5gs-udrd[3156]: 03/20 10:14:35.457: [dbi] WARNING: Failed to connect to server [mongodb://localhost/open5gs] (../lib/dbi/ogs-mongoc.c:122)
mar 20 10:14:35 ubuntu-GL503VD open5gs-udrd[3156]: 03/20 10:14:35.457: [app] WARNING: Failed to initialize UDR (../src/udr/app.c:28)
mar 20 10:14:35 ubuntu-GL503VD open5gs-udrd[3156]: DIGEST-MD5 common mech free
mar 20 10:14:35 ubuntu-GL503VD systemd[1]: open5gs-udrd.service: Deactivated successfully.
mar 20 10:14:37 ubuntu-GL503VD systemd[1]: open5gs-udrd.service: Scheduled restart job, restart counter is at 49.
mar 20 10:14:37 ubuntu-GL503VD systemd[1]: Stopped Open5GS UDR Daemon.
mar 20 10:14:37 ubuntu-GL503VD systemd[1]: Started Open5GS UDR Daemon.
mar 20 10:14:37 ubuntu-GL503VD open5gs-udrd[3163]: Open5GS daemon v2.7.6
mar 20 10:14:37 ubuntu-GL503VD open5gs-udrd[3163]: 03/20 10:14:37.702: [app] INFO: Configuration: '/etc/open5gs/udr.yaml' (../lib/app/ogs-init.c:144)
mar 20 10:14:37 ubuntu-GL503VD open5gs-udrd[3163]: 03/20 10:14:37.702: [app] INFO: File Logging: '/var/log/open5gs/udr.log' (../lib/app/ogs-init.c:147)
mar 20 10:14:37 ubuntu-GL503VD open5gs-udrd[3163]: 03/20 10:14:37.704: [sbi] INFO: Setup NF EndPoint(addr) [192.168.50.200:7777] (../lib/sbi/context.c:507)
mar 20 10:14:37 ubuntu-GL503VD open5gs-udrd[3163]: 03/20 10:14:37.704: [dbi] WARNING: Failed to connect to server [mongodb://localhost/open5gs] (../lib/dbi/ogs-mongoc.c:122)
mar 20 10:14:37 ubuntu-GL503VD open5gs-udrd[3163]: 03/20 10:14:37.704: [app] WARNING: Failed to initialize UDR (../src/udr/app.c:28)
mar 20 10:14:37 ubuntu-GL503VD open5gs-udrd[3163]: DIGEST-MD5 common mech free
mar 20 10:14:37 ubuntu-GL503VD systemd[1]: open5gs-udrd.service: Deactivated successfully.
mar 20 10:14:39 ubuntu-GL503VD systemd[1]: open5gs-udrd.service: Scheduled restart job, restart counter is at 50.
mar 20 10:14:39 ubuntu-GL503VD systemd[1]: Stopped Open5GS UDR Daemon.
mar 20 10:14:39 ubuntu-GL503VD systemd[1]: Started Open5GS UDR Daemon.
mar 20 10:14:39 ubuntu-GL503VD open5gs-udrd[3177]: Open5GS daemon v2.7.6
mar 20 10:14:39 ubuntu-GL503VD open5gs-udrd[3177]: 03/20 10:14:39.949: [app] INFO: Configuration: '/etc/open5gs/udr.yaml' (../lib/app/ogs-init.c:144)
mar 20 10:14:39 ubuntu-GL503VD open5gs-udrd[3177]: 03/20 10:14:39.949: [app] INFO: File Logging: '/var/log/open5gs/udr.log' (../lib/app/ogs-init.c:147)
mar 20 10:14:39 ubuntu-GL503VD open5gs-udrd[3177]: 03/20 10:14:39.951: [sbi] INFO: Setup NF EndPoint(addr) [192.168.50.200:7777] (../lib/sbi/context.c:507)
mar 20 10:14:39 ubuntu-GL503VD open5gs-udrd[3177]: 03/20 10:14:39.951: [dbi] WARNING: Failed to connect to server [mongodb://localhost/open5gs] (../lib/dbi/ogs-mongoc.c:122)
mar 20 10:14:39 ubuntu-GL503VD open5gs-udrd[3177]: 03/20 10:14:39.951: [app] WARNING: Failed to initialize UDR (../src/udr/app.c:28)
mar 20 10:14:39 ubuntu-GL503VD open5gs-udrd[3177]: DIGEST-MD5 common mech free
mar 20 10:14:39 ubuntu-GL503VD systemd[1]: open5gs-udrd.service: Deactivated successfully.
mar 20 10:14:42 ubuntu-GL503VD systemd[1]: open5gs-udrd.service: Scheduled restart job, restart counter is at 51.
mar 20 10:14:42 ubuntu-GL503VD systemd[1]: Stopped Open5GS UDR Daemon.
mar 20 10:14:42 ubuntu-GL503VD systemd[1]: Started Open5GS UDR Daemon.
mar 20 10:14:42 ubuntu-GL503VD open5gs-udrd[3180]: Open5GS daemon v2.7.6
mar 20 10:14:42 ubuntu-GL503VD open5gs-udrd[3180]: 03/20 10:14:42.202: [app] INFO: Configuration: '/etc/open5gs/udr.yaml' (../lib/app/ogs-init.c:144)
mar 20 10:14:42 ubuntu-GL503VD open5gs-udrd[3180]: 03/20 10:14:42.202: [app] INFO: File Logging: '/var/log/open5gs/udr.log' (../lib/app/ogs-init.c:147)
mar 20 10:14:42 ubuntu-GL503VD open5gs-udrd[3180]: 03/20 10:14:42.204: [sbi] INFO: Setup NF EndPoint(addr) [192.168.50.200:7777] (../lib/sbi/context.c:507)
mar 20 10:14:42 ubuntu-GL503VD open5gs-udrd[3180]: DIGEST-MD5 common mech free
mar 20 10:14:42 ubuntu-GL503VD open5gs-udrd[3180]: 03/20 10:14:42.204: [dbi] WARNING: Failed to connect to server [mongodb://localhost/open5gs] (../lib/dbi/ogs-mongoc.c:122)
mar 20 10:14:42 ubuntu-GL503VD open5gs-udrd[3180]: 03/20 10:14:42.204: [app] WARNING: Failed to initialize UDR (../src/udr/app.c:28)
mar 20 10:14:42 ubuntu-GL503VD systemd[1]: open5gs-udrd.service: Deactivated successfully.
mar 20 10:14:44 ubuntu-GL503VD systemd[1]: open5gs-udrd.service: Scheduled restart job, restart counter is at 52.
mar 20 10:14:44 ubuntu-GL503VD systemd[1]: Stopped Open5GS UDR Daemon.
mar 20 10:14:44 ubuntu-GL503VD systemd[1]: Started Open5GS UDR Daemon.
mar 20 10:14:44 ubuntu-GL503VD open5gs-udrd[3194]: Open5GS daemon v2.7.6
mar 20 10:14:44 ubuntu-GL503VD open5gs-udrd[3194]: 03/20 10:14:44.447: [app] INFO: Configuration: '/etc/open5gs/udr.yaml' (../lib/app/ogs-init.c:144)
mar 20 10:14:44 ubuntu-GL503VD open5gs-udrd[3194]: 03/20 10:14:44.447: [app] INFO: File Logging: '/var/log/open5gs/udr.log' (../lib/app/ogs-init.c:147)
mar 20 10:14:44 ubuntu-GL503VD open5gs-udrd[3194]: 03/20 10:14:44.449: [sbi] INFO: Setup NF EndPoint(addr) [192.168.50.200:7777] (../lib/sbi/context.c:507)
mar 20 10:14:44 ubuntu-GL503VD open5gs-udrd[3194]: DIGEST-MD5 common mech free
mar 20 10:14:44 ubuntu-GL503VD open5gs-udrd[3194]: 03/20 10:14:44.450: [dbi] WARNING: Failed to connect to server [mongodb://localhost/open5gs] (../lib/dbi/ogs-mongoc.c:122)
mar 20 10:14:44 ubuntu-GL503VD open5gs-udrd[3194]: 03/20 10:14:44.450: [app] WARNING: Failed to initialize UDR (../src/udr/app.c:28)
mar 20 10:14:44 ubuntu-GL503VD systemd[1]: open5gs-udrd.service: Deactivated successfully.
mar 20 10:14:46 ubuntu-GL503VD systemd[1]: open5gs-udrd.service: Scheduled restart job, restart counter is at 53.
mar 20 10:14:46 ubuntu-GL503VD systemd[1]: Stopped Open5GS UDR Daemon.
mar 20 10:14:46 ubuntu-GL503VD systemd[1]: Started Open5GS UDR Daemon.
mar 20 10:14:46 ubuntu-GL503VD open5gs-udrd[3204]: Open5GS daemon v2.7.6
mar 20 10:14:46 ubuntu-GL503VD open5gs-udrd[3204]: 03/20 10:14:46.705: [app] INFO: Configuration: '/etc/open5gs/udr.yaml' (../lib/app/ogs-init.c:144)
mar 20 10:14:46 ubuntu-GL503VD open5gs-udrd[3204]: 03/20 10:14:46.705: [app] INFO: File Logging: '/var/log/open5gs/udr.log' (../lib/app/ogs-init.c:147)
mar 20 10:14:46 ubuntu-GL503VD open5gs-udrd[3204]: 03/20 10:14:46.707: [sbi] INFO: Setup NF EndPoint(addr) [192.168.50.200:7777] (../lib/sbi/context.c:507)
mar 20 10:14:46 ubuntu-GL503VD open5gs-udrd[3204]: 03/20 10:14:46.707: [dbi] WARNING: Failed to connect to server [mongodb://localhost/open5gs] (../lib/dbi/ogs-mongoc.c:122)
mar 20 10:14:46 ubuntu-GL503VD open5gs-udrd[3204]: 03/20 10:14:46.707: [app] WARNING: Failed to initialize UDR (../src/udr/app.c:28)
mar 20 10:14:46 ubuntu-GL503VD open5gs-udrd[3204]: DIGEST-MD5 common mech free
mar 20 10:14:46 ubuntu-GL503VD systemd[1]: open5gs-udrd.service: Deactivated successfully.
mar 20 10:14:48 ubuntu-GL503VD systemd[1]: open5gs-udrd.service: Scheduled restart job, restart counter is at 54.
mar 20 10:14:48 ubuntu-GL503VD systemd[1]: Stopped Open5GS UDR Daemon.
mar 20 10:14:48 ubuntu-GL503VD systemd[1]: Started Open5GS UDR Daemon.
mar 20 10:14:48 ubuntu-GL503VD open5gs-udrd[3443]: Open5GS daemon v2.7.6
mar 20 10:14:48 ubuntu-GL503VD open5gs-udrd[3443]: 03/20 10:14:48.954: [app] INFO: Configuration: '/etc/open5gs/udr.yaml' (../lib/app/ogs-init.c:144)
mar 20 10:14:48 ubuntu-GL503VD open5gs-udrd[3443]: 03/20 10:14:48.954: [app] INFO: File Logging: '/var/log/open5gs/udr.log' (../lib/app/ogs-init.c:147)
mar 20 10:14:48 ubuntu-GL503VD open5gs-udrd[3443]: 03/20 10:14:48.956: [sbi] INFO: Setup NF EndPoint(addr) [192.168.50.200:7777] (../lib/sbi/context.c:507)
mar 20 10:14:48 ubuntu-GL503VD open5gs-udrd[3443]: DIGEST-MD5 common mech free
mar 20 10:14:48 ubuntu-GL503VD open5gs-udrd[3443]: 03/20 10:14:48.957: [dbi] WARNING: Failed to connect to server [mongodb://localhost/open5gs] (../lib/dbi/ogs-mongoc.c:122)
mar 20 10:14:48 ubuntu-GL503VD open5gs-udrd[3443]: 03/20 10:14:48.957: [app] WARNING: Failed to initialize UDR (../src/udr/app.c:28)
mar 20 10:14:48 ubuntu-GL503VD systemd[1]: open5gs-udrd.service: Deactivated successfully.
mar 20 10:14:51 ubuntu-GL503VD systemd[1]: open5gs-udrd.service: Scheduled restart job, restart counter is at 55.
mar 20 10:14:51 ubuntu-GL503VD systemd[1]: Stopped Open5GS UDR Daemon.
mar 20 10:14:51 ubuntu-GL503VD systemd[1]: Started Open5GS UDR Daemon.
mar 20 10:14:51 ubuntu-GL503VD open5gs-udrd[3913]: Open5GS daemon v2.7.6
mar 20 10:14:51 ubuntu-GL503VD open5gs-udrd[3913]: 03/20 10:14:51.196: [app] INFO: Configuration: '/etc/open5gs/udr.yaml' (../lib/app/ogs-init.c:144)
mar 20 10:14:51 ubuntu-GL503VD open5gs-udrd[3913]: 03/20 10:14:51.196: [app] INFO: File Logging: '/var/log/open5gs/udr.log' (../lib/app/ogs-init.c:147)
mar 20 10:14:51 ubuntu-GL503VD open5gs-udrd[3913]: 03/20 10:14:51.198: [sbi] INFO: Setup NF EndPoint(addr) [192.168.50.200:7777] (../lib/sbi/context.c:507)
mar 20 10:14:51 ubuntu-GL503VD open5gs-udrd[3913]: 03/20 10:14:51.199: [dbi] INFO: MongoDB URI: 'mongodb://localhost/open5gs' (../lib/dbi/ogs-mongoc.c:130)
mar 20 10:14:51 ubuntu-GL503VD open5gs-udrd[3913]: 03/20 10:14:51.199: [sbi] INFO: NF Service [nudr-dr] (../lib/sbi/context.c:1994)
mar 20 10:14:51 ubuntu-GL503VD open5gs-udrd[3913]: 03/20 10:14:51.199: [sbi] INFO: nghttp2_server() [http://127.0.0.20]:7777 (../lib/sbi/nghttp2-server.c:439)
mar 20 10:14:51 ubuntu-GL503VD open5gs-udrd[3913]: 03/20 10:14:51.199: [app] INFO: UDR initialize...done (../src/udr/app.c:31)
mar 20 10:14:51 ubuntu-GL503VD open5gs-udrd[3913]: 03/20 10:14:51.200: [sbi] WARNING: Couldn't connect to server (7):  (../lib/sbi/client.c:757)
mar 20 10:14:51 ubuntu-GL503VD open5gs-udrd[3913]: 03/20 10:14:51.200: [sbi] WARNING: ogs_sbi_client_handler() failed [-1] (../lib/sbi/path.c:62)
mar 20 10:15:02 ubuntu-GL503VD open5gs-udrd[3913]: 03/20 10:15:02.210: [sbi] WARNING: [4015fb6e-243d-41f1-96f1-25b2a1b03f77] Retry registration with NRF (../lib/sbi/nf-sm.c:256)
mar 20 10:15:02 ubuntu-GL503VD open5gs-udrd[3913]: 03/20 10:15:02.210: [sbi] WARNING: Couldn't connect to server (7):  (../lib/sbi/client.c:757)
mar 20 10:15:02 ubuntu-GL503VD open5gs-udrd[3913]: 03/20 10:15:02.210: [sbi] WARNING: ogs_sbi_client_handler() failed [-1] (../lib/sbi/path.c:62)
mar 20 10:15:13 ubuntu-GL503VD open5gs-udrd[3913]: 03/20 10:15:13.222: [sbi] WARNING: [4015fb6e-243d-41f1-96f1-25b2a1b03f77] Retry registration with NRF (../lib/sbi/nf-sm.c:256)
mar 20 10:15:13 ubuntu-GL503VD open5gs-udrd[3913]: 03/20 10:15:13.222: [sbi] WARNING: Couldn't connect to server (7):  (../lib/sbi/client.c:757)
mar 20 10:15:13 ubuntu-GL503VD open5gs-udrd[3913]: 03/20 10:15:13.222: [sbi] WARNING: ogs_sbi_client_handler() failed [-1] (../lib/sbi/path.c:62)
mar 20 10:15:24 ubuntu-GL503VD open5gs-udrd[3913]: 03/20 10:15:24.233: [sbi] WARNING: [4015fb6e-243d-41f1-96f1-25b2a1b03f77] Retry registration with NRF (../lib/sbi/nf-sm.c:256)
mar 20 10:15:24 ubuntu-GL503VD open5gs-udrd[3913]: 03/20 10:15:24.233: [sbi] WARNING: Couldn't connect to server (7):  (../lib/sbi/client.c:757)
mar 20 10:15:24 ubuntu-GL503VD open5gs-udrd[3913]: 03/20 10:15:24.233: [sbi] WARNING: ogs_sbi_client_handler() failed [-1] (../lib/sbi/path.c:62)
mar 20 10:15:35 ubuntu-GL503VD open5gs-udrd[3913]: 03/20 10:15:35.244: [sbi] WARNING: [4015fb6e-243d-41f1-96f1-25b2a1b03f77] Retry registration with NRF (../lib/sbi/nf-sm.c:256)
mar 20 10:15:35 ubuntu-GL503VD open5gs-udrd[3913]: 03/20 10:15:35.244: [sbi] WARNING: Couldn't connect to server (7):  (../lib/sbi/client.c:757)
mar 20 10:15:35 ubuntu-GL503VD open5gs-udrd[3913]: 03/20 10:15:35.244: [sbi] WARNING: ogs_sbi_client_handler() failed [-1] (../lib/sbi/path.c:62)
mar 20 10:15:46 ubuntu-GL503VD open5gs-udrd[3913]: 03/20 10:15:46.255: [sbi] WARNING: [4015fb6e-243d-41f1-96f1-25b2a1b03f77] Retry registration with NRF (../lib/sbi/nf-sm.c:256)
mar 20 10:15:46 ubuntu-GL503VD open5gs-udrd[3913]: 03/20 10:15:46.255: [sbi] WARNING: Couldn't connect to server (7):  (../lib/sbi/client.c:757)
mar 20 10:15:46 ubuntu-GL503VD open5gs-udrd[3913]: 03/20 10:15:46.255: [sbi] WARNING: ogs_sbi_client_handler() failed [-1] (../lib/sbi/path.c:62)
mar 20 10:15:57 ubuntu-GL503VD open5gs-udrd[3913]: 03/20 10:15:57.267: [sbi] WARNING: [4015fb6e-243d-41f1-96f1-25b2a1b03f77] Retry registration with NRF (../lib/sbi/nf-sm.c:256)
mar 20 10:15:57 ubuntu-GL503VD open5gs-udrd[3913]: 03/20 10:15:57.267: [sbi] WARNING: Couldn't connect to server (7):  (../lib/sbi/client.c:757)
mar 20 10:15:57 ubuntu-GL503VD open5gs-udrd[3913]: 03/20 10:15:57.267: [sbi] WARNING: ogs_sbi_client_handler() failed [-1] (../lib/sbi/path.c:62)
mar 20 10:16:08 ubuntu-GL503VD open5gs-udrd[3913]: 03/20 10:16:08.278: [sbi] WARNING: [4015fb6e-243d-41f1-96f1-25b2a1b03f77] Retry registration with NRF (../lib/sbi/nf-sm.c:256)
mar 20 10:16:08 ubuntu-GL503VD open5gs-udrd[3913]: 03/20 10:16:08.278: [sbi] WARNING: Couldn't connect to server (7):  (../lib/sbi/client.c:757)
mar 20 10:16:08 ubuntu-GL503VD open5gs-udrd[3913]: 03/20 10:16:08.279: [sbi] WARNING: ogs_sbi_client_handler() failed [-1] (../lib/sbi/path.c:62)
mar 20 10:16:19 ubuntu-GL503VD open5gs-udrd[3913]: 03/20 10:16:19.290: [sbi] WARNING: [4015fb6e-243d-41f1-96f1-25b2a1b03f77] Retry registration with NRF (../lib/sbi/nf-sm.c:256)
mar 20 10:16:19 ubuntu-GL503VD open5gs-udrd[3913]: 03/20 10:16:19.290: [sbi] WARNING: Couldn't connect to server (7):  (../lib/sbi/client.c:757)
mar 20 10:16:19 ubuntu-GL503VD open5gs-udrd[3913]: 03/20 10:16:19.290: [sbi] WARNING: ogs_sbi_client_handler() failed [-1] (../lib/sbi/path.c:62)
mar 20 10:16:30 ubuntu-GL503VD open5gs-udrd[3913]: 03/20 10:16:30.297: [sbi] WARNING: [4015fb6e-243d-41f1-96f1-25b2a1b03f77] Retry registration with NRF (../lib/sbi/nf-sm.c:256)
mar 20 10:16:30 ubuntu-GL503VD open5gs-udrd[3913]: 03/20 10:16:30.298: [sbi] WARNING: Couldn't connect to server (7):  (../lib/sbi/client.c:757)
mar 20 10:16:30 ubuntu-GL503VD open5gs-udrd[3913]: 03/20 10:16:30.298: [sbi] WARNING: ogs_sbi_client_handler() failed [-1] (../lib/sbi/path.c:62)
mar 20 10:25:25 ubuntu-GL503VD open5gs-udrd[3913]: 03/20 10:25:25.961: [sbi] ERROR: [4015fb6e-243d-41f1-96f1-25b2a1b03f77] No heartbeat [type:UDR] (../lib/sbi/nf-sm.c:431)
mar 20 10:25:25 ubuntu-GL503VD open5gs-udrd[3913]: 03/20 10:25:25.961: [sbi] INFO: [4015fb6e-243d-41f1-96f1-25b2a1b03f77] NF de-registered (../lib/sbi/nf-sm.c:324)
mar 20 10:25:35 ubuntu-GL503VD open5gs-udrd[3913]: 03/20 10:25:35.975: [sbi] ERROR: Connection timer expired [METHOD:PATCH] (../lib/sbi/client.c:658)
mar 20 10:25:35 ubuntu-GL503VD open5gs-udrd[3913]: 03/20 10:25:35.975: [sbi] ERROR: Effective URL: http://192.168.50.200:7777/nnrf-nfm/v1/nf-instances/4015fb6e-243d-41f1-96f1-25b2a1b03f77 (../lib/sbi/client.c:662)
mar 20 10:25:35 ubuntu-GL503VD open5gs-udrd[3913]: 03/20 10:25:35.975: [sbi] WARNING: ogs_sbi_client_handler() failed [-3] (../lib/sbi/path.c:62)
mar 20 10:25:35 ubuntu-GL503VD open5gs-udrd[3913]: 03/20 10:25:35.990: [sbi] INFO: [4015fb6e-243d-41f1-96f1-25b2a1b03f77] NF registered [Heartbeat:10s] (../lib/sbi/nf-sm.c:295)
mar 20 10:25:35 ubuntu-GL503VD open5gs-udrd[3913]: 03/20 10:25:35.992: [sbi] INFO: Setup NF EndPoint(addr) [127.0.0.10:7777] (../lib/sbi/nnrf-handler.c:955)
mar 20 10:25:35 ubuntu-GL503VD open5gs-udrd[3913]: 03/20 10:25:35.992: [sbi] INFO: [c069cae2-243e-41f1-962e-b3a79f774b83] Subscription created until 2026-03-21T10:25:35.992738+01:00 [duration:86401000000,validity:86401.000000,patch:43200.500000] (../lib/sbi/nnrf-handler.c:874)
mar 20 10:25:35 ubuntu-GL503VD open5gs-udrd[3913]: 03/20 10:25:35.992: [core] ERROR: No item (../lib/sbi/custom/links.c:78)
mar 20 10:25:35 ubuntu-GL503VD open5gs-udrd[3913]: 03/20 10:25:35.992: [sbi] ERROR: JSON parse error (../lib/sbi/message.c:1525)
mar 20 10:25:35 ubuntu-GL503VD open5gs-udrd[3913]: 03/20 10:25:35.992: [sbi] ERROR: parse_content() failed (../lib/sbi/message.c:1086)
mar 20 10:25:35 ubuntu-GL503VD open5gs-udrd[3913]: 03/20 10:25:35.992: [udr] ERROR: cannot parse HTTP response (../src/udr/udr-sm.c:208)
mar 20 10:25:46 ubuntu-GL503VD open5gs-udrd[3913]: 03/20 10:25:46.991: [sbi] ERROR: [4015fb6e-243d-41f1-96f1-25b2a1b03f77] No heartbeat [type:UDR] (../lib/sbi/nf-sm.c:431)
mar 20 10:25:46 ubuntu-GL503VD open5gs-udrd[3913]: 03/20 10:25:46.991: [sbi] INFO: [4015fb6e-243d-41f1-96f1-25b2a1b03f77] NF de-registered (../lib/sbi/nf-sm.c:324)
mar 20 10:25:57 ubuntu-GL503VD open5gs-udrd[3913]: 03/20 10:25:57.010: [sbi] ERROR: Connection timer expired [METHOD:PATCH] (../lib/sbi/client.c:658)
mar 20 10:25:57 ubuntu-GL503VD open5gs-udrd[3913]: 03/20 10:25:57.010: [sbi] ERROR: Effective URL: http://192.168.50.200:7777/nnrf-nfm/v1/nf-instances/4015fb6e-243d-41f1-96f1-25b2a1b03f77 (../lib/sbi/client.c:662)
mar 20 10:25:57 ubuntu-GL503VD open5gs-udrd[3913]: 03/20 10:25:57.010: [sbi] WARNING: ogs_sbi_client_handler() failed [-3] (../lib/sbi/path.c:62)
mar 20 10:25:57 ubuntu-GL503VD open5gs-udrd[3913]: 03/20 10:25:57.993: [sbi] ERROR: Connection timer expired [METHOD:PUT] (../lib/sbi/client.c:658)
mar 20 10:25:57 ubuntu-GL503VD open5gs-udrd[3913]: 03/20 10:25:57.993: [sbi] ERROR: Effective URL: http://192.168.50.200:7777/nnrf-nfm/v1/nf-instances/4015fb6e-243d-41f1-96f1-25b2a1b03f77 (../lib/sbi/client.c:662)
mar 20 10:25:57 ubuntu-GL503VD open5gs-udrd[3913]: 03/20 10:25:57.993: [sbi] WARNING: ogs_sbi_client_handler() failed [-3] (../lib/sbi/path.c:62)
mar 20 10:25:57 ubuntu-GL503VD open5gs-udrd[3913]: 03/20 10:25:57.993: [sbi] WARNING: [4015fb6e-243d-41f1-96f1-25b2a1b03f77] Retry registration with NRF (../lib/sbi/nf-sm.c:256)
mar 20 10:25:58 ubuntu-GL503VD open5gs-udrd[3913]: 03/20 10:25:58.006: [sbi] INFO: [4015fb6e-243d-41f1-96f1-25b2a1b03f77] NF registered [Heartbeat:10s] (../lib/sbi/nf-sm.c:295)
mar 20 10:25:58 ubuntu-GL503VD open5gs-udrd[3913]: 03/20 10:25:58.010: [sbi] INFO: Setup NF EndPoint(addr) [127.0.0.10:7777] (../lib/sbi/nnrf-handler.c:955)
mar 20 10:25:58 ubuntu-GL503VD open5gs-udrd[3913]: 03/20 10:25:58.010: [sbi] INFO: [cd894d10-243e-41f1-962e-b3a79f774b83] Subscription created until 2026-03-21T10:25:58.009746+01:00 [duration:86400000000,validity:86400.000000,patch:43200.000000] (../lib/sbi/nnrf-handler.c:874)
mar 20 10:25:58 ubuntu-GL503VD open5gs-udrd[3913]: 03/20 10:25:58.013: [core] ERROR: No item (../lib/sbi/custom/links.c:78)
mar 20 10:25:58 ubuntu-GL503VD open5gs-udrd[3913]: 03/20 10:25:58.013: [sbi] ERROR: JSON parse error (../lib/sbi/message.c:1525)
mar 20 10:25:58 ubuntu-GL503VD open5gs-udrd[3913]: 03/20 10:25:58.013: [sbi] ERROR: parse_content() failed (../lib/sbi/message.c:1086)
mar 20 10:25:58 ubuntu-GL503VD open5gs-udrd[3913]: 03/20 10:25:58.013: [udr] ERROR: cannot parse HTTP response (../src/udr/udr-sm.c:208)
mar 20 10:26:19 ubuntu-GL503VD open5gs-udrd[3913]: 03/20 10:26:19.142: [sbi] ERROR: [4015fb6e-243d-41f1-96f1-25b2a1b03f77] No heartbeat [type:UDR] (../lib/sbi/nf-sm.c:431)
mar 20 10:26:19 ubuntu-GL503VD open5gs-udrd[3913]: 03/20 10:26:19.142: [sbi] INFO: [4015fb6e-243d-41f1-96f1-25b2a1b03f77] NF de-registered (../lib/sbi/nf-sm.c:324)
mar 20 10:26:29 ubuntu-GL503VD open5gs-udrd[3913]: 03/20 10:26:29.036: [sbi] ERROR: Connection timer expired [METHOD:PATCH] (../lib/sbi/client.c:658)
mar 20 10:26:29 ubuntu-GL503VD open5gs-udrd[3913]: 03/20 10:26:29.036: [sbi] ERROR: Effective URL: http://192.168.50.200:7777/nnrf-nfm/v1/nf-instances/4015fb6e-243d-41f1-96f1-25b2a1b03f77 (../lib/sbi/client.c:662)
mar 20 10:26:29 ubuntu-GL503VD open5gs-udrd[3913]: 03/20 10:26:29.036: [sbi] WARNING: ogs_sbi_client_handler() failed [-3] (../lib/sbi/path.c:62)
mar 20 10:26:29 ubuntu-GL503VD open5gs-udrd[3913]: 03/20 10:26:29.925: [app] INFO: SIGTERM received (../src/main.c:54)
mar 20 10:26:29 ubuntu-GL503VD open5gs-udrd[3913]: 03/20 10:26:29.925: [app] INFO: Open5GS daemon terminating... (../src/main.c:231)
mar 20 10:26:29 ubuntu-GL503VD open5gs-udrd[3913]: 03/20 10:26:29.940: [app] INFO: UDR terminate...done (../src/udr/app.c:39)
mar 20 10:26:29 ubuntu-GL503VD open5gs-udrd[3913]: DIGEST-MD5 common mech free
mar 20 10:26:29 ubuntu-GL503VD systemd[1]: Stopping Open5GS UDR Daemon...
mar 20 10:26:30 ubuntu-GL503VD systemd[1]: open5gs-udrd.service: Deactivated successfully.
mar 20 10:26:30 ubuntu-GL503VD systemd[1]: Stopped Open5GS UDR Daemon.
-- Boot 0d6c1fa310c54bb4894331eb17ffd05d --
mar 20 10:26:58 ubuntu-GL503VD systemd[1]: Started Open5GS UDR Daemon.
mar 20 10:26:59 ubuntu-GL503VD open5gs-udrd[756]: Open5GS daemon v2.7.6
mar 20 10:26:59 ubuntu-GL503VD open5gs-udrd[756]: 03/20 10:26:59.183: [app] INFO: Configuration: '/etc/open5gs/udr.yaml' (../lib/app/ogs-init.c:144)
mar 20 10:26:59 ubuntu-GL503VD open5gs-udrd[756]: 03/20 10:26:59.183: [app] INFO: File Logging: '/var/log/open5gs/udr.log' (../lib/app/ogs-init.c:147)
mar 20 10:26:59 ubuntu-GL503VD open5gs-udrd[756]: 03/20 10:26:59.185: [sbi] INFO: Setup NF EndPoint(addr) [192.168.50.200:7777] (../lib/sbi/context.c:507)
mar 20 10:26:59 ubuntu-GL503VD open5gs-udrd[756]: 03/20 10:26:59.197: [dbi] WARNING: Failed to connect to server [mongodb://localhost/open5gs] (../lib/dbi/ogs-mongoc.c:122)
mar 20 10:26:59 ubuntu-GL503VD open5gs-udrd[756]: 03/20 10:26:59.197: [app] WARNING: Failed to initialize UDR (../src/udr/app.c:28)
mar 20 10:26:59 ubuntu-GL503VD open5gs-udrd[756]: DIGEST-MD5 common mech free
mar 20 10:26:59 ubuntu-GL503VD systemd[1]: open5gs-udrd.service: Deactivated successfully.
mar 20 10:27:01 ubuntu-GL503VD systemd[1]: open5gs-udrd.service: Scheduled restart job, restart counter is at 1.
mar 20 10:27:01 ubuntu-GL503VD systemd[1]: Stopped Open5GS UDR Daemon.
mar 20 10:27:01 ubuntu-GL503VD systemd[1]: Started Open5GS UDR Daemon.
mar 20 10:27:01 ubuntu-GL503VD open5gs-udrd[1423]: Open5GS daemon v2.7.6
mar 20 10:27:01 ubuntu-GL503VD open5gs-udrd[1423]: 03/20 10:27:01.292: [app] INFO: Configuration: '/etc/open5gs/udr.yaml' (../lib/app/ogs-init.c:144)
mar 20 10:27:01 ubuntu-GL503VD open5gs-udrd[1423]: 03/20 10:27:01.292: [app] INFO: File Logging: '/var/log/open5gs/udr.log' (../lib/app/ogs-init.c:147)
mar 20 10:27:01 ubuntu-GL503VD open5gs-udrd[1423]: 03/20 10:27:01.294: [sbi] INFO: Setup NF EndPoint(addr) [192.168.50.200:7777] (../lib/sbi/context.c:507)
mar 20 10:27:01 ubuntu-GL503VD open5gs-udrd[1423]: 03/20 10:27:01.295: [dbi] WARNING: Failed to connect to server [mongodb://localhost/open5gs] (../lib/dbi/ogs-mongoc.c:122)
mar 20 10:27:01 ubuntu-GL503VD open5gs-udrd[1423]: 03/20 10:27:01.295: [app] WARNING: Failed to initialize UDR (../src/udr/app.c:28)
mar 20 10:27:01 ubuntu-GL503VD open5gs-udrd[1423]: DIGEST-MD5 common mech free
mar 20 10:27:01 ubuntu-GL503VD systemd[1]: open5gs-udrd.service: Deactivated successfully.
mar 20 10:27:03 ubuntu-GL503VD systemd[1]: open5gs-udrd.service: Scheduled restart job, restart counter is at 2.
mar 20 10:27:03 ubuntu-GL503VD systemd[1]: Stopped Open5GS UDR Daemon.
mar 20 10:27:03 ubuntu-GL503VD systemd[1]: Started Open5GS UDR Daemon.
mar 20 10:27:03 ubuntu-GL503VD open5gs-udrd[1647]: Open5GS daemon v2.7.6
mar 20 10:27:03 ubuntu-GL503VD open5gs-udrd[1647]: 03/20 10:27:03.407: [app] INFO: Configuration: '/etc/open5gs/udr.yaml' (../lib/app/ogs-init.c:144)
mar 20 10:27:03 ubuntu-GL503VD open5gs-udrd[1647]: 03/20 10:27:03.407: [app] INFO: File Logging: '/var/log/open5gs/udr.log' (../lib/app/ogs-init.c:147)
mar 20 10:27:03 ubuntu-GL503VD open5gs-udrd[1647]: 03/20 10:27:03.409: [sbi] INFO: Setup NF EndPoint(addr) [192.168.50.200:7777] (../lib/sbi/context.c:507)
mar 20 10:27:03 ubuntu-GL503VD open5gs-udrd[1647]: 03/20 10:27:03.409: [dbi] WARNING: Failed to connect to server [mongodb://localhost/open5gs] (../lib/dbi/ogs-mongoc.c:122)
mar 20 10:27:03 ubuntu-GL503VD open5gs-udrd[1647]: 03/20 10:27:03.409: [app] WARNING: Failed to initialize UDR (../src/udr/app.c:28)
mar 20 10:27:03 ubuntu-GL503VD open5gs-udrd[1647]: DIGEST-MD5 common mech free
mar 20 10:27:03 ubuntu-GL503VD systemd[1]: open5gs-udrd.service: Deactivated successfully.
mar 20 10:27:05 ubuntu-GL503VD systemd[1]: open5gs-udrd.service: Scheduled restart job, restart counter is at 3.
mar 20 10:27:05 ubuntu-GL503VD systemd[1]: Stopped Open5GS UDR Daemon.
mar 20 10:27:05 ubuntu-GL503VD systemd[1]: Started Open5GS UDR Daemon.
mar 20 10:27:05 ubuntu-GL503VD open5gs-udrd[1902]: Open5GS daemon v2.7.6
mar 20 10:27:05 ubuntu-GL503VD open5gs-udrd[1902]: 03/20 10:27:05.504: [app] INFO: Configuration: '/etc/open5gs/udr.yaml' (../lib/app/ogs-init.c:144)
mar 20 10:27:05 ubuntu-GL503VD open5gs-udrd[1902]: 03/20 10:27:05.504: [app] INFO: File Logging: '/var/log/open5gs/udr.log' (../lib/app/ogs-init.c:147)
mar 20 10:27:05 ubuntu-GL503VD open5gs-udrd[1902]: 03/20 10:27:05.506: [sbi] INFO: Setup NF EndPoint(addr) [192.168.50.200:7777] (../lib/sbi/context.c:507)
mar 20 10:27:05 ubuntu-GL503VD open5gs-udrd[1902]: 03/20 10:27:05.506: [dbi] WARNING: Failed to connect to server [mongodb://localhost/open5gs] (../lib/dbi/ogs-mongoc.c:122)
mar 20 10:27:05 ubuntu-GL503VD open5gs-udrd[1902]: 03/20 10:27:05.506: [app] WARNING: Failed to initialize UDR (../src/udr/app.c:28)
mar 20 10:27:05 ubuntu-GL503VD open5gs-udrd[1902]: DIGEST-MD5 common mech free
mar 20 10:27:05 ubuntu-GL503VD systemd[1]: open5gs-udrd.service: Deactivated successfully.
mar 20 10:27:07 ubuntu-GL503VD systemd[1]: open5gs-udrd.service: Scheduled restart job, restart counter is at 4.
mar 20 10:27:07 ubuntu-GL503VD systemd[1]: Stopped Open5GS UDR Daemon.
mar 20 10:27:07 ubuntu-GL503VD systemd[1]: Started Open5GS UDR Daemon.
mar 20 10:27:07 ubuntu-GL503VD open5gs-udrd[2248]: Open5GS daemon v2.7.6
mar 20 10:27:07 ubuntu-GL503VD open5gs-udrd[2248]: 03/20 10:27:07.568: [app] INFO: Configuration: '/etc/open5gs/udr.yaml' (../lib/app/ogs-init.c:144)
mar 20 10:27:07 ubuntu-GL503VD open5gs-udrd[2248]: 03/20 10:27:07.568: [app] INFO: File Logging: '/var/log/open5gs/udr.log' (../lib/app/ogs-init.c:147)
mar 20 10:27:07 ubuntu-GL503VD open5gs-udrd[2248]: 03/20 10:27:07.573: [sbi] INFO: Setup NF EndPoint(addr) [192.168.50.200:7777] (../lib/sbi/context.c:507)
mar 20 10:27:07 ubuntu-GL503VD open5gs-udrd[2248]: 03/20 10:27:07.574: [dbi] WARNING: Failed to connect to server [mongodb://localhost/open5gs] (../lib/dbi/ogs-mongoc.c:122)
mar 20 10:27:07 ubuntu-GL503VD open5gs-udrd[2248]: 03/20 10:27:07.574: [app] WARNING: Failed to initialize UDR (../src/udr/app.c:28)
mar 20 10:27:07 ubuntu-GL503VD open5gs-udrd[2248]: DIGEST-MD5 common mech free
mar 20 10:27:07 ubuntu-GL503VD systemd[1]: open5gs-udrd.service: Deactivated successfully.
mar 20 10:27:09 ubuntu-GL503VD systemd[1]: open5gs-udrd.service: Scheduled restart job, restart counter is at 5.
mar 20 10:27:09 ubuntu-GL503VD systemd[1]: Stopped Open5GS UDR Daemon.
mar 20 10:27:09 ubuntu-GL503VD systemd[1]: Started Open5GS UDR Daemon.
mar 20 10:27:09 ubuntu-GL503VD open5gs-udrd[2538]: Open5GS daemon v2.7.6
mar 20 10:27:09 ubuntu-GL503VD open5gs-udrd[2538]: 03/20 10:27:09.597: [app] INFO: Configuration: '/etc/open5gs/udr.yaml' (../lib/app/ogs-init.c:144)
mar 20 10:27:09 ubuntu-GL503VD open5gs-udrd[2538]: 03/20 10:27:09.597: [app] INFO: File Logging: '/var/log/open5gs/udr.log' (../lib/app/ogs-init.c:147)
mar 20 10:27:09 ubuntu-GL503VD open5gs-udrd[2538]: 03/20 10:27:09.599: [sbi] INFO: Setup NF EndPoint(addr) [192.168.50.200:7777] (../lib/sbi/context.c:507)
mar 20 10:27:09 ubuntu-GL503VD open5gs-udrd[2538]: 03/20 10:27:09.600: [dbi] WARNING: Failed to connect to server [mongodb://localhost/open5gs] (../lib/dbi/ogs-mongoc.c:122)
mar 20 10:27:09 ubuntu-GL503VD open5gs-udrd[2538]: 03/20 10:27:09.600: [app] WARNING: Failed to initialize UDR (../src/udr/app.c:28)
mar 20 10:27:09 ubuntu-GL503VD open5gs-udrd[2538]: DIGEST-MD5 common mech free
mar 20 10:27:09 ubuntu-GL503VD systemd[1]: open5gs-udrd.service: Deactivated successfully.
mar 20 10:27:11 ubuntu-GL503VD systemd[1]: open5gs-udrd.service: Scheduled restart job, restart counter is at 6.
mar 20 10:27:11 ubuntu-GL503VD systemd[1]: Stopped Open5GS UDR Daemon.
mar 20 10:27:11 ubuntu-GL503VD systemd[1]: Started Open5GS UDR Daemon.
mar 20 10:27:11 ubuntu-GL503VD open5gs-udrd[2582]: Open5GS daemon v2.7.6
mar 20 10:27:11 ubuntu-GL503VD open5gs-udrd[2582]: 03/20 10:27:11.885: [app] INFO: Configuration: '/etc/open5gs/udr.yaml' (../lib/app/ogs-init.c:144)
mar 20 10:27:11 ubuntu-GL503VD open5gs-udrd[2582]: 03/20 10:27:11.885: [app] INFO: File Logging: '/var/log/open5gs/udr.log' (../lib/app/ogs-init.c:147)
mar 20 10:27:11 ubuntu-GL503VD open5gs-udrd[2582]: 03/20 10:27:11.887: [sbi] INFO: Setup NF EndPoint(addr) [192.168.50.200:7777] (../lib/sbi/context.c:507)
mar 20 10:27:11 ubuntu-GL503VD open5gs-udrd[2582]: 03/20 10:27:11.887: [dbi] WARNING: Failed to connect to server [mongodb://localhost/open5gs] (../lib/dbi/ogs-mongoc.c:122)
mar 20 10:27:11 ubuntu-GL503VD open5gs-udrd[2582]: 03/20 10:27:11.887: [app] WARNING: Failed to initialize UDR (../src/udr/app.c:28)
mar 20 10:27:11 ubuntu-GL503VD open5gs-udrd[2582]: DIGEST-MD5 common mech free
mar 20 10:27:11 ubuntu-GL503VD systemd[1]: open5gs-udrd.service: Deactivated successfully.
mar 20 10:27:14 ubuntu-GL503VD systemd[1]: open5gs-udrd.service: Scheduled restart job, restart counter is at 7.
mar 20 10:27:14 ubuntu-GL503VD systemd[1]: Stopped Open5GS UDR Daemon.
mar 20 10:27:14 ubuntu-GL503VD systemd[1]: Started Open5GS UDR Daemon.
mar 20 10:27:14 ubuntu-GL503VD open5gs-udrd[2631]: Open5GS daemon v2.7.6
mar 20 10:27:14 ubuntu-GL503VD open5gs-udrd[2631]: 03/20 10:27:14.158: [app] INFO: Configuration: '/etc/open5gs/udr.yaml' (../lib/app/ogs-init.c:144)
mar 20 10:27:14 ubuntu-GL503VD open5gs-udrd[2631]: 03/20 10:27:14.158: [app] INFO: File Logging: '/var/log/open5gs/udr.log' (../lib/app/ogs-init.c:147)
mar 20 10:27:14 ubuntu-GL503VD open5gs-udrd[2631]: 03/20 10:27:14.160: [sbi] INFO: Setup NF EndPoint(addr) [192.168.50.200:7777] (../lib/sbi/context.c:507)
mar 20 10:27:14 ubuntu-GL503VD open5gs-udrd[2631]: 03/20 10:27:14.160: [dbi] WARNING: Failed to connect to server [mongodb://localhost/open5gs] (../lib/dbi/ogs-mongoc.c:122)
mar 20 10:27:14 ubuntu-GL503VD open5gs-udrd[2631]: 03/20 10:27:14.160: [app] WARNING: Failed to initialize UDR (../src/udr/app.c:28)
mar 20 10:27:14 ubuntu-GL503VD open5gs-udrd[2631]: DIGEST-MD5 common mech free
mar 20 10:27:14 ubuntu-GL503VD systemd[1]: open5gs-udrd.service: Deactivated successfully.
mar 20 10:27:16 ubuntu-GL503VD systemd[1]: open5gs-udrd.service: Scheduled restart job, restart counter is at 8.
mar 20 10:27:16 ubuntu-GL503VD systemd[1]: Stopped Open5GS UDR Daemon.
mar 20 10:27:16 ubuntu-GL503VD systemd[1]: Started Open5GS UDR Daemon.
mar 20 10:27:16 ubuntu-GL503VD open5gs-udrd[2676]: Open5GS daemon v2.7.6
mar 20 10:27:16 ubuntu-GL503VD open5gs-udrd[2676]: 03/20 10:27:16.437: [app] INFO: Configuration: '/etc/open5gs/udr.yaml' (../lib/app/ogs-init.c:144)
mar 20 10:27:16 ubuntu-GL503VD open5gs-udrd[2676]: 03/20 10:27:16.437: [app] INFO: File Logging: '/var/log/open5gs/udr.log' (../lib/app/ogs-init.c:147)
mar 20 10:27:16 ubuntu-GL503VD open5gs-udrd[2676]: 03/20 10:27:16.439: [sbi] INFO: Setup NF EndPoint(addr) [192.168.50.200:7777] (../lib/sbi/context.c:507)
mar 20 10:27:16 ubuntu-GL503VD open5gs-udrd[2676]: DIGEST-MD5 common mech free
mar 20 10:27:16 ubuntu-GL503VD open5gs-udrd[2676]: 03/20 10:27:16.440: [dbi] WARNING: Failed to connect to server [mongodb://localhost/open5gs] (../lib/dbi/ogs-mongoc.c:122)
mar 20 10:27:16 ubuntu-GL503VD open5gs-udrd[2676]: 03/20 10:27:16.440: [app] WARNING: Failed to initialize UDR (../src/udr/app.c:28)
mar 20 10:27:16 ubuntu-GL503VD systemd[1]: open5gs-udrd.service: Deactivated successfully.
mar 20 10:27:18 ubuntu-GL503VD systemd[1]: open5gs-udrd.service: Scheduled restart job, restart counter is at 9.
mar 20 10:27:18 ubuntu-GL503VD systemd[1]: Stopped Open5GS UDR Daemon.
mar 20 10:27:18 ubuntu-GL503VD systemd[1]: Started Open5GS UDR Daemon.
mar 20 10:27:18 ubuntu-GL503VD open5gs-udrd[2684]: Open5GS daemon v2.7.6
mar 20 10:27:18 ubuntu-GL503VD open5gs-udrd[2684]: 03/20 10:27:18.714: [app] INFO: Configuration: '/etc/open5gs/udr.yaml' (../lib/app/ogs-init.c:144)
mar 20 10:27:18 ubuntu-GL503VD open5gs-udrd[2684]: 03/20 10:27:18.714: [app] INFO: File Logging: '/var/log/open5gs/udr.log' (../lib/app/ogs-init.c:147)
mar 20 10:27:18 ubuntu-GL503VD open5gs-udrd[2684]: 03/20 10:27:18.716: [sbi] INFO: Setup NF EndPoint(addr) [192.168.50.200:7777] (../lib/sbi/context.c:507)
mar 20 10:27:18 ubuntu-GL503VD open5gs-udrd[2684]: 03/20 10:27:18.716: [dbi] WARNING: Failed to connect to server [mongodb://localhost/open5gs] (../lib/dbi/ogs-mongoc.c:122)
mar 20 10:27:18 ubuntu-GL503VD open5gs-udrd[2684]: 03/20 10:27:18.716: [app] WARNING: Failed to initialize UDR (../src/udr/app.c:28)
mar 20 10:27:18 ubuntu-GL503VD open5gs-udrd[2684]: DIGEST-MD5 common mech free
mar 20 10:27:18 ubuntu-GL503VD systemd[1]: open5gs-udrd.service: Deactivated successfully.
mar 20 10:27:20 ubuntu-GL503VD systemd[1]: open5gs-udrd.service: Scheduled restart job, restart counter is at 10.
mar 20 10:27:20 ubuntu-GL503VD systemd[1]: Stopped Open5GS UDR Daemon.
mar 20 10:27:20 ubuntu-GL503VD systemd[1]: Started Open5GS UDR Daemon.
mar 20 10:27:20 ubuntu-GL503VD open5gs-udrd[2699]: Open5GS daemon v2.7.6
mar 20 10:27:20 ubuntu-GL503VD open5gs-udrd[2699]: 03/20 10:27:20.997: [app] INFO: Configuration: '/etc/open5gs/udr.yaml' (../lib/app/ogs-init.c:144)
mar 20 10:27:20 ubuntu-GL503VD open5gs-udrd[2699]: 03/20 10:27:20.997: [app] INFO: File Logging: '/var/log/open5gs/udr.log' (../lib/app/ogs-init.c:147)
mar 20 10:27:20 ubuntu-GL503VD open5gs-udrd[2699]: 03/20 10:27:20.999: [sbi] INFO: Setup NF EndPoint(addr) [192.168.50.200:7777] (../lib/sbi/context.c:507)
mar 20 10:27:20 ubuntu-GL503VD open5gs-udrd[2699]: 03/20 10:27:20.999: [dbi] WARNING: Failed to connect to server [mongodb://localhost/open5gs] (../lib/dbi/ogs-mongoc.c:122)
mar 20 10:27:20 ubuntu-GL503VD open5gs-udrd[2699]: 03/20 10:27:20.999: [app] WARNING: Failed to initialize UDR (../src/udr/app.c:28)
mar 20 10:27:20 ubuntu-GL503VD open5gs-udrd[2699]: DIGEST-MD5 common mech free
mar 20 10:27:21 ubuntu-GL503VD systemd[1]: open5gs-udrd.service: Deactivated successfully.
mar 20 10:27:23 ubuntu-GL503VD systemd[1]: open5gs-udrd.service: Scheduled restart job, restart counter is at 11.
mar 20 10:27:23 ubuntu-GL503VD systemd[1]: Stopped Open5GS UDR Daemon.
mar 20 10:27:23 ubuntu-GL503VD systemd[1]: Started Open5GS UDR Daemon.
mar 20 10:27:23 ubuntu-GL503VD open5gs-udrd[2705]: Open5GS daemon v2.7.6
mar 20 10:27:23 ubuntu-GL503VD open5gs-udrd[2705]: 03/20 10:27:23.044: [app] INFO: Configuration: '/etc/open5gs/udr.yaml' (../lib/app/ogs-init.c:144)
mar 20 10:27:23 ubuntu-GL503VD open5gs-udrd[2705]: 03/20 10:27:23.044: [app] INFO: File Logging: '/var/log/open5gs/udr.log' (../lib/app/ogs-init.c:147)
mar 20 10:27:23 ubuntu-GL503VD open5gs-udrd[2705]: 03/20 10:27:23.046: [sbi] INFO: Setup NF EndPoint(addr) [192.168.50.200:7777] (../lib/sbi/context.c:507)
mar 20 10:27:23 ubuntu-GL503VD open5gs-udrd[2705]: 03/20 10:27:23.046: [dbi] WARNING: Failed to connect to server [mongodb://localhost/open5gs] (../lib/dbi/ogs-mongoc.c:122)
mar 20 10:27:23 ubuntu-GL503VD open5gs-udrd[2705]: 03/20 10:27:23.046: [app] WARNING: Failed to initialize UDR (../src/udr/app.c:28)
mar 20 10:27:23 ubuntu-GL503VD open5gs-udrd[2705]: DIGEST-MD5 common mech free
mar 20 10:27:23 ubuntu-GL503VD systemd[1]: open5gs-udrd.service: Deactivated successfully.
mar 20 10:27:25 ubuntu-GL503VD systemd[1]: open5gs-udrd.service: Scheduled restart job, restart counter is at 12.
mar 20 10:27:25 ubuntu-GL503VD systemd[1]: Stopped Open5GS UDR Daemon.
mar 20 10:27:25 ubuntu-GL503VD systemd[1]: Started Open5GS UDR Daemon.
mar 20 10:27:25 ubuntu-GL503VD open5gs-udrd[2721]: Open5GS daemon v2.7.6
mar 20 10:27:25 ubuntu-GL503VD open5gs-udrd[2721]: 03/20 10:27:25.315: [app] INFO: Configuration: '/etc/open5gs/udr.yaml' (../lib/app/ogs-init.c:144)
mar 20 10:27:25 ubuntu-GL503VD open5gs-udrd[2721]: 03/20 10:27:25.315: [app] INFO: File Logging: '/var/log/open5gs/udr.log' (../lib/app/ogs-init.c:147)
mar 20 10:27:25 ubuntu-GL503VD open5gs-udrd[2721]: 03/20 10:27:25.317: [sbi] INFO: Setup NF EndPoint(addr) [192.168.50.200:7777] (../lib/sbi/context.c:507)
mar 20 10:27:25 ubuntu-GL503VD open5gs-udrd[2721]: 03/20 10:27:25.317: [dbi] WARNING: Failed to connect to server [mongodb://localhost/open5gs] (../lib/dbi/ogs-mongoc.c:122)
mar 20 10:27:25 ubuntu-GL503VD open5gs-udrd[2721]: 03/20 10:27:25.317: [app] WARNING: Failed to initialize UDR (../src/udr/app.c:28)
mar 20 10:27:25 ubuntu-GL503VD open5gs-udrd[2721]: DIGEST-MD5 common mech free
mar 20 10:27:25 ubuntu-GL503VD systemd[1]: open5gs-udrd.service: Deactivated successfully.
mar 20 10:27:27 ubuntu-GL503VD systemd[1]: open5gs-udrd.service: Scheduled restart job, restart counter is at 13.
mar 20 10:27:27 ubuntu-GL503VD systemd[1]: Stopped Open5GS UDR Daemon.
mar 20 10:27:27 ubuntu-GL503VD systemd[1]: Started Open5GS UDR Daemon.
mar 20 10:27:27 ubuntu-GL503VD open5gs-udrd[2733]: Open5GS daemon v2.7.6
mar 20 10:27:27 ubuntu-GL503VD open5gs-udrd[2733]: 03/20 10:27:27.585: [app] INFO: Configuration: '/etc/open5gs/udr.yaml' (../lib/app/ogs-init.c:144)
mar 20 10:27:27 ubuntu-GL503VD open5gs-udrd[2733]: 03/20 10:27:27.585: [app] INFO: File Logging: '/var/log/open5gs/udr.log' (../lib/app/ogs-init.c:147)
mar 20 10:27:27 ubuntu-GL503VD open5gs-udrd[2733]: 03/20 10:27:27.587: [sbi] INFO: Setup NF EndPoint(addr) [192.168.50.200:7777] (../lib/sbi/context.c:507)
mar 20 10:27:27 ubuntu-GL503VD open5gs-udrd[2733]: 03/20 10:27:27.588: [dbi] WARNING: Failed to connect to server [mongodb://localhost/open5gs] (../lib/dbi/ogs-mongoc.c:122)
mar 20 10:27:27 ubuntu-GL503VD open5gs-udrd[2733]: 03/20 10:27:27.588: [app] WARNING: Failed to initialize UDR (../src/udr/app.c:28)
mar 20 10:27:27 ubuntu-GL503VD open5gs-udrd[2733]: DIGEST-MD5 common mech free
mar 20 10:27:27 ubuntu-GL503VD systemd[1]: open5gs-udrd.service: Deactivated successfully.
mar 20 10:27:27 ubuntu-GL503VD systemd[1]: Stopped Open5GS UDR Daemon.
-- Boot f831db6b34f64285849203987205fc77 --
mar 20 10:28:16 ubuntu-GL503VD systemd[1]: Started Open5GS UDR Daemon.
mar 20 10:28:17 ubuntu-GL503VD open5gs-udrd[736]: Open5GS daemon v2.7.6
mar 20 10:28:17 ubuntu-GL503VD open5gs-udrd[736]: 03/20 10:28:17.165: [app] INFO: Configuration: '/etc/open5gs/udr.yaml' (../lib/app/ogs-init.c:144)
mar 20 10:28:17 ubuntu-GL503VD open5gs-udrd[736]: 03/20 10:28:17.165: [app] INFO: File Logging: '/var/log/open5gs/udr.log' (../lib/app/ogs-init.c:147)
mar 20 10:28:17 ubuntu-GL503VD open5gs-udrd[736]: 03/20 10:28:17.167: [sbi] INFO: Setup NF EndPoint(addr) [192.168.50.200:7777] (../lib/sbi/context.c:507)
mar 20 10:28:17 ubuntu-GL503VD open5gs-udrd[736]: 03/20 10:28:17.170: [dbi] WARNING: Failed to connect to server [mongodb://localhost/open5gs] (../lib/dbi/ogs-mongoc.c:122)
mar 20 10:28:17 ubuntu-GL503VD open5gs-udrd[736]: 03/20 10:28:17.170: [app] WARNING: Failed to initialize UDR (../src/udr/app.c:28)
mar 20 10:28:17 ubuntu-GL503VD open5gs-udrd[736]: DIGEST-MD5 common mech free
mar 20 10:28:17 ubuntu-GL503VD systemd[1]: open5gs-udrd.service: Deactivated successfully.
mar 20 10:28:19 ubuntu-GL503VD systemd[1]: open5gs-udrd.service: Scheduled restart job, restart counter is at 1.
mar 20 10:28:19 ubuntu-GL503VD systemd[1]: Stopped Open5GS UDR Daemon.
mar 20 10:28:19 ubuntu-GL503VD systemd[1]: Started Open5GS UDR Daemon.
mar 20 10:28:19 ubuntu-GL503VD open5gs-udrd[1410]: Open5GS daemon v2.7.6
mar 20 10:28:19 ubuntu-GL503VD open5gs-udrd[1410]: 03/20 10:28:19.232: [app] INFO: Configuration: '/etc/open5gs/udr.yaml' (../lib/app/ogs-init.c:144)
mar 20 10:28:19 ubuntu-GL503VD open5gs-udrd[1410]: 03/20 10:28:19.232: [app] INFO: File Logging: '/var/log/open5gs/udr.log' (../lib/app/ogs-init.c:147)
mar 20 10:28:19 ubuntu-GL503VD open5gs-udrd[1410]: 03/20 10:28:19.234: [sbi] INFO: Setup NF EndPoint(addr) [192.168.50.200:7777] (../lib/sbi/context.c:507)
mar 20 10:28:19 ubuntu-GL503VD open5gs-udrd[1410]: 03/20 10:28:19.235: [dbi] WARNING: Failed to connect to server [mongodb://localhost/open5gs] (../lib/dbi/ogs-mongoc.c:122)
mar 20 10:28:19 ubuntu-GL503VD open5gs-udrd[1410]: 03/20 10:28:19.235: [app] WARNING: Failed to initialize UDR (../src/udr/app.c:28)
mar 20 10:28:19 ubuntu-GL503VD open5gs-udrd[1410]: DIGEST-MD5 common mech free
mar 20 10:28:19 ubuntu-GL503VD systemd[1]: open5gs-udrd.service: Deactivated successfully.
mar 20 10:28:21 ubuntu-GL503VD systemd[1]: open5gs-udrd.service: Scheduled restart job, restart counter is at 2.
mar 20 10:28:21 ubuntu-GL503VD systemd[1]: Stopped Open5GS UDR Daemon.
mar 20 10:28:21 ubuntu-GL503VD systemd[1]: Started Open5GS UDR Daemon.
mar 20 10:28:21 ubuntu-GL503VD open5gs-udrd[1717]: Open5GS daemon v2.7.6
mar 20 10:28:21 ubuntu-GL503VD open5gs-udrd[1717]: 03/20 10:28:21.499: [app] INFO: Configuration: '/etc/open5gs/udr.yaml' (../lib/app/ogs-init.c:144)
mar 20 10:28:21 ubuntu-GL503VD open5gs-udrd[1717]: 03/20 10:28:21.499: [app] INFO: File Logging: '/var/log/open5gs/udr.log' (../lib/app/ogs-init.c:147)
mar 20 10:28:21 ubuntu-GL503VD open5gs-udrd[1717]: 03/20 10:28:21.501: [sbi] INFO: Setup NF EndPoint(addr) [192.168.50.200:7777] (../lib/sbi/context.c:507)
mar 20 10:28:21 ubuntu-GL503VD open5gs-udrd[1717]: 03/20 10:28:21.501: [dbi] WARNING: Failed to connect to server [mongodb://localhost/open5gs] (../lib/dbi/ogs-mongoc.c:122)
mar 20 10:28:21 ubuntu-GL503VD open5gs-udrd[1717]: 03/20 10:28:21.501: [app] WARNING: Failed to initialize UDR (../src/udr/app.c:28)
mar 20 10:28:21 ubuntu-GL503VD open5gs-udrd[1717]: DIGEST-MD5 common mech free
mar 20 10:28:21 ubuntu-GL503VD systemd[1]: open5gs-udrd.service: Deactivated successfully.
mar 20 10:28:23 ubuntu-GL503VD systemd[1]: open5gs-udrd.service: Scheduled restart job, restart counter is at 3.
mar 20 10:28:23 ubuntu-GL503VD systemd[1]: Stopped Open5GS UDR Daemon.
mar 20 10:28:23 ubuntu-GL503VD systemd[1]: Started Open5GS UDR Daemon.
mar 20 10:28:23 ubuntu-GL503VD systemd[1]: open5gs-udrd.service: Deactivated successfully.
mar 20 10:28:25 ubuntu-GL503VD systemd[1]: open5gs-udrd.service: Scheduled restart job, restart counter is at 4.
mar 20 10:28:25 ubuntu-GL503VD systemd[1]: Stopped Open5GS UDR Daemon.
mar 20 10:28:25 ubuntu-GL503VD systemd[1]: Started Open5GS UDR Daemon.
mar 20 10:28:25 ubuntu-GL503VD open5gs-udrd[2541]: Open5GS daemon v2.7.6
mar 20 10:28:25 ubuntu-GL503VD open5gs-udrd[2541]: 03/20 10:28:25.828: [app] INFO: Configuration: '/etc/open5gs/udr.yaml' (../lib/app/ogs-init.c:144)
mar 20 10:28:25 ubuntu-GL503VD open5gs-udrd[2541]: 03/20 10:28:25.828: [app] INFO: File Logging: '/var/log/open5gs/udr.log' (../lib/app/ogs-init.c:147)
mar 20 10:28:25 ubuntu-GL503VD open5gs-udrd[2541]: 03/20 10:28:25.831: [sbi] INFO: Setup NF EndPoint(addr) [192.168.50.200:7777] (../lib/sbi/context.c:507)
mar 20 10:28:25 ubuntu-GL503VD open5gs-udrd[2541]: 03/20 10:28:25.831: [dbi] WARNING: Failed to connect to server [mongodb://localhost/open5gs] (../lib/dbi/ogs-mongoc.c:122)
mar 20 10:28:25 ubuntu-GL503VD open5gs-udrd[2541]: 03/20 10:28:25.831: [app] WARNING: Failed to initialize UDR (../src/udr/app.c:28)
mar 20 10:28:25 ubuntu-GL503VD open5gs-udrd[2541]: DIGEST-MD5 common mech free
mar 20 10:28:25 ubuntu-GL503VD systemd[1]: open5gs-udrd.service: Deactivated successfully.
mar 20 10:28:28 ubuntu-GL503VD systemd[1]: open5gs-udrd.service: Scheduled restart job, restart counter is at 5.
mar 20 10:28:28 ubuntu-GL503VD systemd[1]: Stopped Open5GS UDR Daemon.
mar 20 10:28:28 ubuntu-GL503VD systemd[1]: Started Open5GS UDR Daemon.
mar 20 10:28:28 ubuntu-GL503VD open5gs-udrd[2665]: Open5GS daemon v2.7.6
mar 20 10:28:28 ubuntu-GL503VD open5gs-udrd[2665]: 03/20 10:28:28.106: [app] INFO: Configuration: '/etc/open5gs/udr.yaml' (../lib/app/ogs-init.c:144)
mar 20 10:28:28 ubuntu-GL503VD open5gs-udrd[2665]: 03/20 10:28:28.106: [app] INFO: File Logging: '/var/log/open5gs/udr.log' (../lib/app/ogs-init.c:147)
mar 20 10:28:28 ubuntu-GL503VD open5gs-udrd[2665]: 03/20 10:28:28.108: [sbi] INFO: Setup NF EndPoint(addr) [192.168.50.200:7777] (../lib/sbi/context.c:507)
mar 20 10:28:28 ubuntu-GL503VD open5gs-udrd[2665]: DIGEST-MD5 common mech free
mar 20 10:28:28 ubuntu-GL503VD open5gs-udrd[2665]: 03/20 10:28:28.108: [dbi] WARNING: Failed to connect to server [mongodb://localhost/open5gs] (../lib/dbi/ogs-mongoc.c:122)
mar 20 10:28:28 ubuntu-GL503VD open5gs-udrd[2665]: 03/20 10:28:28.108: [app] WARNING: Failed to initialize UDR (../src/udr/app.c:28)
mar 20 10:28:28 ubuntu-GL503VD systemd[1]: open5gs-udrd.service: Deactivated successfully.
mar 20 10:28:30 ubuntu-GL503VD systemd[1]: open5gs-udrd.service: Scheduled restart job, restart counter is at 6.
mar 20 10:28:30 ubuntu-GL503VD systemd[1]: Stopped Open5GS UDR Daemon.
mar 20 10:28:30 ubuntu-GL503VD systemd[1]: Started Open5GS UDR Daemon.
mar 20 10:28:30 ubuntu-GL503VD open5gs-udrd[2680]: Open5GS daemon v2.7.6
mar 20 10:28:30 ubuntu-GL503VD open5gs-udrd[2680]: 03/20 10:28:30.164: [app] INFO: Configuration: '/etc/open5gs/udr.yaml' (../lib/app/ogs-init.c:144)
mar 20 10:28:30 ubuntu-GL503VD open5gs-udrd[2680]: 03/20 10:28:30.164: [app] INFO: File Logging: '/var/log/open5gs/udr.log' (../lib/app/ogs-init.c:147)
mar 20 10:28:30 ubuntu-GL503VD open5gs-udrd[2680]: 03/20 10:28:30.166: [sbi] INFO: Setup NF EndPoint(addr) [192.168.50.200:7777] (../lib/sbi/context.c:507)
mar 20 10:28:30 ubuntu-GL503VD open5gs-udrd[2680]: 03/20 10:28:30.167: [dbi] WARNING: Failed to connect to server [mongodb://localhost/open5gs] (../lib/dbi/ogs-mongoc.c:122)
mar 20 10:28:30 ubuntu-GL503VD open5gs-udrd[2680]: 03/20 10:28:30.167: [app] WARNING: Failed to initialize UDR (../src/udr/app.c:28)
mar 20 10:28:30 ubuntu-GL503VD open5gs-udrd[2680]: DIGEST-MD5 common mech free
mar 20 10:28:30 ubuntu-GL503VD systemd[1]: open5gs-udrd.service: Deactivated successfully.
mar 20 10:28:32 ubuntu-GL503VD systemd[1]: open5gs-udrd.service: Scheduled restart job, restart counter is at 7.
mar 20 10:28:32 ubuntu-GL503VD systemd[1]: Stopped Open5GS UDR Daemon.
mar 20 10:28:32 ubuntu-GL503VD systemd[1]: Started Open5GS UDR Daemon.
mar 20 10:28:32 ubuntu-GL503VD open5gs-udrd[2686]: Open5GS daemon v2.7.6
mar 20 10:28:32 ubuntu-GL503VD open5gs-udrd[2686]: 03/20 10:28:32.416: [app] INFO: Configuration: '/etc/open5gs/udr.yaml' (../lib/app/ogs-init.c:144)
mar 20 10:28:32 ubuntu-GL503VD open5gs-udrd[2686]: 03/20 10:28:32.416: [app] INFO: File Logging: '/var/log/open5gs/udr.log' (../lib/app/ogs-init.c:147)
mar 20 10:28:32 ubuntu-GL503VD open5gs-udrd[2686]: 03/20 10:28:32.418: [sbi] INFO: Setup NF EndPoint(addr) [192.168.50.200:7777] (../lib/sbi/context.c:507)
mar 20 10:28:32 ubuntu-GL503VD open5gs-udrd[2686]: 03/20 10:28:32.419: [dbi] WARNING: Failed to connect to server [mongodb://localhost/open5gs] (../lib/dbi/ogs-mongoc.c:122)
mar 20 10:28:32 ubuntu-GL503VD open5gs-udrd[2686]: 03/20 10:28:32.419: [app] WARNING: Failed to initialize UDR (../src/udr/app.c:28)
mar 20 10:28:32 ubuntu-GL503VD open5gs-udrd[2686]: DIGEST-MD5 common mech free
mar 20 10:28:32 ubuntu-GL503VD systemd[1]: open5gs-udrd.service: Deactivated successfully.
mar 20 10:28:34 ubuntu-GL503VD systemd[1]: open5gs-udrd.service: Scheduled restart job, restart counter is at 8.
mar 20 10:28:34 ubuntu-GL503VD systemd[1]: Stopped Open5GS UDR Daemon.
mar 20 10:28:34 ubuntu-GL503VD systemd[1]: Started Open5GS UDR Daemon.
mar 20 10:28:34 ubuntu-GL503VD open5gs-udrd[2699]: Open5GS daemon v2.7.6
mar 20 10:28:34 ubuntu-GL503VD open5gs-udrd[2699]: 03/20 10:28:34.669: [app] INFO: Configuration: '/etc/open5gs/udr.yaml' (../lib/app/ogs-init.c:144)
mar 20 10:28:34 ubuntu-GL503VD open5gs-udrd[2699]: 03/20 10:28:34.669: [app] INFO: File Logging: '/var/log/open5gs/udr.log' (../lib/app/ogs-init.c:147)
mar 20 10:28:34 ubuntu-GL503VD open5gs-udrd[2699]: 03/20 10:28:34.671: [sbi] INFO: Setup NF EndPoint(addr) [192.168.50.200:7777] (../lib/sbi/context.c:507)
mar 20 10:28:34 ubuntu-GL503VD open5gs-udrd[2699]: 03/20 10:28:34.671: [dbi] WARNING: Failed to connect to server [mongodb://localhost/open5gs] (../lib/dbi/ogs-mongoc.c:122)
mar 20 10:28:34 ubuntu-GL503VD open5gs-udrd[2699]: 03/20 10:28:34.671: [app] WARNING: Failed to initialize UDR (../src/udr/app.c:28)
mar 20 10:28:34 ubuntu-GL503VD open5gs-udrd[2699]: DIGEST-MD5 common mech free
mar 20 10:28:34 ubuntu-GL503VD systemd[1]: open5gs-udrd.service: Deactivated successfully.
mar 20 10:28:36 ubuntu-GL503VD systemd[1]: open5gs-udrd.service: Scheduled restart job, restart counter is at 9.
mar 20 10:28:36 ubuntu-GL503VD systemd[1]: Stopped Open5GS UDR Daemon.
mar 20 10:28:36 ubuntu-GL503VD systemd[1]: Started Open5GS UDR Daemon.
mar 20 10:28:36 ubuntu-GL503VD open5gs-udrd[2703]: Open5GS daemon v2.7.6
mar 20 10:28:36 ubuntu-GL503VD open5gs-udrd[2703]: 03/20 10:28:36.922: [app] INFO: Configuration: '/etc/open5gs/udr.yaml' (../lib/app/ogs-init.c:144)
mar 20 10:28:36 ubuntu-GL503VD open5gs-udrd[2703]: 03/20 10:28:36.923: [app] INFO: File Logging: '/var/log/open5gs/udr.log' (../lib/app/ogs-init.c:147)
mar 20 10:28:36 ubuntu-GL503VD open5gs-udrd[2703]: 03/20 10:28:36.924: [sbi] INFO: Setup NF EndPoint(addr) [192.168.50.200:7777] (../lib/sbi/context.c:507)
mar 20 10:28:36 ubuntu-GL503VD open5gs-udrd[2703]: DIGEST-MD5 common mech free
mar 20 10:28:36 ubuntu-GL503VD open5gs-udrd[2703]: 03/20 10:28:36.925: [dbi] WARNING: Failed to connect to server [mongodb://localhost/open5gs] (../lib/dbi/ogs-mongoc.c:122)
mar 20 10:28:36 ubuntu-GL503VD open5gs-udrd[2703]: 03/20 10:28:36.925: [app] WARNING: Failed to initialize UDR (../src/udr/app.c:28)
mar 20 10:28:36 ubuntu-GL503VD systemd[1]: open5gs-udrd.service: Deactivated successfully.
mar 20 10:28:39 ubuntu-GL503VD systemd[1]: open5gs-udrd.service: Scheduled restart job, restart counter is at 10.
mar 20 10:28:39 ubuntu-GL503VD systemd[1]: Stopped Open5GS UDR Daemon.
mar 20 10:28:39 ubuntu-GL503VD systemd[1]: Started Open5GS UDR Daemon.
mar 20 10:28:39 ubuntu-GL503VD open5gs-udrd[2751]: Open5GS daemon v2.7.6
mar 20 10:28:39 ubuntu-GL503VD open5gs-udrd[2751]: 03/20 10:28:39.037: [app] INFO: Configuration: '/etc/open5gs/udr.yaml' (../lib/app/ogs-init.c:144)
mar 20 10:28:39 ubuntu-GL503VD open5gs-udrd[2751]: 03/20 10:28:39.037: [app] INFO: File Logging: '/var/log/open5gs/udr.log' (../lib/app/ogs-init.c:147)
mar 20 10:28:39 ubuntu-GL503VD open5gs-udrd[2751]: 03/20 10:28:39.039: [sbi] INFO: Setup NF EndPoint(addr) [192.168.50.200:7777] (../lib/sbi/context.c:507)
mar 20 10:28:39 ubuntu-GL503VD open5gs-udrd[2751]: 03/20 10:28:39.039: [dbi] WARNING: Failed to connect to server [mongodb://localhost/open5gs] (../lib/dbi/ogs-mongoc.c:122)
mar 20 10:28:39 ubuntu-GL503VD open5gs-udrd[2751]: 03/20 10:28:39.039: [app] WARNING: Failed to initialize UDR (../src/udr/app.c:28)
mar 20 10:28:39 ubuntu-GL503VD open5gs-udrd[2751]: DIGEST-MD5 common mech free
mar 20 10:28:39 ubuntu-GL503VD systemd[1]: open5gs-udrd.service: Deactivated successfully.
mar 20 10:28:41 ubuntu-GL503VD systemd[1]: open5gs-udrd.service: Scheduled restart job, restart counter is at 11.
mar 20 10:28:41 ubuntu-GL503VD systemd[1]: Stopped Open5GS UDR Daemon.
mar 20 10:28:41 ubuntu-GL503VD systemd[1]: Started Open5GS UDR Daemon.
mar 20 10:28:41 ubuntu-GL503VD open5gs-udrd[2754]: Open5GS daemon v2.7.6
mar 20 10:28:41 ubuntu-GL503VD open5gs-udrd[2754]: 03/20 10:28:41.169: [app] INFO: Configuration: '/etc/open5gs/udr.yaml' (../lib/app/ogs-init.c:144)
mar 20 10:28:41 ubuntu-GL503VD open5gs-udrd[2754]: 03/20 10:28:41.169: [app] INFO: File Logging: '/var/log/open5gs/udr.log' (../lib/app/ogs-init.c:147)
mar 20 10:28:41 ubuntu-GL503VD open5gs-udrd[2754]: 03/20 10:28:41.174: [sbi] INFO: Setup NF EndPoint(addr) [192.168.50.200:7777] (../lib/sbi/context.c:507)
mar 20 10:28:41 ubuntu-GL503VD open5gs-udrd[2754]: 03/20 10:28:41.175: [dbi] WARNING: Failed to connect to server [mongodb://localhost/open5gs] (../lib/dbi/ogs-mongoc.c:122)
mar 20 10:28:41 ubuntu-GL503VD open5gs-udrd[2754]: 03/20 10:28:41.175: [app] WARNING: Failed to initialize UDR (../src/udr/app.c:28)
mar 20 10:28:41 ubuntu-GL503VD open5gs-udrd[2754]: DIGEST-MD5 common mech free
mar 20 10:28:41 ubuntu-GL503VD systemd[1]: open5gs-udrd.service: Deactivated successfully.
mar 20 10:28:43 ubuntu-GL503VD systemd[1]: open5gs-udrd.service: Scheduled restart job, restart counter is at 12.
mar 20 10:28:43 ubuntu-GL503VD systemd[1]: Stopped Open5GS UDR Daemon.
mar 20 10:28:43 ubuntu-GL503VD systemd[1]: Started Open5GS UDR Daemon.
mar 20 10:28:43 ubuntu-GL503VD open5gs-udrd[2800]: Open5GS daemon v2.7.6
mar 20 10:28:43 ubuntu-GL503VD open5gs-udrd[2800]: 03/20 10:28:43.420: [app] INFO: Configuration: '/etc/open5gs/udr.yaml' (../lib/app/ogs-init.c:144)
mar 20 10:28:43 ubuntu-GL503VD open5gs-udrd[2800]: 03/20 10:28:43.420: [app] INFO: File Logging: '/var/log/open5gs/udr.log' (../lib/app/ogs-init.c:147)
mar 20 10:28:43 ubuntu-GL503VD open5gs-udrd[2800]: 03/20 10:28:43.422: [sbi] INFO: Setup NF EndPoint(addr) [192.168.50.200:7777] (../lib/sbi/context.c:507)
mar 20 10:28:43 ubuntu-GL503VD open5gs-udrd[2800]: 03/20 10:28:43.423: [dbi] WARNING: Failed to connect to server [mongodb://localhost/open5gs] (../lib/dbi/ogs-mongoc.c:122)
mar 20 10:28:43 ubuntu-GL503VD open5gs-udrd[2800]: 03/20 10:28:43.423: [app] WARNING: Failed to initialize UDR (../src/udr/app.c:28)
mar 20 10:28:43 ubuntu-GL503VD open5gs-udrd[2800]: DIGEST-MD5 common mech free
mar 20 10:28:43 ubuntu-GL503VD systemd[1]: open5gs-udrd.service: Deactivated successfully.
mar 20 10:28:45 ubuntu-GL503VD systemd[1]: open5gs-udrd.service: Scheduled restart job, restart counter is at 13.
mar 20 10:28:45 ubuntu-GL503VD systemd[1]: Stopped Open5GS UDR Daemon.
mar 20 10:28:45 ubuntu-GL503VD systemd[1]: Started Open5GS UDR Daemon.
mar 20 10:28:45 ubuntu-GL503VD open5gs-udrd[2816]: Open5GS daemon v2.7.6
mar 20 10:28:45 ubuntu-GL503VD open5gs-udrd[2816]: 03/20 10:28:45.671: [app] INFO: Configuration: '/etc/open5gs/udr.yaml' (../lib/app/ogs-init.c:144)
mar 20 10:28:45 ubuntu-GL503VD open5gs-udrd[2816]: 03/20 10:28:45.671: [app] INFO: File Logging: '/var/log/open5gs/udr.log' (../lib/app/ogs-init.c:147)
mar 20 10:28:45 ubuntu-GL503VD open5gs-udrd[2816]: 03/20 10:28:45.673: [sbi] INFO: Setup NF EndPoint(addr) [192.168.50.200:7777] (../lib/sbi/context.c:507)
mar 20 10:28:45 ubuntu-GL503VD open5gs-udrd[2816]: 03/20 10:28:45.673: [dbi] WARNING: Failed to connect to server [mongodb://localhost/open5gs] (../lib/dbi/ogs-mongoc.c:122)
mar 20 10:28:45 ubuntu-GL503VD open5gs-udrd[2816]: 03/20 10:28:45.673: [app] WARNING: Failed to initialize UDR (../src/udr/app.c:28)
mar 20 10:28:45 ubuntu-GL503VD open5gs-udrd[2816]: DIGEST-MD5 common mech free
mar 20 10:28:45 ubuntu-GL503VD systemd[1]: open5gs-udrd.service: Deactivated successfully.
mar 20 10:28:47 ubuntu-GL503VD systemd[1]: open5gs-udrd.service: Scheduled restart job, restart counter is at 14.
mar 20 10:28:47 ubuntu-GL503VD systemd[1]: Stopped Open5GS UDR Daemon.
mar 20 10:28:47 ubuntu-GL503VD systemd[1]: Started Open5GS UDR Daemon.
mar 20 10:28:47 ubuntu-GL503VD open5gs-udrd[2818]: Open5GS daemon v2.7.6
mar 20 10:28:47 ubuntu-GL503VD open5gs-udrd[2818]: 03/20 10:28:47.916: [app] INFO: Configuration: '/etc/open5gs/udr.yaml' (../lib/app/ogs-init.c:144)
mar 20 10:28:47 ubuntu-GL503VD open5gs-udrd[2818]: 03/20 10:28:47.916: [app] INFO: File Logging: '/var/log/open5gs/udr.log' (../lib/app/ogs-init.c:147)
mar 20 10:28:47 ubuntu-GL503VD open5gs-udrd[2818]: 03/20 10:28:47.917: [sbi] INFO: Setup NF EndPoint(addr) [192.168.50.200:7777] (../lib/sbi/context.c:507)
mar 20 10:28:47 ubuntu-GL503VD open5gs-udrd[2818]: DIGEST-MD5 common mech free
mar 20 10:28:47 ubuntu-GL503VD open5gs-udrd[2818]: 03/20 10:28:47.918: [dbi] WARNING: Failed to connect to server [mongodb://localhost/open5gs] (../lib/dbi/ogs-mongoc.c:122)
mar 20 10:28:47 ubuntu-GL503VD open5gs-udrd[2818]: 03/20 10:28:47.918: [app] WARNING: Failed to initialize UDR (../src/udr/app.c:28)
mar 20 10:28:47 ubuntu-GL503VD systemd[1]: open5gs-udrd.service: Deactivated successfully.
mar 20 10:28:50 ubuntu-GL503VD systemd[1]: open5gs-udrd.service: Scheduled restart job, restart counter is at 15.
mar 20 10:28:50 ubuntu-GL503VD systemd[1]: Stopped Open5GS UDR Daemon.
mar 20 10:28:50 ubuntu-GL503VD systemd[1]: Started Open5GS UDR Daemon.
mar 20 10:28:50 ubuntu-GL503VD open5gs-udrd[2831]: Open5GS daemon v2.7.6
mar 20 10:28:50 ubuntu-GL503VD open5gs-udrd[2831]: 03/20 10:28:50.168: [app] INFO: Configuration: '/etc/open5gs/udr.yaml' (../lib/app/ogs-init.c:144)
mar 20 10:28:50 ubuntu-GL503VD open5gs-udrd[2831]: 03/20 10:28:50.168: [app] INFO: File Logging: '/var/log/open5gs/udr.log' (../lib/app/ogs-init.c:147)
mar 20 10:28:50 ubuntu-GL503VD open5gs-udrd[2831]: 03/20 10:28:50.170: [sbi] INFO: Setup NF EndPoint(addr) [192.168.50.200:7777] (../lib/sbi/context.c:507)
mar 20 10:28:50 ubuntu-GL503VD open5gs-udrd[2831]: 03/20 10:28:50.171: [dbi] WARNING: Failed to connect to server [mongodb://localhost/open5gs] (../lib/dbi/ogs-mongoc.c:122)
mar 20 10:28:50 ubuntu-GL503VD open5gs-udrd[2831]: 03/20 10:28:50.171: [app] WARNING: Failed to initialize UDR (../src/udr/app.c:28)
mar 20 10:28:50 ubuntu-GL503VD open5gs-udrd[2831]: DIGEST-MD5 common mech free
mar 20 10:28:50 ubuntu-GL503VD systemd[1]: open5gs-udrd.service: Deactivated successfully.
mar 20 10:28:52 ubuntu-GL503VD systemd[1]: open5gs-udrd.service: Scheduled restart job, restart counter is at 16.
mar 20 10:28:52 ubuntu-GL503VD systemd[1]: Stopped Open5GS UDR Daemon.
mar 20 10:28:52 ubuntu-GL503VD systemd[1]: Started Open5GS UDR Daemon.
mar 20 10:28:52 ubuntu-GL503VD open5gs-udrd[2851]: Open5GS daemon v2.7.6
mar 20 10:28:52 ubuntu-GL503VD open5gs-udrd[2851]: 03/20 10:28:52.422: [app] INFO: Configuration: '/etc/open5gs/udr.yaml' (../lib/app/ogs-init.c:144)
mar 20 10:28:52 ubuntu-GL503VD open5gs-udrd[2851]: 03/20 10:28:52.422: [app] INFO: File Logging: '/var/log/open5gs/udr.log' (../lib/app/ogs-init.c:147)
mar 20 10:28:52 ubuntu-GL503VD open5gs-udrd[2851]: 03/20 10:28:52.424: [sbi] INFO: Setup NF EndPoint(addr) [192.168.50.200:7777] (../lib/sbi/context.c:507)
mar 20 10:28:52 ubuntu-GL503VD open5gs-udrd[2851]: 03/20 10:28:52.425: [dbi] WARNING: Failed to connect to server [mongodb://localhost/open5gs] (../lib/dbi/ogs-mongoc.c:122)
mar 20 10:28:52 ubuntu-GL503VD open5gs-udrd[2851]: 03/20 10:28:52.425: [app] WARNING: Failed to initialize UDR (../src/udr/app.c:28)
mar 20 10:28:52 ubuntu-GL503VD open5gs-udrd[2851]: DIGEST-MD5 common mech free
mar 20 10:28:52 ubuntu-GL503VD systemd[1]: open5gs-udrd.service: Deactivated successfully.
mar 20 10:28:54 ubuntu-GL503VD systemd[1]: open5gs-udrd.service: Scheduled restart job, restart counter is at 17.
mar 20 10:28:54 ubuntu-GL503VD systemd[1]: Stopped Open5GS UDR Daemon.
mar 20 10:28:54 ubuntu-GL503VD systemd[1]: Started Open5GS UDR Daemon.
mar 20 10:28:54 ubuntu-GL503VD open5gs-udrd[2955]: Open5GS daemon v2.7.6
mar 20 10:28:54 ubuntu-GL503VD open5gs-udrd[2955]: 03/20 10:28:54.601: [app] INFO: Configuration: '/etc/open5gs/udr.yaml' (../lib/app/ogs-init.c:144)
mar 20 10:28:54 ubuntu-GL503VD open5gs-udrd[2955]: 03/20 10:28:54.601: [app] INFO: File Logging: '/var/log/open5gs/udr.log' (../lib/app/ogs-init.c:147)
mar 20 10:28:54 ubuntu-GL503VD open5gs-udrd[2955]: 03/20 10:28:54.603: [sbi] INFO: Setup NF EndPoint(addr) [192.168.50.200:7777] (../lib/sbi/context.c:507)
mar 20 10:28:54 ubuntu-GL503VD open5gs-udrd[2955]: 03/20 10:28:54.603: [dbi] WARNING: Failed to connect to server [mongodb://localhost/open5gs] (../lib/dbi/ogs-mongoc.c:122)
mar 20 10:28:54 ubuntu-GL503VD open5gs-udrd[2955]: 03/20 10:28:54.603: [app] WARNING: Failed to initialize UDR (../src/udr/app.c:28)
mar 20 10:28:54 ubuntu-GL503VD open5gs-udrd[2955]: DIGEST-MD5 common mech free
mar 20 10:28:54 ubuntu-GL503VD systemd[1]: open5gs-udrd.service: Deactivated successfully.
mar 20 10:28:56 ubuntu-GL503VD systemd[1]: open5gs-udrd.service: Scheduled restart job, restart counter is at 18.
mar 20 10:28:56 ubuntu-GL503VD systemd[1]: Stopped Open5GS UDR Daemon.
mar 20 10:28:56 ubuntu-GL503VD systemd[1]: Started Open5GS UDR Daemon.
mar 20 10:28:56 ubuntu-GL503VD open5gs-udrd[3127]: Open5GS daemon v2.7.6
mar 20 10:28:56 ubuntu-GL503VD open5gs-udrd[3127]: 03/20 10:28:56.715: [app] INFO: Configuration: '/etc/open5gs/udr.yaml' (../lib/app/ogs-init.c:144)
mar 20 10:28:56 ubuntu-GL503VD open5gs-udrd[3127]: 03/20 10:28:56.715: [app] INFO: File Logging: '/var/log/open5gs/udr.log' (../lib/app/ogs-init.c:147)
mar 20 10:28:56 ubuntu-GL503VD open5gs-udrd[3127]: 03/20 10:28:56.722: [sbi] INFO: Setup NF EndPoint(addr) [192.168.50.200:7777] (../lib/sbi/context.c:507)
mar 20 10:28:56 ubuntu-GL503VD open5gs-udrd[3127]: 03/20 10:28:56.722: [dbi] WARNING: Failed to connect to server [mongodb://localhost/open5gs] (../lib/dbi/ogs-mongoc.c:122)
mar 20 10:28:56 ubuntu-GL503VD open5gs-udrd[3127]: 03/20 10:28:56.722: [app] WARNING: Failed to initialize UDR (../src/udr/app.c:28)
mar 20 10:28:56 ubuntu-GL503VD open5gs-udrd[3127]: DIGEST-MD5 common mech free
mar 20 10:28:56 ubuntu-GL503VD systemd[1]: open5gs-udrd.service: Deactivated successfully.
mar 20 10:28:58 ubuntu-GL503VD systemd[1]: open5gs-udrd.service: Scheduled restart job, restart counter is at 19.
mar 20 10:28:58 ubuntu-GL503VD systemd[1]: Stopped Open5GS UDR Daemon.
mar 20 10:28:58 ubuntu-GL503VD systemd[1]: Started Open5GS UDR Daemon.
mar 20 10:28:58 ubuntu-GL503VD open5gs-udrd[3937]: Open5GS daemon v2.7.6
mar 20 10:28:58 ubuntu-GL503VD open5gs-udrd[3937]: 03/20 10:28:58.924: [app] INFO: Configuration: '/etc/open5gs/udr.yaml' (../lib/app/ogs-init.c:144)
mar 20 10:28:58 ubuntu-GL503VD open5gs-udrd[3937]: 03/20 10:28:58.924: [app] INFO: File Logging: '/var/log/open5gs/udr.log' (../lib/app/ogs-init.c:147)
mar 20 10:28:58 ubuntu-GL503VD open5gs-udrd[3937]: 03/20 10:28:58.926: [sbi] INFO: Setup NF EndPoint(addr) [192.168.50.200:7777] (../lib/sbi/context.c:507)
mar 20 10:28:58 ubuntu-GL503VD open5gs-udrd[3937]: 03/20 10:28:58.927: [dbi] WARNING: Failed to connect to server [mongodb://localhost/open5gs] (../lib/dbi/ogs-mongoc.c:122)
mar 20 10:28:58 ubuntu-GL503VD open5gs-udrd[3937]: 03/20 10:28:58.927: [app] WARNING: Failed to initialize UDR (../src/udr/app.c:28)
mar 20 10:28:58 ubuntu-GL503VD open5gs-udrd[3937]: DIGEST-MD5 common mech free
mar 20 10:28:58 ubuntu-GL503VD systemd[1]: open5gs-udrd.service: Deactivated successfully.
mar 20 10:29:01 ubuntu-GL503VD systemd[1]: open5gs-udrd.service: Scheduled restart job, restart counter is at 20.
mar 20 10:29:01 ubuntu-GL503VD systemd[1]: Stopped Open5GS UDR Daemon.
mar 20 10:29:01 ubuntu-GL503VD systemd[1]: Started Open5GS UDR Daemon.
mar 20 10:29:01 ubuntu-GL503VD open5gs-udrd[4087]: Open5GS daemon v2.7.6
mar 20 10:29:01 ubuntu-GL503VD open5gs-udrd[4087]: 03/20 10:29:01.169: [app] INFO: Configuration: '/etc/open5gs/udr.yaml' (../lib/app/ogs-init.c:144)
mar 20 10:29:01 ubuntu-GL503VD open5gs-udrd[4087]: 03/20 10:29:01.169: [app] INFO: File Logging: '/var/log/open5gs/udr.log' (../lib/app/ogs-init.c:147)
mar 20 10:29:01 ubuntu-GL503VD open5gs-udrd[4087]: 03/20 10:29:01.171: [sbi] INFO: Setup NF EndPoint(addr) [192.168.50.200:7777] (../lib/sbi/context.c:507)
mar 20 10:29:01 ubuntu-GL503VD open5gs-udrd[4087]: 03/20 10:29:01.172: [dbi] WARNING: Failed to connect to server [mongodb://localhost/open5gs] (../lib/dbi/ogs-mongoc.c:122)
mar 20 10:29:01 ubuntu-GL503VD open5gs-udrd[4087]: 03/20 10:29:01.172: [app] WARNING: Failed to initialize UDR (../src/udr/app.c:28)
mar 20 10:29:01 ubuntu-GL503VD open5gs-udrd[4087]: DIGEST-MD5 common mech free
mar 20 10:29:01 ubuntu-GL503VD systemd[1]: open5gs-udrd.service: Deactivated successfully.
mar 20 10:29:03 ubuntu-GL503VD systemd[1]: open5gs-udrd.service: Scheduled restart job, restart counter is at 21.
mar 20 10:29:03 ubuntu-GL503VD systemd[1]: Stopped Open5GS UDR Daemon.
mar 20 10:29:03 ubuntu-GL503VD systemd[1]: Started Open5GS UDR Daemon.
mar 20 10:29:03 ubuntu-GL503VD open5gs-udrd[4113]: Open5GS daemon v2.7.6
mar 20 10:29:03 ubuntu-GL503VD open5gs-udrd[4113]: 03/20 10:29:03.415: [app] INFO: Configuration: '/etc/open5gs/udr.yaml' (../lib/app/ogs-init.c:144)
mar 20 10:29:03 ubuntu-GL503VD open5gs-udrd[4113]: 03/20 10:29:03.415: [app] INFO: File Logging: '/var/log/open5gs/udr.log' (../lib/app/ogs-init.c:147)
mar 20 10:29:03 ubuntu-GL503VD open5gs-udrd[4113]: 03/20 10:29:03.417: [sbi] INFO: Setup NF EndPoint(addr) [192.168.50.200:7777] (../lib/sbi/context.c:507)
mar 20 10:29:03 ubuntu-GL503VD open5gs-udrd[4113]: 03/20 10:29:03.418: [dbi] WARNING: Failed to connect to server [mongodb://localhost/open5gs] (../lib/dbi/ogs-mongoc.c:122)
mar 20 10:29:03 ubuntu-GL503VD open5gs-udrd[4113]: 03/20 10:29:03.418: [app] WARNING: Failed to initialize UDR (../src/udr/app.c:28)
mar 20 10:29:03 ubuntu-GL503VD open5gs-udrd[4113]: DIGEST-MD5 common mech free
mar 20 10:29:03 ubuntu-GL503VD systemd[1]: open5gs-udrd.service: Deactivated successfully.
mar 20 10:29:05 ubuntu-GL503VD systemd[1]: open5gs-udrd.service: Scheduled restart job, restart counter is at 22.
mar 20 10:29:05 ubuntu-GL503VD systemd[1]: Stopped Open5GS UDR Daemon.
mar 20 10:29:05 ubuntu-GL503VD systemd[1]: Started Open5GS UDR Daemon.
mar 20 10:29:05 ubuntu-GL503VD open5gs-udrd[4163]: Open5GS daemon v2.7.6
mar 20 10:29:05 ubuntu-GL503VD open5gs-udrd[4163]: 03/20 10:29:05.668: [app] INFO: Configuration: '/etc/open5gs/udr.yaml' (../lib/app/ogs-init.c:144)
mar 20 10:29:05 ubuntu-GL503VD open5gs-udrd[4163]: 03/20 10:29:05.668: [app] INFO: File Logging: '/var/log/open5gs/udr.log' (../lib/app/ogs-init.c:147)
mar 20 10:29:05 ubuntu-GL503VD open5gs-udrd[4163]: 03/20 10:29:05.670: [sbi] INFO: Setup NF EndPoint(addr) [192.168.50.200:7777] (../lib/sbi/context.c:507)
mar 20 10:29:05 ubuntu-GL503VD open5gs-udrd[4163]: 03/20 10:29:05.670: [dbi] WARNING: Failed to connect to server [mongodb://localhost/open5gs] (../lib/dbi/ogs-mongoc.c:122)
mar 20 10:29:05 ubuntu-GL503VD open5gs-udrd[4163]: 03/20 10:29:05.670: [app] WARNING: Failed to initialize UDR (../src/udr/app.c:28)
mar 20 10:29:05 ubuntu-GL503VD open5gs-udrd[4163]: DIGEST-MD5 common mech free
mar 20 10:29:05 ubuntu-GL503VD systemd[1]: open5gs-udrd.service: Deactivated successfully.
mar 20 10:29:07 ubuntu-GL503VD systemd[1]: open5gs-udrd.service: Scheduled restart job, restart counter is at 23.
mar 20 10:29:07 ubuntu-GL503VD systemd[1]: Stopped Open5GS UDR Daemon.
mar 20 10:29:07 ubuntu-GL503VD systemd[1]: Started Open5GS UDR Daemon.
mar 20 10:29:07 ubuntu-GL503VD open5gs-udrd[4167]: Open5GS daemon v2.7.6
mar 20 10:29:07 ubuntu-GL503VD open5gs-udrd[4167]: 03/20 10:29:07.920: [app] INFO: Configuration: '/etc/open5gs/udr.yaml' (../lib/app/ogs-init.c:144)
mar 20 10:29:07 ubuntu-GL503VD open5gs-udrd[4167]: 03/20 10:29:07.920: [app] INFO: File Logging: '/var/log/open5gs/udr.log' (../lib/app/ogs-init.c:147)
mar 20 10:29:07 ubuntu-GL503VD open5gs-udrd[4167]: 03/20 10:29:07.922: [sbi] INFO: Setup NF EndPoint(addr) [192.168.50.200:7777] (../lib/sbi/context.c:507)
mar 20 10:29:07 ubuntu-GL503VD open5gs-udrd[4167]: DIGEST-MD5 common mech free
mar 20 10:29:07 ubuntu-GL503VD open5gs-udrd[4167]: 03/20 10:29:07.923: [dbi] WARNING: Failed to connect to server [mongodb://localhost/open5gs] (../lib/dbi/ogs-mongoc.c:122)
mar 20 10:29:07 ubuntu-GL503VD open5gs-udrd[4167]: 03/20 10:29:07.923: [app] WARNING: Failed to initialize UDR (../src/udr/app.c:28)
mar 20 10:29:07 ubuntu-GL503VD systemd[1]: open5gs-udrd.service: Deactivated successfully.
mar 20 10:29:10 ubuntu-GL503VD systemd[1]: open5gs-udrd.service: Scheduled restart job, restart counter is at 24.
mar 20 10:29:10 ubuntu-GL503VD systemd[1]: Stopped Open5GS UDR Daemon.
mar 20 10:29:10 ubuntu-GL503VD systemd[1]: Started Open5GS UDR Daemon.
mar 20 10:29:10 ubuntu-GL503VD open5gs-udrd[4204]: Open5GS daemon v2.7.6
mar 20 10:29:10 ubuntu-GL503VD open5gs-udrd[4204]: 03/20 10:29:10.172: [app] INFO: Configuration: '/etc/open5gs/udr.yaml' (../lib/app/ogs-init.c:144)
mar 20 10:29:10 ubuntu-GL503VD open5gs-udrd[4204]: 03/20 10:29:10.172: [app] INFO: File Logging: '/var/log/open5gs/udr.log' (../lib/app/ogs-init.c:147)
mar 20 10:29:10 ubuntu-GL503VD open5gs-udrd[4204]: 03/20 10:29:10.175: [sbi] INFO: Setup NF EndPoint(addr) [192.168.50.200:7777] (../lib/sbi/context.c:507)
mar 20 10:29:10 ubuntu-GL503VD open5gs-udrd[4204]: 03/20 10:29:10.175: [dbi] WARNING: Failed to connect to server [mongodb://localhost/open5gs] (../lib/dbi/ogs-mongoc.c:122)
mar 20 10:29:10 ubuntu-GL503VD open5gs-udrd[4204]: 03/20 10:29:10.175: [app] WARNING: Failed to initialize UDR (../src/udr/app.c:28)
mar 20 10:29:10 ubuntu-GL503VD open5gs-udrd[4204]: DIGEST-MD5 common mech free
mar 20 10:29:10 ubuntu-GL503VD systemd[1]: open5gs-udrd.service: Deactivated successfully.
mar 20 10:29:12 ubuntu-GL503VD systemd[1]: open5gs-udrd.service: Scheduled restart job, restart counter is at 25.
mar 20 10:29:12 ubuntu-GL503VD systemd[1]: Stopped Open5GS UDR Daemon.
mar 20 10:29:12 ubuntu-GL503VD systemd[1]: Started Open5GS UDR Daemon.
mar 20 10:29:12 ubuntu-GL503VD open5gs-udrd[4206]: Open5GS daemon v2.7.6
mar 20 10:29:12 ubuntu-GL503VD open5gs-udrd[4206]: 03/20 10:29:12.432: [app] INFO: Configuration: '/etc/open5gs/udr.yaml' (../lib/app/ogs-init.c:144)
mar 20 10:29:12 ubuntu-GL503VD open5gs-udrd[4206]: 03/20 10:29:12.432: [app] INFO: File Logging: '/var/log/open5gs/udr.log' (../lib/app/ogs-init.c:147)
mar 20 10:29:12 ubuntu-GL503VD open5gs-udrd[4206]: 03/20 10:29:12.437: [sbi] INFO: Setup NF EndPoint(addr) [192.168.50.200:7777] (../lib/sbi/context.c:507)
mar 20 10:29:12 ubuntu-GL503VD open5gs-udrd[4206]: 03/20 10:29:12.439: [dbi] WARNING: Failed to connect to server [mongodb://localhost/open5gs] (../lib/dbi/ogs-mongoc.c:122)
mar 20 10:29:12 ubuntu-GL503VD open5gs-udrd[4206]: 03/20 10:29:12.439: [app] WARNING: Failed to initialize UDR (../src/udr/app.c:28)
mar 20 10:29:12 ubuntu-GL503VD open5gs-udrd[4206]: DIGEST-MD5 common mech free
mar 20 10:29:12 ubuntu-GL503VD systemd[1]: open5gs-udrd.service: Deactivated successfully.
mar 20 10:29:14 ubuntu-GL503VD systemd[1]: open5gs-udrd.service: Scheduled restart job, restart counter is at 26.
mar 20 10:29:14 ubuntu-GL503VD systemd[1]: Stopped Open5GS UDR Daemon.
mar 20 10:29:14 ubuntu-GL503VD systemd[1]: Started Open5GS UDR Daemon.
mar 20 10:29:14 ubuntu-GL503VD open5gs-udrd[4253]: Open5GS daemon v2.7.6
mar 20 10:29:14 ubuntu-GL503VD open5gs-udrd[4253]: 03/20 10:29:14.534: [app] INFO: Configuration: '/etc/open5gs/udr.yaml' (../lib/app/ogs-init.c:144)
mar 20 10:29:14 ubuntu-GL503VD open5gs-udrd[4253]: 03/20 10:29:14.534: [app] INFO: File Logging: '/var/log/open5gs/udr.log' (../lib/app/ogs-init.c:147)
mar 20 10:29:14 ubuntu-GL503VD open5gs-udrd[4253]: 03/20 10:29:14.536: [sbi] INFO: Setup NF EndPoint(addr) [192.168.50.200:7777] (../lib/sbi/context.c:507)
mar 20 10:29:14 ubuntu-GL503VD open5gs-udrd[4253]: 03/20 10:29:14.537: [dbi] WARNING: Failed to connect to server [mongodb://localhost/open5gs] (../lib/dbi/ogs-mongoc.c:122)
mar 20 10:29:14 ubuntu-GL503VD open5gs-udrd[4253]: 03/20 10:29:14.537: [app] WARNING: Failed to initialize UDR (../src/udr/app.c:28)
mar 20 10:29:14 ubuntu-GL503VD systemd[1]: open5gs-udrd.service: Deactivated successfully.
mar 20 10:29:14 ubuntu-GL503VD open5gs-udrd[4253]: DIGEST-MD5 common mech free
mar 20 10:29:16 ubuntu-GL503VD systemd[1]: open5gs-udrd.service: Scheduled restart job, restart counter is at 27.
mar 20 10:29:16 ubuntu-GL503VD systemd[1]: Stopped Open5GS UDR Daemon.
mar 20 10:29:16 ubuntu-GL503VD systemd[1]: Started Open5GS UDR Daemon.
mar 20 10:29:16 ubuntu-GL503VD open5gs-udrd[4292]: Open5GS daemon v2.7.6
mar 20 10:29:16 ubuntu-GL503VD open5gs-udrd[4292]: 03/20 10:29:16.678: [app] INFO: Configuration: '/etc/open5gs/udr.yaml' (../lib/app/ogs-init.c:144)
mar 20 10:29:16 ubuntu-GL503VD open5gs-udrd[4292]: 03/20 10:29:16.678: [app] INFO: File Logging: '/var/log/open5gs/udr.log' (../lib/app/ogs-init.c:147)
mar 20 10:29:16 ubuntu-GL503VD open5gs-udrd[4292]: 03/20 10:29:16.680: [sbi] INFO: Setup NF EndPoint(addr) [192.168.50.200:7777] (../lib/sbi/context.c:507)
mar 20 10:29:16 ubuntu-GL503VD open5gs-udrd[4292]: 03/20 10:29:16.681: [dbi] WARNING: Failed to connect to server [mongodb://localhost/open5gs] (../lib/dbi/ogs-mongoc.c:122)
mar 20 10:29:16 ubuntu-GL503VD open5gs-udrd[4292]: 03/20 10:29:16.681: [app] WARNING: Failed to initialize UDR (../src/udr/app.c:28)
mar 20 10:29:16 ubuntu-GL503VD open5gs-udrd[4292]: DIGEST-MD5 common mech free
mar 20 10:29:16 ubuntu-GL503VD systemd[1]: open5gs-udrd.service: Deactivated successfully.
mar 20 10:29:18 ubuntu-GL503VD systemd[1]: open5gs-udrd.service: Scheduled restart job, restart counter is at 28.
mar 20 10:29:18 ubuntu-GL503VD systemd[1]: Stopped Open5GS UDR Daemon.
mar 20 10:29:18 ubuntu-GL503VD systemd[1]: Started Open5GS UDR Daemon.
mar 20 10:29:18 ubuntu-GL503VD open5gs-udrd[4351]: Open5GS daemon v2.7.6
mar 20 10:29:18 ubuntu-GL503VD open5gs-udrd[4351]: 03/20 10:29:18.919: [app] INFO: Configuration: '/etc/open5gs/udr.yaml' (../lib/app/ogs-init.c:144)
mar 20 10:29:18 ubuntu-GL503VD open5gs-udrd[4351]: 03/20 10:29:18.919: [app] INFO: File Logging: '/var/log/open5gs/udr.log' (../lib/app/ogs-init.c:147)
mar 20 10:29:18 ubuntu-GL503VD open5gs-udrd[4351]: 03/20 10:29:18.921: [sbi] INFO: Setup NF EndPoint(addr) [192.168.50.200:7777] (../lib/sbi/context.c:507)
mar 20 10:29:18 ubuntu-GL503VD open5gs-udrd[4351]: DIGEST-MD5 common mech free
mar 20 10:29:18 ubuntu-GL503VD open5gs-udrd[4351]: 03/20 10:29:18.921: [dbi] WARNING: Failed to connect to server [mongodb://localhost/open5gs] (../lib/dbi/ogs-mongoc.c:122)
mar 20 10:29:18 ubuntu-GL503VD open5gs-udrd[4351]: 03/20 10:29:18.921: [app] WARNING: Failed to initialize UDR (../src/udr/app.c:28)
mar 20 10:29:18 ubuntu-GL503VD systemd[1]: open5gs-udrd.service: Deactivated successfully.
mar 20 10:29:21 ubuntu-GL503VD systemd[1]: open5gs-udrd.service: Scheduled restart job, restart counter is at 29.
mar 20 10:29:21 ubuntu-GL503VD systemd[1]: Stopped Open5GS UDR Daemon.
mar 20 10:29:21 ubuntu-GL503VD systemd[1]: Started Open5GS UDR Daemon.
mar 20 10:29:21 ubuntu-GL503VD open5gs-udrd[4384]: Open5GS daemon v2.7.6
mar 20 10:29:21 ubuntu-GL503VD open5gs-udrd[4384]: 03/20 10:29:21.171: [app] INFO: Configuration: '/etc/open5gs/udr.yaml' (../lib/app/ogs-init.c:144)
mar 20 10:29:21 ubuntu-GL503VD open5gs-udrd[4384]: 03/20 10:29:21.171: [app] INFO: File Logging: '/var/log/open5gs/udr.log' (../lib/app/ogs-init.c:147)
mar 20 10:29:21 ubuntu-GL503VD open5gs-udrd[4384]: 03/20 10:29:21.173: [sbi] INFO: Setup NF EndPoint(addr) [192.168.50.200:7777] (../lib/sbi/context.c:507)
mar 20 10:29:21 ubuntu-GL503VD open5gs-udrd[4384]: DIGEST-MD5 common mech free
mar 20 10:29:21 ubuntu-GL503VD open5gs-udrd[4384]: 03/20 10:29:21.174: [dbi] WARNING: Failed to connect to server [mongodb://localhost/open5gs] (../lib/dbi/ogs-mongoc.c:122)
mar 20 10:29:21 ubuntu-GL503VD open5gs-udrd[4384]: 03/20 10:29:21.174: [app] WARNING: Failed to initialize UDR (../src/udr/app.c:28)
mar 20 10:29:21 ubuntu-GL503VD systemd[1]: open5gs-udrd.service: Deactivated successfully.
mar 20 10:29:23 ubuntu-GL503VD systemd[1]: open5gs-udrd.service: Scheduled restart job, restart counter is at 30.
mar 20 10:29:23 ubuntu-GL503VD systemd[1]: Stopped Open5GS UDR Daemon.
mar 20 10:29:23 ubuntu-GL503VD systemd[1]: Started Open5GS UDR Daemon.
mar 20 10:29:23 ubuntu-GL503VD open5gs-udrd[4427]: Open5GS daemon v2.7.6
mar 20 10:29:23 ubuntu-GL503VD open5gs-udrd[4427]: 03/20 10:29:23.418: [app] INFO: Configuration: '/etc/open5gs/udr.yaml' (../lib/app/ogs-init.c:144)
mar 20 10:29:23 ubuntu-GL503VD open5gs-udrd[4427]: 03/20 10:29:23.418: [app] INFO: File Logging: '/var/log/open5gs/udr.log' (../lib/app/ogs-init.c:147)
mar 20 10:29:23 ubuntu-GL503VD open5gs-udrd[4427]: 03/20 10:29:23.420: [sbi] INFO: Setup NF EndPoint(addr) [192.168.50.200:7777] (../lib/sbi/context.c:507)
mar 20 10:29:23 ubuntu-GL503VD open5gs-udrd[4427]: 03/20 10:29:23.420: [dbi] WARNING: Failed to connect to server [mongodb://localhost/open5gs] (../lib/dbi/ogs-mongoc.c:122)
mar 20 10:29:23 ubuntu-GL503VD open5gs-udrd[4427]: 03/20 10:29:23.420: [app] WARNING: Failed to initialize UDR (../src/udr/app.c:28)
mar 20 10:29:23 ubuntu-GL503VD open5gs-udrd[4427]: DIGEST-MD5 common mech free
mar 20 10:29:23 ubuntu-GL503VD systemd[1]: open5gs-udrd.service: Deactivated successfully.
mar 20 10:29:25 ubuntu-GL503VD systemd[1]: open5gs-udrd.service: Scheduled restart job, restart counter is at 31.
mar 20 10:29:25 ubuntu-GL503VD systemd[1]: Stopped Open5GS UDR Daemon.
mar 20 10:29:25 ubuntu-GL503VD systemd[1]: Started Open5GS UDR Daemon.
mar 20 10:29:25 ubuntu-GL503VD open5gs-udrd[4479]: Open5GS daemon v2.7.6
mar 20 10:29:25 ubuntu-GL503VD open5gs-udrd[4479]: 03/20 10:29:25.668: [app] INFO: Configuration: '/etc/open5gs/udr.yaml' (../lib/app/ogs-init.c:144)
mar 20 10:29:25 ubuntu-GL503VD open5gs-udrd[4479]: 03/20 10:29:25.668: [app] INFO: File Logging: '/var/log/open5gs/udr.log' (../lib/app/ogs-init.c:147)
mar 20 10:29:25 ubuntu-GL503VD open5gs-udrd[4479]: 03/20 10:29:25.670: [sbi] INFO: Setup NF EndPoint(addr) [192.168.50.200:7777] (../lib/sbi/context.c:507)
mar 20 10:29:25 ubuntu-GL503VD open5gs-udrd[4479]: 03/20 10:29:25.671: [dbi] WARNING: Failed to connect to server [mongodb://localhost/open5gs] (../lib/dbi/ogs-mongoc.c:122)
mar 20 10:29:25 ubuntu-GL503VD open5gs-udrd[4479]: 03/20 10:29:25.671: [app] WARNING: Failed to initialize UDR (../src/udr/app.c:28)
mar 20 10:29:25 ubuntu-GL503VD open5gs-udrd[4479]: DIGEST-MD5 common mech free
mar 20 10:29:25 ubuntu-GL503VD systemd[1]: open5gs-udrd.service: Deactivated successfully.
mar 20 10:29:27 ubuntu-GL503VD systemd[1]: open5gs-udrd.service: Scheduled restart job, restart counter is at 32.
mar 20 10:29:27 ubuntu-GL503VD systemd[1]: Stopped Open5GS UDR Daemon.
mar 20 10:29:27 ubuntu-GL503VD systemd[1]: Started Open5GS UDR Daemon.
mar 20 10:29:27 ubuntu-GL503VD open5gs-udrd[4506]: Open5GS daemon v2.7.6
mar 20 10:29:27 ubuntu-GL503VD open5gs-udrd[4506]: 03/20 10:29:27.917: [app] INFO: Configuration: '/etc/open5gs/udr.yaml' (../lib/app/ogs-init.c:144)
mar 20 10:29:27 ubuntu-GL503VD open5gs-udrd[4506]: 03/20 10:29:27.917: [app] INFO: File Logging: '/var/log/open5gs/udr.log' (../lib/app/ogs-init.c:147)
mar 20 10:29:27 ubuntu-GL503VD open5gs-udrd[4506]: 03/20 10:29:27.920: [sbi] INFO: Setup NF EndPoint(addr) [192.168.50.200:7777] (../lib/sbi/context.c:507)
mar 20 10:29:27 ubuntu-GL503VD open5gs-udrd[4506]: 03/20 10:29:27.920: [dbi] WARNING: Failed to connect to server [mongodb://localhost/open5gs] (../lib/dbi/ogs-mongoc.c:122)
mar 20 10:29:27 ubuntu-GL503VD open5gs-udrd[4506]: 03/20 10:29:27.921: [app] WARNING: Failed to initialize UDR (../src/udr/app.c:28)
mar 20 10:29:27 ubuntu-GL503VD open5gs-udrd[4506]: DIGEST-MD5 common mech free
mar 20 10:29:27 ubuntu-GL503VD systemd[1]: open5gs-udrd.service: Deactivated successfully.
mar 20 10:29:30 ubuntu-GL503VD systemd[1]: open5gs-udrd.service: Scheduled restart job, restart counter is at 33.
mar 20 10:29:30 ubuntu-GL503VD systemd[1]: Stopped Open5GS UDR Daemon.
mar 20 10:29:30 ubuntu-GL503VD systemd[1]: Started Open5GS UDR Daemon.
mar 20 10:29:30 ubuntu-GL503VD open5gs-udrd[4526]: Open5GS daemon v2.7.6
mar 20 10:29:30 ubuntu-GL503VD open5gs-udrd[4526]: 03/20 10:29:30.166: [app] INFO: Configuration: '/etc/open5gs/udr.yaml' (../lib/app/ogs-init.c:144)
mar 20 10:29:30 ubuntu-GL503VD open5gs-udrd[4526]: 03/20 10:29:30.166: [app] INFO: File Logging: '/var/log/open5gs/udr.log' (../lib/app/ogs-init.c:147)
mar 20 10:29:30 ubuntu-GL503VD open5gs-udrd[4526]: 03/20 10:29:30.168: [sbi] INFO: Setup NF EndPoint(addr) [192.168.50.200:7777] (../lib/sbi/context.c:507)
mar 20 10:29:30 ubuntu-GL503VD open5gs-udrd[4526]: 03/20 10:29:30.168: [dbi] WARNING: Failed to connect to server [mongodb://localhost/open5gs] (../lib/dbi/ogs-mongoc.c:122)
mar 20 10:29:30 ubuntu-GL503VD open5gs-udrd[4526]: 03/20 10:29:30.168: [app] WARNING: Failed to initialize UDR (../src/udr/app.c:28)
mar 20 10:29:30 ubuntu-GL503VD open5gs-udrd[4526]: DIGEST-MD5 common mech free
mar 20 10:29:30 ubuntu-GL503VD systemd[1]: open5gs-udrd.service: Deactivated successfully.
mar 20 10:29:32 ubuntu-GL503VD systemd[1]: open5gs-udrd.service: Scheduled restart job, restart counter is at 34.
mar 20 10:29:32 ubuntu-GL503VD systemd[1]: Stopped Open5GS UDR Daemon.
mar 20 10:29:32 ubuntu-GL503VD systemd[1]: Started Open5GS UDR Daemon.
mar 20 10:29:32 ubuntu-GL503VD open5gs-udrd[4594]: Open5GS daemon v2.7.6
mar 20 10:29:32 ubuntu-GL503VD open5gs-udrd[4594]: 03/20 10:29:32.417: [app] INFO: Configuration: '/etc/open5gs/udr.yaml' (../lib/app/ogs-init.c:144)
mar 20 10:29:32 ubuntu-GL503VD open5gs-udrd[4594]: 03/20 10:29:32.417: [app] INFO: File Logging: '/var/log/open5gs/udr.log' (../lib/app/ogs-init.c:147)
mar 20 10:29:32 ubuntu-GL503VD open5gs-udrd[4594]: 03/20 10:29:32.420: [sbi] INFO: Setup NF EndPoint(addr) [192.168.50.200:7777] (../lib/sbi/context.c:507)
mar 20 10:29:32 ubuntu-GL503VD open5gs-udrd[4594]: 03/20 10:29:32.421: [dbi] WARNING: Failed to connect to server [mongodb://localhost/open5gs] (../lib/dbi/ogs-mongoc.c:122)
mar 20 10:29:32 ubuntu-GL503VD open5gs-udrd[4594]: 03/20 10:29:32.421: [app] WARNING: Failed to initialize UDR (../src/udr/app.c:28)
mar 20 10:29:32 ubuntu-GL503VD open5gs-udrd[4594]: DIGEST-MD5 common mech free
mar 20 10:29:32 ubuntu-GL503VD systemd[1]: open5gs-udrd.service: Deactivated successfully.
mar 20 10:29:34 ubuntu-GL503VD systemd[1]: open5gs-udrd.service: Scheduled restart job, restart counter is at 35.
mar 20 10:29:34 ubuntu-GL503VD systemd[1]: Stopped Open5GS UDR Daemon.
mar 20 10:29:34 ubuntu-GL503VD systemd[1]: Started Open5GS UDR Daemon.
mar 20 10:29:34 ubuntu-GL503VD open5gs-udrd[4599]: Open5GS daemon v2.7.6
mar 20 10:29:34 ubuntu-GL503VD open5gs-udrd[4599]: 03/20 10:29:34.442: [app] INFO: Configuration: '/etc/open5gs/udr.yaml' (../lib/app/ogs-init.c:144)
mar 20 10:29:34 ubuntu-GL503VD open5gs-udrd[4599]: 03/20 10:29:34.442: [app] INFO: File Logging: '/var/log/open5gs/udr.log' (../lib/app/ogs-init.c:147)
mar 20 10:29:34 ubuntu-GL503VD open5gs-udrd[4599]: 03/20 10:29:34.444: [sbi] INFO: Setup NF EndPoint(addr) [192.168.50.200:7777] (../lib/sbi/context.c:507)
mar 20 10:29:34 ubuntu-GL503VD open5gs-udrd[4599]: DIGEST-MD5 common mech free
mar 20 10:29:34 ubuntu-GL503VD open5gs-udrd[4599]: 03/20 10:29:34.444: [dbi] WARNING: Failed to connect to server [mongodb://localhost/open5gs] (../lib/dbi/ogs-mongoc.c:122)
mar 20 10:29:34 ubuntu-GL503VD open5gs-udrd[4599]: 03/20 10:29:34.444: [app] WARNING: Failed to initialize UDR (../src/udr/app.c:28)
mar 20 10:29:34 ubuntu-GL503VD systemd[1]: open5gs-udrd.service: Deactivated successfully.
mar 20 10:29:36 ubuntu-GL503VD systemd[1]: open5gs-udrd.service: Scheduled restart job, restart counter is at 36.
mar 20 10:29:36 ubuntu-GL503VD systemd[1]: Stopped Open5GS UDR Daemon.
mar 20 10:29:36 ubuntu-GL503VD systemd[1]: Started Open5GS UDR Daemon.
mar 20 10:29:36 ubuntu-GL503VD open5gs-udrd[4613]: Open5GS daemon v2.7.6
mar 20 10:29:36 ubuntu-GL503VD open5gs-udrd[4613]: 03/20 10:29:36.656: [app] INFO: Configuration: '/etc/open5gs/udr.yaml' (../lib/app/ogs-init.c:144)
mar 20 10:29:36 ubuntu-GL503VD open5gs-udrd[4613]: 03/20 10:29:36.656: [app] INFO: File Logging: '/var/log/open5gs/udr.log' (../lib/app/ogs-init.c:147)
mar 20 10:29:36 ubuntu-GL503VD open5gs-udrd[4613]: 03/20 10:29:36.658: [sbi] INFO: Setup NF EndPoint(addr) [192.168.50.200:7777] (../lib/sbi/context.c:507)
mar 20 10:29:36 ubuntu-GL503VD open5gs-udrd[4613]: 03/20 10:29:36.659: [dbi] WARNING: Failed to connect to server [mongodb://localhost/open5gs] (../lib/dbi/ogs-mongoc.c:122)
mar 20 10:29:36 ubuntu-GL503VD open5gs-udrd[4613]: 03/20 10:29:36.659: [app] WARNING: Failed to initialize UDR (../src/udr/app.c:28)
mar 20 10:29:36 ubuntu-GL503VD open5gs-udrd[4613]: DIGEST-MD5 common mech free
mar 20 10:29:36 ubuntu-GL503VD systemd[1]: open5gs-udrd.service: Deactivated successfully.
mar 20 10:29:38 ubuntu-GL503VD systemd[1]: open5gs-udrd.service: Scheduled restart job, restart counter is at 37.
mar 20 10:29:38 ubuntu-GL503VD systemd[1]: Stopped Open5GS UDR Daemon.
mar 20 10:29:38 ubuntu-GL503VD systemd[1]: Started Open5GS UDR Daemon.
mar 20 10:29:38 ubuntu-GL503VD open5gs-udrd[4615]: Open5GS daemon v2.7.6
mar 20 10:29:38 ubuntu-GL503VD open5gs-udrd[4615]: 03/20 10:29:38.694: [app] INFO: Configuration: '/etc/open5gs/udr.yaml' (../lib/app/ogs-init.c:144)
mar 20 10:29:38 ubuntu-GL503VD open5gs-udrd[4615]: 03/20 10:29:38.694: [app] INFO: File Logging: '/var/log/open5gs/udr.log' (../lib/app/ogs-init.c:147)
mar 20 10:29:38 ubuntu-GL503VD open5gs-udrd[4615]: 03/20 10:29:38.696: [sbi] INFO: Setup NF EndPoint(addr) [192.168.50.200:7777] (../lib/sbi/context.c:507)
mar 20 10:29:38 ubuntu-GL503VD open5gs-udrd[4615]: 03/20 10:29:38.696: [dbi] WARNING: Failed to connect to server [mongodb://localhost/open5gs] (../lib/dbi/ogs-mongoc.c:122)
mar 20 10:29:38 ubuntu-GL503VD open5gs-udrd[4615]: 03/20 10:29:38.696: [app] WARNING: Failed to initialize UDR (../src/udr/app.c:28)
mar 20 10:29:38 ubuntu-GL503VD open5gs-udrd[4615]: DIGEST-MD5 common mech free
mar 20 10:29:38 ubuntu-GL503VD systemd[1]: open5gs-udrd.service: Deactivated successfully.
mar 20 10:29:40 ubuntu-GL503VD systemd[1]: open5gs-udrd.service: Scheduled restart job, restart counter is at 38.
mar 20 10:29:40 ubuntu-GL503VD systemd[1]: Stopped Open5GS UDR Daemon.
mar 20 10:29:40 ubuntu-GL503VD systemd[1]: Started Open5GS UDR Daemon.
mar 20 10:29:40 ubuntu-GL503VD open5gs-udrd[4628]: Open5GS daemon v2.7.6
mar 20 10:29:40 ubuntu-GL503VD open5gs-udrd[4628]: 03/20 10:29:40.943: [app] INFO: Configuration: '/etc/open5gs/udr.yaml' (../lib/app/ogs-init.c:144)
mar 20 10:29:40 ubuntu-GL503VD open5gs-udrd[4628]: 03/20 10:29:40.943: [app] INFO: File Logging: '/var/log/open5gs/udr.log' (../lib/app/ogs-init.c:147)
mar 20 10:29:40 ubuntu-GL503VD open5gs-udrd[4628]: 03/20 10:29:40.945: [sbi] INFO: Setup NF EndPoint(addr) [192.168.50.200:7777] (../lib/sbi/context.c:507)
mar 20 10:29:40 ubuntu-GL503VD open5gs-udrd[4628]: DIGEST-MD5 common mech free
mar 20 10:29:40 ubuntu-GL503VD open5gs-udrd[4628]: 03/20 10:29:40.945: [dbi] WARNING: Failed to connect to server [mongodb://localhost/open5gs] (../lib/dbi/ogs-mongoc.c:122)
mar 20 10:29:40 ubuntu-GL503VD open5gs-udrd[4628]: 03/20 10:29:40.945: [app] WARNING: Failed to initialize UDR (../src/udr/app.c:28)
mar 20 10:29:40 ubuntu-GL503VD systemd[1]: open5gs-udrd.service: Deactivated successfully.
mar 20 10:29:43 ubuntu-GL503VD systemd[1]: open5gs-udrd.service: Scheduled restart job, restart counter is at 39.
mar 20 10:29:43 ubuntu-GL503VD systemd[1]: Stopped Open5GS UDR Daemon.
mar 20 10:29:43 ubuntu-GL503VD systemd[1]: Started Open5GS UDR Daemon.
mar 20 10:29:43 ubuntu-GL503VD open5gs-udrd[4641]: Open5GS daemon v2.7.6
mar 20 10:29:43 ubuntu-GL503VD open5gs-udrd[4641]: 03/20 10:29:43.190: [app] INFO: Configuration: '/etc/open5gs/udr.yaml' (../lib/app/ogs-init.c:144)
mar 20 10:29:43 ubuntu-GL503VD open5gs-udrd[4641]: 03/20 10:29:43.190: [app] INFO: File Logging: '/var/log/open5gs/udr.log' (../lib/app/ogs-init.c:147)
mar 20 10:29:43 ubuntu-GL503VD open5gs-udrd[4641]: 03/20 10:29:43.192: [sbi] INFO: Setup NF EndPoint(addr) [192.168.50.200:7777] (../lib/sbi/context.c:507)
mar 20 10:29:43 ubuntu-GL503VD open5gs-udrd[4641]: 03/20 10:29:43.192: [dbi] WARNING: Failed to connect to server [mongodb://localhost/open5gs] (../lib/dbi/ogs-mongoc.c:122)
mar 20 10:29:43 ubuntu-GL503VD open5gs-udrd[4641]: 03/20 10:29:43.192: [app] WARNING: Failed to initialize UDR (../src/udr/app.c:28)
mar 20 10:29:43 ubuntu-GL503VD open5gs-udrd[4641]: DIGEST-MD5 common mech free
mar 20 10:29:43 ubuntu-GL503VD systemd[1]: open5gs-udrd.service: Deactivated successfully.
mar 20 10:29:45 ubuntu-GL503VD systemd[1]: open5gs-udrd.service: Scheduled restart job, restart counter is at 40.
mar 20 10:29:45 ubuntu-GL503VD systemd[1]: Stopped Open5GS UDR Daemon.
mar 20 10:29:45 ubuntu-GL503VD systemd[1]: Started Open5GS UDR Daemon.
mar 20 10:29:45 ubuntu-GL503VD open5gs-udrd[4660]: Open5GS daemon v2.7.6
mar 20 10:29:45 ubuntu-GL503VD open5gs-udrd[4660]: 03/20 10:29:45.443: [app] INFO: Configuration: '/etc/open5gs/udr.yaml' (../lib/app/ogs-init.c:144)
mar 20 10:29:45 ubuntu-GL503VD open5gs-udrd[4660]: 03/20 10:29:45.443: [app] INFO: File Logging: '/var/log/open5gs/udr.log' (../lib/app/ogs-init.c:147)
mar 20 10:29:45 ubuntu-GL503VD open5gs-udrd[4660]: 03/20 10:29:45.445: [sbi] INFO: Setup NF EndPoint(addr) [192.168.50.200:7777] (../lib/sbi/context.c:507)
mar 20 10:29:45 ubuntu-GL503VD open5gs-udrd[4660]: DIGEST-MD5 common mech free
mar 20 10:29:45 ubuntu-GL503VD open5gs-udrd[4660]: 03/20 10:29:45.445: [dbi] WARNING: Failed to connect to server [mongodb://localhost/open5gs] (../lib/dbi/ogs-mongoc.c:122)
mar 20 10:29:45 ubuntu-GL503VD open5gs-udrd[4660]: 03/20 10:29:45.445: [app] WARNING: Failed to initialize UDR (../src/udr/app.c:28)
mar 20 10:29:45 ubuntu-GL503VD systemd[1]: open5gs-udrd.service: Deactivated successfully.
mar 20 10:29:47 ubuntu-GL503VD systemd[1]: open5gs-udrd.service: Scheduled restart job, restart counter is at 41.
mar 20 10:29:47 ubuntu-GL503VD systemd[1]: Stopped Open5GS UDR Daemon.
mar 20 10:29:47 ubuntu-GL503VD systemd[1]: Started Open5GS UDR Daemon.
mar 20 10:29:47 ubuntu-GL503VD open5gs-udrd[4674]: Open5GS daemon v2.7.6
mar 20 10:29:47 ubuntu-GL503VD open5gs-udrd[4674]: 03/20 10:29:47.691: [app] INFO: Configuration: '/etc/open5gs/udr.yaml' (../lib/app/ogs-init.c:144)
mar 20 10:29:47 ubuntu-GL503VD open5gs-udrd[4674]: 03/20 10:29:47.691: [app] INFO: File Logging: '/var/log/open5gs/udr.log' (../lib/app/ogs-init.c:147)
mar 20 10:29:47 ubuntu-GL503VD open5gs-udrd[4674]: 03/20 10:29:47.693: [sbi] INFO: Setup NF EndPoint(addr) [192.168.50.200:7777] (../lib/sbi/context.c:507)
mar 20 10:29:47 ubuntu-GL503VD open5gs-udrd[4674]: 03/20 10:29:47.693: [dbi] WARNING: Failed to connect to server [mongodb://localhost/open5gs] (../lib/dbi/ogs-mongoc.c:122)
mar 20 10:29:47 ubuntu-GL503VD open5gs-udrd[4674]: 03/20 10:29:47.693: [app] WARNING: Failed to initialize UDR (../src/udr/app.c:28)
mar 20 10:29:47 ubuntu-GL503VD open5gs-udrd[4674]: DIGEST-MD5 common mech free
mar 20 10:29:47 ubuntu-GL503VD systemd[1]: open5gs-udrd.service: Deactivated successfully.
mar 20 10:29:49 ubuntu-GL503VD systemd[1]: open5gs-udrd.service: Scheduled restart job, restart counter is at 42.
mar 20 10:29:49 ubuntu-GL503VD systemd[1]: Stopped Open5GS UDR Daemon.
mar 20 10:29:49 ubuntu-GL503VD systemd[1]: Started Open5GS UDR Daemon.
mar 20 10:29:49 ubuntu-GL503VD open5gs-udrd[4676]: DIGEST-MD5 common mech free
mar 20 10:29:49 ubuntu-GL503VD open5gs-udrd[4676]: Open5GS daemon v2.7.6
mar 20 10:29:49 ubuntu-GL503VD open5gs-udrd[4676]: 03/20 10:29:49.949: [app] INFO: Configuration: '/etc/open5gs/udr.yaml' (../lib/app/ogs-init.c:144)
mar 20 10:29:49 ubuntu-GL503VD open5gs-udrd[4676]: 03/20 10:29:49.949: [app] INFO: File Logging: '/var/log/open5gs/udr.log' (../lib/app/ogs-init.c:147)
mar 20 10:29:49 ubuntu-GL503VD open5gs-udrd[4676]: 03/20 10:29:49.951: [sbi] INFO: Setup NF EndPoint(addr) [192.168.50.200:7777] (../lib/sbi/context.c:507)
mar 20 10:29:49 ubuntu-GL503VD open5gs-udrd[4676]: 03/20 10:29:49.951: [dbi] WARNING: Failed to connect to server [mongodb://localhost/open5gs] (../lib/dbi/ogs-mongoc.c:122)
mar 20 10:29:49 ubuntu-GL503VD open5gs-udrd[4676]: 03/20 10:29:49.951: [app] WARNING: Failed to initialize UDR (../src/udr/app.c:28)
mar 20 10:29:49 ubuntu-GL503VD systemd[1]: open5gs-udrd.service: Deactivated successfully.
mar 20 10:29:52 ubuntu-GL503VD systemd[1]: open5gs-udrd.service: Scheduled restart job, restart counter is at 43.
mar 20 10:29:52 ubuntu-GL503VD systemd[1]: Stopped Open5GS UDR Daemon.
mar 20 10:29:52 ubuntu-GL503VD systemd[1]: Started Open5GS UDR Daemon.
mar 20 10:29:52 ubuntu-GL503VD open5gs-udrd[4689]: Open5GS daemon v2.7.6
mar 20 10:29:52 ubuntu-GL503VD open5gs-udrd[4689]: 03/20 10:29:52.192: [app] INFO: Configuration: '/etc/open5gs/udr.yaml' (../lib/app/ogs-init.c:144)
mar 20 10:29:52 ubuntu-GL503VD open5gs-udrd[4689]: 03/20 10:29:52.192: [app] INFO: File Logging: '/var/log/open5gs/udr.log' (../lib/app/ogs-init.c:147)
mar 20 10:29:52 ubuntu-GL503VD open5gs-udrd[4689]: 03/20 10:29:52.194: [sbi] INFO: Setup NF EndPoint(addr) [192.168.50.200:7777] (../lib/sbi/context.c:507)
mar 20 10:29:52 ubuntu-GL503VD open5gs-udrd[4689]: 03/20 10:29:52.194: [dbi] WARNING: Failed to connect to server [mongodb://localhost/open5gs] (../lib/dbi/ogs-mongoc.c:122)
mar 20 10:29:52 ubuntu-GL503VD open5gs-udrd[4689]: 03/20 10:29:52.194: [app] WARNING: Failed to initialize UDR (../src/udr/app.c:28)
mar 20 10:29:52 ubuntu-GL503VD open5gs-udrd[4689]: DIGEST-MD5 common mech free
mar 20 10:29:52 ubuntu-GL503VD systemd[1]: open5gs-udrd.service: Deactivated successfully.
mar 20 10:29:54 ubuntu-GL503VD systemd[1]: open5gs-udrd.service: Scheduled restart job, restart counter is at 44.
mar 20 10:29:54 ubuntu-GL503VD systemd[1]: Stopped Open5GS UDR Daemon.
mar 20 10:29:54 ubuntu-GL503VD systemd[1]: Started Open5GS UDR Daemon.
mar 20 10:29:54 ubuntu-GL503VD open5gs-udrd[4702]: Open5GS daemon v2.7.6
mar 20 10:29:54 ubuntu-GL503VD open5gs-udrd[4702]: 03/20 10:29:54.349: [app] INFO: Configuration: '/etc/open5gs/udr.yaml' (../lib/app/ogs-init.c:144)
mar 20 10:29:54 ubuntu-GL503VD open5gs-udrd[4702]: 03/20 10:29:54.349: [app] INFO: File Logging: '/var/log/open5gs/udr.log' (../lib/app/ogs-init.c:147)
mar 20 10:29:54 ubuntu-GL503VD open5gs-udrd[4702]: 03/20 10:29:54.351: [sbi] INFO: Setup NF EndPoint(addr) [192.168.50.200:7777] (../lib/sbi/context.c:507)
mar 20 10:29:54 ubuntu-GL503VD open5gs-udrd[4702]: 03/20 10:29:54.351: [dbi] WARNING: Failed to connect to server [mongodb://localhost/open5gs] (../lib/dbi/ogs-mongoc.c:122)
mar 20 10:29:54 ubuntu-GL503VD open5gs-udrd[4702]: 03/20 10:29:54.351: [app] WARNING: Failed to initialize UDR (../src/udr/app.c:28)
mar 20 10:29:54 ubuntu-GL503VD open5gs-udrd[4702]: DIGEST-MD5 common mech free
mar 20 10:29:54 ubuntu-GL503VD systemd[1]: open5gs-udrd.service: Deactivated successfully.
mar 20 10:29:56 ubuntu-GL503VD systemd[1]: open5gs-udrd.service: Scheduled restart job, restart counter is at 45.
mar 20 10:29:56 ubuntu-GL503VD systemd[1]: Stopped Open5GS UDR Daemon.
mar 20 10:29:56 ubuntu-GL503VD systemd[1]: Started Open5GS UDR Daemon.
mar 20 10:29:56 ubuntu-GL503VD open5gs-udrd[4707]: Open5GS daemon v2.7.6
mar 20 10:29:56 ubuntu-GL503VD open5gs-udrd[4707]: 03/20 10:29:56.441: [app] INFO: Configuration: '/etc/open5gs/udr.yaml' (../lib/app/ogs-init.c:144)
mar 20 10:29:56 ubuntu-GL503VD open5gs-udrd[4707]: 03/20 10:29:56.441: [app] INFO: File Logging: '/var/log/open5gs/udr.log' (../lib/app/ogs-init.c:147)
mar 20 10:29:56 ubuntu-GL503VD open5gs-udrd[4707]: 03/20 10:29:56.443: [sbi] INFO: Setup NF EndPoint(addr) [192.168.50.200:7777] (../lib/sbi/context.c:507)
mar 20 10:29:56 ubuntu-GL503VD open5gs-udrd[4707]: DIGEST-MD5 common mech free
mar 20 10:29:56 ubuntu-GL503VD open5gs-udrd[4707]: 03/20 10:29:56.444: [dbi] WARNING: Failed to connect to server [mongodb://localhost/open5gs] (../lib/dbi/ogs-mongoc.c:122)
mar 20 10:29:56 ubuntu-GL503VD open5gs-udrd[4707]: 03/20 10:29:56.444: [app] WARNING: Failed to initialize UDR (../src/udr/app.c:28)
mar 20 10:29:56 ubuntu-GL503VD systemd[1]: open5gs-udrd.service: Deactivated successfully.
mar 20 10:29:58 ubuntu-GL503VD systemd[1]: open5gs-udrd.service: Scheduled restart job, restart counter is at 46.
mar 20 10:29:58 ubuntu-GL503VD systemd[1]: Stopped Open5GS UDR Daemon.
mar 20 10:29:58 ubuntu-GL503VD systemd[1]: Started Open5GS UDR Daemon.
mar 20 10:29:58 ubuntu-GL503VD open5gs-udrd[4720]: Open5GS daemon v2.7.6
mar 20 10:29:58 ubuntu-GL503VD open5gs-udrd[4720]: 03/20 10:29:58.691: [app] INFO: Configuration: '/etc/open5gs/udr.yaml' (../lib/app/ogs-init.c:144)
mar 20 10:29:58 ubuntu-GL503VD open5gs-udrd[4720]: 03/20 10:29:58.691: [app] INFO: File Logging: '/var/log/open5gs/udr.log' (../lib/app/ogs-init.c:147)
mar 20 10:29:58 ubuntu-GL503VD open5gs-udrd[4720]: 03/20 10:29:58.693: [sbi] INFO: Setup NF EndPoint(addr) [192.168.50.200:7777] (../lib/sbi/context.c:507)
mar 20 10:29:58 ubuntu-GL503VD open5gs-udrd[4720]: 03/20 10:29:58.693: [dbi] WARNING: Failed to connect to server [mongodb://localhost/open5gs] (../lib/dbi/ogs-mongoc.c:122)
mar 20 10:29:58 ubuntu-GL503VD open5gs-udrd[4720]: 03/20 10:29:58.693: [app] WARNING: Failed to initialize UDR (../src/udr/app.c:28)
mar 20 10:29:58 ubuntu-GL503VD open5gs-udrd[4720]: DIGEST-MD5 common mech free
mar 20 10:29:58 ubuntu-GL503VD systemd[1]: open5gs-udrd.service: Deactivated successfully.
mar 20 10:30:00 ubuntu-GL503VD systemd[1]: open5gs-udrd.service: Scheduled restart job, restart counter is at 47.
mar 20 10:30:00 ubuntu-GL503VD systemd[1]: Stopped Open5GS UDR Daemon.
mar 20 10:30:00 ubuntu-GL503VD systemd[1]: Started Open5GS UDR Daemon.
mar 20 10:30:00 ubuntu-GL503VD open5gs-udrd[4722]: Open5GS daemon v2.7.6
mar 20 10:30:00 ubuntu-GL503VD open5gs-udrd[4722]: 03/20 10:30:00.946: [app] INFO: Configuration: '/etc/open5gs/udr.yaml' (../lib/app/ogs-init.c:144)
mar 20 10:30:00 ubuntu-GL503VD open5gs-udrd[4722]: 03/20 10:30:00.946: [app] INFO: File Logging: '/var/log/open5gs/udr.log' (../lib/app/ogs-init.c:147)
mar 20 10:30:00 ubuntu-GL503VD open5gs-udrd[4722]: 03/20 10:30:00.948: [sbi] INFO: Setup NF EndPoint(addr) [192.168.50.200:7777] (../lib/sbi/context.c:507)
mar 20 10:30:00 ubuntu-GL503VD open5gs-udrd[4722]: DIGEST-MD5 common mech free
mar 20 10:30:00 ubuntu-GL503VD open5gs-udrd[4722]: 03/20 10:30:00.948: [dbi] WARNING: Failed to connect to server [mongodb://localhost/open5gs] (../lib/dbi/ogs-mongoc.c:122)
mar 20 10:30:00 ubuntu-GL503VD open5gs-udrd[4722]: 03/20 10:30:00.948: [app] WARNING: Failed to initialize UDR (../src/udr/app.c:28)
mar 20 10:30:00 ubuntu-GL503VD systemd[1]: open5gs-udrd.service: Deactivated successfully.
mar 20 10:30:03 ubuntu-GL503VD systemd[1]: open5gs-udrd.service: Scheduled restart job, restart counter is at 48.
mar 20 10:30:03 ubuntu-GL503VD systemd[1]: Stopped Open5GS UDR Daemon.
mar 20 10:30:03 ubuntu-GL503VD systemd[1]: Started Open5GS UDR Daemon.
mar 20 10:30:03 ubuntu-GL503VD open5gs-udrd[4737]: Open5GS daemon v2.7.6
mar 20 10:30:03 ubuntu-GL503VD open5gs-udrd[4737]: 03/20 10:30:03.191: [app] INFO: Configuration: '/etc/open5gs/udr.yaml' (../lib/app/ogs-init.c:144)
mar 20 10:30:03 ubuntu-GL503VD open5gs-udrd[4737]: 03/20 10:30:03.191: [app] INFO: File Logging: '/var/log/open5gs/udr.log' (../lib/app/ogs-init.c:147)
mar 20 10:30:03 ubuntu-GL503VD open5gs-udrd[4737]: 03/20 10:30:03.193: [sbi] INFO: Setup NF EndPoint(addr) [192.168.50.200:7777] (../lib/sbi/context.c:507)
mar 20 10:30:03 ubuntu-GL503VD open5gs-udrd[4737]: DIGEST-MD5 common mech free
mar 20 10:30:03 ubuntu-GL503VD open5gs-udrd[4737]: 03/20 10:30:03.193: [dbi] WARNING: Failed to connect to server [mongodb://localhost/open5gs] (../lib/dbi/ogs-mongoc.c:122)
mar 20 10:30:03 ubuntu-GL503VD open5gs-udrd[4737]: 03/20 10:30:03.193: [app] WARNING: Failed to initialize UDR (../src/udr/app.c:28)
mar 20 10:30:03 ubuntu-GL503VD systemd[1]: open5gs-udrd.service: Deactivated successfully.
mar 20 10:30:05 ubuntu-GL503VD systemd[1]: open5gs-udrd.service: Scheduled restart job, restart counter is at 49.
mar 20 10:30:05 ubuntu-GL503VD systemd[1]: Stopped Open5GS UDR Daemon.
mar 20 10:30:05 ubuntu-GL503VD systemd[1]: Started Open5GS UDR Daemon.
mar 20 10:30:05 ubuntu-GL503VD open5gs-udrd[4753]: Open5GS daemon v2.7.6
mar 20 10:30:05 ubuntu-GL503VD open5gs-udrd[4753]: 03/20 10:30:05.442: [app] INFO: Configuration: '/etc/open5gs/udr.yaml' (../lib/app/ogs-init.c:144)
mar 20 10:30:05 ubuntu-GL503VD open5gs-udrd[4753]: 03/20 10:30:05.442: [app] INFO: File Logging: '/var/log/open5gs/udr.log' (../lib/app/ogs-init.c:147)
mar 20 10:30:05 ubuntu-GL503VD open5gs-udrd[4753]: 03/20 10:30:05.444: [sbi] INFO: Setup NF EndPoint(addr) [192.168.50.200:7777] (../lib/sbi/context.c:507)
mar 20 10:30:05 ubuntu-GL503VD open5gs-udrd[4753]: 03/20 10:30:05.444: [dbi] WARNING: Failed to connect to server [mongodb://localhost/open5gs] (../lib/dbi/ogs-mongoc.c:122)
mar 20 10:30:05 ubuntu-GL503VD open5gs-udrd[4753]: 03/20 10:30:05.444: [app] WARNING: Failed to initialize UDR (../src/udr/app.c:28)
mar 20 10:30:05 ubuntu-GL503VD open5gs-udrd[4753]: DIGEST-MD5 common mech free
mar 20 10:30:05 ubuntu-GL503VD systemd[1]: open5gs-udrd.service: Deactivated successfully.
mar 20 10:30:07 ubuntu-GL503VD systemd[1]: open5gs-udrd.service: Scheduled restart job, restart counter is at 50.
mar 20 10:30:07 ubuntu-GL503VD systemd[1]: Stopped Open5GS UDR Daemon.
mar 20 10:30:07 ubuntu-GL503VD systemd[1]: Started Open5GS UDR Daemon.
mar 20 10:30:07 ubuntu-GL503VD open5gs-udrd[4759]: Open5GS daemon v2.7.6
mar 20 10:30:07 ubuntu-GL503VD open5gs-udrd[4759]: 03/20 10:30:07.695: [app] INFO: Configuration: '/etc/open5gs/udr.yaml' (../lib/app/ogs-init.c:144)
mar 20 10:30:07 ubuntu-GL503VD open5gs-udrd[4759]: 03/20 10:30:07.695: [app] INFO: File Logging: '/var/log/open5gs/udr.log' (../lib/app/ogs-init.c:147)
mar 20 10:30:07 ubuntu-GL503VD open5gs-udrd[4759]: 03/20 10:30:07.697: [sbi] INFO: Setup NF EndPoint(addr) [192.168.50.200:7777] (../lib/sbi/context.c:507)
mar 20 10:30:07 ubuntu-GL503VD open5gs-udrd[4759]: DIGEST-MD5 common mech free
mar 20 10:30:07 ubuntu-GL503VD open5gs-udrd[4759]: 03/20 10:30:07.697: [dbi] WARNING: Failed to connect to server [mongodb://localhost/open5gs] (../lib/dbi/ogs-mongoc.c:122)
mar 20 10:30:07 ubuntu-GL503VD open5gs-udrd[4759]: 03/20 10:30:07.697: [app] WARNING: Failed to initialize UDR (../src/udr/app.c:28)
mar 20 10:30:07 ubuntu-GL503VD systemd[1]: open5gs-udrd.service: Deactivated successfully.
mar 20 10:30:09 ubuntu-GL503VD systemd[1]: open5gs-udrd.service: Scheduled restart job, restart counter is at 51.
mar 20 10:30:09 ubuntu-GL503VD systemd[1]: Stopped Open5GS UDR Daemon.
mar 20 10:30:09 ubuntu-GL503VD systemd[1]: Started Open5GS UDR Daemon.
mar 20 10:30:09 ubuntu-GL503VD open5gs-udrd[4773]: Open5GS daemon v2.7.6
mar 20 10:30:09 ubuntu-GL503VD open5gs-udrd[4773]: 03/20 10:30:09.949: [app] INFO: Configuration: '/etc/open5gs/udr.yaml' (../lib/app/ogs-init.c:144)
mar 20 10:30:09 ubuntu-GL503VD open5gs-udrd[4773]: 03/20 10:30:09.949: [app] INFO: File Logging: '/var/log/open5gs/udr.log' (../lib/app/ogs-init.c:147)
mar 20 10:30:09 ubuntu-GL503VD open5gs-udrd[4773]: 03/20 10:30:09.951: [sbi] INFO: Setup NF EndPoint(addr) [192.168.50.200:7777] (../lib/sbi/context.c:507)
mar 20 10:30:09 ubuntu-GL503VD open5gs-udrd[4773]: DIGEST-MD5 common mech free
mar 20 10:30:09 ubuntu-GL503VD open5gs-udrd[4773]: 03/20 10:30:09.951: [dbi] WARNING: Failed to connect to server [mongodb://localhost/open5gs] (../lib/dbi/ogs-mongoc.c:122)
mar 20 10:30:09 ubuntu-GL503VD open5gs-udrd[4773]: 03/20 10:30:09.951: [app] WARNING: Failed to initialize UDR (../src/udr/app.c:28)
mar 20 10:30:09 ubuntu-GL503VD systemd[1]: open5gs-udrd.service: Deactivated successfully.
mar 20 10:30:12 ubuntu-GL503VD systemd[1]: open5gs-udrd.service: Scheduled restart job, restart counter is at 52.
mar 20 10:30:12 ubuntu-GL503VD systemd[1]: Stopped Open5GS UDR Daemon.
mar 20 10:30:12 ubuntu-GL503VD systemd[1]: Started Open5GS UDR Daemon.
mar 20 10:30:12 ubuntu-GL503VD open5gs-udrd[4775]: Open5GS daemon v2.7.6
mar 20 10:30:12 ubuntu-GL503VD open5gs-udrd[4775]: 03/20 10:30:12.192: [app] INFO: Configuration: '/etc/open5gs/udr.yaml' (../lib/app/ogs-init.c:144)
mar 20 10:30:12 ubuntu-GL503VD open5gs-udrd[4775]: 03/20 10:30:12.192: [app] INFO: File Logging: '/var/log/open5gs/udr.log' (../lib/app/ogs-init.c:147)
mar 20 10:30:12 ubuntu-GL503VD open5gs-udrd[4775]: 03/20 10:30:12.194: [sbi] INFO: Setup NF EndPoint(addr) [192.168.50.200:7777] (../lib/sbi/context.c:507)
mar 20 10:30:12 ubuntu-GL503VD open5gs-udrd[4775]: 03/20 10:30:12.195: [dbi] WARNING: Failed to connect to server [mongodb://localhost/open5gs] (../lib/dbi/ogs-mongoc.c:122)
mar 20 10:30:12 ubuntu-GL503VD open5gs-udrd[4775]: 03/20 10:30:12.195: [app] WARNING: Failed to initialize UDR (../src/udr/app.c:28)
mar 20 10:30:12 ubuntu-GL503VD open5gs-udrd[4775]: DIGEST-MD5 common mech free
mar 20 10:30:12 ubuntu-GL503VD systemd[1]: open5gs-udrd.service: Deactivated successfully.
mar 20 10:30:14 ubuntu-GL503VD systemd[1]: open5gs-udrd.service: Scheduled restart job, restart counter is at 53.
mar 20 10:30:14 ubuntu-GL503VD systemd[1]: Stopped Open5GS UDR Daemon.
mar 20 10:30:14 ubuntu-GL503VD systemd[1]: Started Open5GS UDR Daemon.
mar 20 10:30:14 ubuntu-GL503VD open5gs-udrd[4788]: Open5GS daemon v2.7.6
mar 20 10:30:14 ubuntu-GL503VD open5gs-udrd[4788]: 03/20 10:30:14.444: [app] INFO: Configuration: '/etc/open5gs/udr.yaml' (../lib/app/ogs-init.c:144)
mar 20 10:30:14 ubuntu-GL503VD open5gs-udrd[4788]: 03/20 10:30:14.444: [app] INFO: File Logging: '/var/log/open5gs/udr.log' (../lib/app/ogs-init.c:147)
mar 20 10:30:14 ubuntu-GL503VD open5gs-udrd[4788]: 03/20 10:30:14.446: [sbi] INFO: Setup NF EndPoint(addr) [192.168.50.200:7777] (../lib/sbi/context.c:507)
mar 20 10:30:14 ubuntu-GL503VD open5gs-udrd[4788]: DIGEST-MD5 common mech free
mar 20 10:30:14 ubuntu-GL503VD open5gs-udrd[4788]: 03/20 10:30:14.446: [dbi] WARNING: Failed to connect to server [mongodb://localhost/open5gs] (../lib/dbi/ogs-mongoc.c:122)
mar 20 10:30:14 ubuntu-GL503VD open5gs-udrd[4788]: 03/20 10:30:14.446: [app] WARNING: Failed to initialize UDR (../src/udr/app.c:28)
mar 20 10:30:14 ubuntu-GL503VD systemd[1]: open5gs-udrd.service: Deactivated successfully.
mar 20 10:30:16 ubuntu-GL503VD systemd[1]: open5gs-udrd.service: Scheduled restart job, restart counter is at 54.
mar 20 10:30:16 ubuntu-GL503VD systemd[1]: Stopped Open5GS UDR Daemon.
mar 20 10:30:16 ubuntu-GL503VD systemd[1]: Started Open5GS UDR Daemon.
mar 20 10:30:16 ubuntu-GL503VD open5gs-udrd[4797]: Open5GS daemon v2.7.6
mar 20 10:30:16 ubuntu-GL503VD open5gs-udrd[4797]: 03/20 10:30:16.692: [app] INFO: Configuration: '/etc/open5gs/udr.yaml' (../lib/app/ogs-init.c:144)
mar 20 10:30:16 ubuntu-GL503VD open5gs-udrd[4797]: 03/20 10:30:16.692: [app] INFO: File Logging: '/var/log/open5gs/udr.log' (../lib/app/ogs-init.c:147)
mar 20 10:30:16 ubuntu-GL503VD open5gs-udrd[4797]: 03/20 10:30:16.694: [sbi] INFO: Setup NF EndPoint(addr) [192.168.50.200:7777] (../lib/sbi/context.c:507)
mar 20 10:30:16 ubuntu-GL503VD open5gs-udrd[4797]: DIGEST-MD5 common mech free
mar 20 10:30:16 ubuntu-GL503VD open5gs-udrd[4797]: 03/20 10:30:16.694: [dbi] WARNING: Failed to connect to server [mongodb://localhost/open5gs] (../lib/dbi/ogs-mongoc.c:122)
mar 20 10:30:16 ubuntu-GL503VD open5gs-udrd[4797]: 03/20 10:30:16.694: [app] WARNING: Failed to initialize UDR (../src/udr/app.c:28)
mar 20 10:30:16 ubuntu-GL503VD systemd[1]: open5gs-udrd.service: Deactivated successfully.
mar 20 10:30:18 ubuntu-GL503VD systemd[1]: open5gs-udrd.service: Scheduled restart job, restart counter is at 55.
mar 20 10:30:18 ubuntu-GL503VD systemd[1]: Stopped Open5GS UDR Daemon.
mar 20 10:30:18 ubuntu-GL503VD systemd[1]: Started Open5GS UDR Daemon.
mar 20 10:30:18 ubuntu-GL503VD open5gs-udrd[5250]: Open5GS daemon v2.7.6
mar 20 10:30:18 ubuntu-GL503VD open5gs-udrd[5250]: 03/20 10:30:18.870: [app] INFO: Configuration: '/etc/open5gs/udr.yaml' (../lib/app/ogs-init.c:144)
mar 20 10:30:18 ubuntu-GL503VD open5gs-udrd[5250]: 03/20 10:30:18.870: [app] INFO: File Logging: '/var/log/open5gs/udr.log' (../lib/app/ogs-init.c:147)
mar 20 10:30:18 ubuntu-GL503VD open5gs-udrd[5250]: 03/20 10:30:18.872: [sbi] INFO: Setup NF EndPoint(addr) [192.168.50.200:7777] (../lib/sbi/context.c:507)
mar 20 10:30:18 ubuntu-GL503VD open5gs-udrd[5250]: 03/20 10:30:18.874: [dbi] INFO: MongoDB URI: 'mongodb://localhost/open5gs' (../lib/dbi/ogs-mongoc.c:130)
mar 20 10:30:18 ubuntu-GL503VD open5gs-udrd[5250]: 03/20 10:30:18.874: [sbi] INFO: NF Service [nudr-dr] (../lib/sbi/context.c:1994)
mar 20 10:30:18 ubuntu-GL503VD open5gs-udrd[5250]: 03/20 10:30:18.875: [sbi] INFO: nghttp2_server() [http://127.0.0.20]:7777 (../lib/sbi/nghttp2-server.c:439)
mar 20 10:30:18 ubuntu-GL503VD open5gs-udrd[5250]: 03/20 10:30:18.875: [app] INFO: UDR initialize...done (../src/udr/app.c:31)
mar 20 10:30:18 ubuntu-GL503VD open5gs-udrd[5250]: 03/20 10:30:18.879: [sbi] INFO: [6905e0d2-243f-41f1-9428-9dba15e65a20] NF registered [Heartbeat:10s] (../lib/sbi/nf-sm.c:295)
mar 20 10:30:18 ubuntu-GL503VD open5gs-udrd[5250]: 03/20 10:30:18.882: [sbi] INFO: Setup NF EndPoint(addr) [127.0.0.10:7777] (../lib/sbi/nnrf-handler.c:955)
mar 20 10:30:18 ubuntu-GL503VD open5gs-udrd[5250]: 03/20 10:30:18.882: [sbi] INFO: [69072974-243f-41f1-951d-6d19baefd136] Subscription created until 2026-03-21T10:30:18.881307+01:00 [duration:86400000000,validity:86400.000000,patch:43200.000000] (../lib/sbi/nnrf-handler.c:874)
mar 20 10:38:01 ubuntu-GL503VD open5gs-udrd[5250]: 03/20 10:38:01.748: [dbi] INFO: [imsi-262010000071637] Cannot find IMSI in DB (../lib/dbi/subscription.c:63)
mar 20 10:38:01 ubuntu-GL503VD open5gs-udrd[5250]: 03/20 10:38:01.748: [udr] WARNING: [imsi-262010000071637] Cannot find SUPI in DB (../src/udr/nudr-handler.c:68)
mar 20 10:38:52 ubuntu-GL503VD open5gs-udrd[5250]: 03/20 10:38:52.271: [dbi] INFO: [imsi-999700000071639] Cannot find IMSI in DB (../lib/dbi/subscription.c:63)
mar 20 10:38:52 ubuntu-GL503VD open5gs-udrd[5250]: 03/20 10:38:52.271: [udr] WARNING: [imsi-999700000071639] Cannot find SUPI in DB (../src/udr/nudr-handler.c:68)
mar 20 11:40:13 ubuntu-GL503VD open5gs-udrd[5250]: 03/20 11:40:13.848: [sbi] ERROR: [6905e0d2-243f-41f1-9428-9dba15e65a20] No heartbeat [type:UDR] (../lib/sbi/nf-sm.c:431)
mar 20 11:40:13 ubuntu-GL503VD open5gs-udrd[5250]: 03/20 11:40:13.848: [sbi] INFO: [6905e0d2-243f-41f1-9428-9dba15e65a20] NF de-registered (../lib/sbi/nf-sm.c:324)
mar 20 11:40:15 ubuntu-GL503VD open5gs-udrd[5250]: 03/20 11:40:15.939: [sbi] ERROR: [6905e0d2-243f-41f1-9428-9dba15e65a20] HTTP Response Status Code [404] (../lib/sbi/nf-sm.c:232)
mar 20 11:40:17 ubuntu-GL503VD open5gs-udrd[5250]: 03/20 11:40:17.942: [sbi] WARNING: [6905e0d2-243f-41f1-9428-9dba15e65a20] Retry registration with NRF (../lib/sbi/nf-sm.c:529)
mar 20 11:40:17 ubuntu-GL503VD open5gs-udrd[5250]: 03/20 11:40:17.943: [sbi] INFO: [6905e0d2-243f-41f1-9428-9dba15e65a20] NF registered [Heartbeat:10s] (../lib/sbi/nf-sm.c:295)
mar 20 11:40:17 ubuntu-GL503VD open5gs-udrd[5250]: 03/20 11:40:17.944: [sbi] INFO: Setup NF EndPoint(addr) [127.0.0.10:7777] (../lib/sbi/nnrf-handler.c:955)
mar 20 11:40:17 ubuntu-GL503VD open5gs-udrd[5250]: 03/20 11:40:17.944: [sbi] INFO: [2fdd3aa8-2449-41f1-951d-6d19baefd136] Subscription created until 2026-03-21T11:40:17.943661+01:00 [duration:86400000000,validity:86400.000000,patch:43200.000000] (../lib/sbi/nnrf-handler.c:874)
mar 20 11:54:49 ubuntu-GL503VD open5gs-udrd[5250]: 03/20 11:54:49.536: [sbi] ERROR: [6905e0d2-243f-41f1-9428-9dba15e65a20] No heartbeat [type:UDR] (../lib/sbi/nf-sm.c:431)
mar 20 11:54:49 ubuntu-GL503VD open5gs-udrd[5250]: 03/20 11:54:49.536: [sbi] INFO: [6905e0d2-243f-41f1-9428-9dba15e65a20] NF de-registered (../lib/sbi/nf-sm.c:324)
mar 20 11:54:59 ubuntu-GL503VD open5gs-udrd[5250]: 03/20 11:54:59.552: [sbi] ERROR: Connection timer expired [METHOD:PATCH] (../lib/sbi/client.c:658)
mar 20 11:54:59 ubuntu-GL503VD open5gs-udrd[5250]: 03/20 11:54:59.552: [sbi] ERROR: Effective URL: http://192.168.50.200:7777/nnrf-nfm/v1/nf-instances/6905e0d2-243f-41f1-9428-9dba15e65a20 (../lib/sbi/client.c:662)
mar 20 11:54:59 ubuntu-GL503VD open5gs-udrd[5250]: 03/20 11:54:59.552: [sbi] WARNING: ogs_sbi_client_handler() failed [-3] (../lib/sbi/path.c:62)
mar 20 11:55:00 ubuntu-GL503VD open5gs-udrd[5250]: 03/20 11:55:00.537: [sbi] ERROR: Connection timer expired [METHOD:PUT] (../lib/sbi/client.c:658)
mar 20 11:55:00 ubuntu-GL503VD open5gs-udrd[5250]: 03/20 11:55:00.537: [sbi] ERROR: Effective URL: http://192.168.50.200:7777/nnrf-nfm/v1/nf-instances/6905e0d2-243f-41f1-9428-9dba15e65a20 (../lib/sbi/client.c:662)
mar 20 11:55:00 ubuntu-GL503VD open5gs-udrd[5250]: 03/20 11:55:00.537: [sbi] WARNING: ogs_sbi_client_handler() failed [-3] (../lib/sbi/path.c:62)
mar 20 11:55:00 ubuntu-GL503VD open5gs-udrd[5250]: 03/20 11:55:00.537: [sbi] WARNING: [6905e0d2-243f-41f1-9428-9dba15e65a20] Retry registration with NRF (../lib/sbi/nf-sm.c:256)
mar 20 11:55:11 ubuntu-GL503VD open5gs-udrd[5250]: 03/20 11:55:11.544: [sbi] ERROR: Connection timer expired [METHOD:PUT] (../lib/sbi/client.c:658)
mar 20 11:55:11 ubuntu-GL503VD open5gs-udrd[5250]: 03/20 11:55:11.544: [sbi] ERROR: Effective URL: http://192.168.50.200:7777/nnrf-nfm/v1/nf-instances/6905e0d2-243f-41f1-9428-9dba15e65a20 (../lib/sbi/client.c:662)
mar 20 11:55:11 ubuntu-GL503VD open5gs-udrd[5250]: 03/20 11:55:11.544: [sbi] WARNING: ogs_sbi_client_handler() failed [-3] (../lib/sbi/path.c:62)
mar 20 11:55:11 ubuntu-GL503VD open5gs-udrd[5250]: 03/20 11:55:11.544: [sbi] WARNING: [6905e0d2-243f-41f1-9428-9dba15e65a20] Retry registration with NRF (../lib/sbi/nf-sm.c:256)
mar 20 12:10:25 ubuntu-GL503VD open5gs-udrd[5250]: 03/20 12:10:25.150: [core] ERROR: epoll failed (4:Interrupted system call) (../lib/core/ogs-epoll.c:221)
mar 20 12:10:25 ubuntu-GL503VD open5gs-udrd[5250]: 03/20 12:10:25.150: [sbi] ERROR: Connection timer expired [METHOD:PUT] (../lib/sbi/client.c:658)
mar 20 12:10:25 ubuntu-GL503VD open5gs-udrd[5250]: 03/20 12:10:25.150: [sbi] ERROR: Effective URL: http://192.168.50.200:7777/nnrf-nfm/v1/nf-instances/6905e0d2-243f-41f1-9428-9dba15e65a20 (../lib/sbi/client.c:662)
mar 20 12:10:25 ubuntu-GL503VD open5gs-udrd[5250]: 03/20 12:10:25.150: [sbi] WARNING: ogs_sbi_client_handler() failed [-3] (../lib/sbi/path.c:62)
mar 20 12:10:25 ubuntu-GL503VD open5gs-udrd[5250]: 03/20 12:10:25.150: [sbi] WARNING: [6905e0d2-243f-41f1-9428-9dba15e65a20] Retry registration with NRF (../lib/sbi/nf-sm.c:256)
mar 20 12:10:36 ubuntu-GL503VD open5gs-udrd[5250]: 03/20 12:10:36.161: [sbi] ERROR: Connection timer expired [METHOD:PUT] (../lib/sbi/client.c:658)
mar 20 12:10:36 ubuntu-GL503VD open5gs-udrd[5250]: 03/20 12:10:36.161: [sbi] ERROR: Effective URL: http://192.168.50.200:7777/nnrf-nfm/v1/nf-instances/6905e0d2-243f-41f1-9428-9dba15e65a20 (../lib/sbi/client.c:662)
mar 20 12:10:36 ubuntu-GL503VD open5gs-udrd[5250]: 03/20 12:10:36.161: [sbi] WARNING: ogs_sbi_client_handler() failed [-3] (../lib/sbi/path.c:62)
mar 20 12:10:36 ubuntu-GL503VD open5gs-udrd[5250]: 03/20 12:10:36.163: [sbi] WARNING: [6905e0d2-243f-41f1-9428-9dba15e65a20] Retry registration with NRF (../lib/sbi/nf-sm.c:256)
mar 20 12:10:36 ubuntu-GL503VD open5gs-udrd[5250]: 03/20 12:10:36.239: [sbi] INFO: [6905e0d2-243f-41f1-9428-9dba15e65a20] NF registered [Heartbeat:10s] (../lib/sbi/nf-sm.c:295)
mar 20 12:10:36 ubuntu-GL503VD open5gs-udrd[5250]: 03/20 12:10:36.254: [sbi] INFO: Setup NF EndPoint(addr) [127.0.0.10:7777] (../lib/sbi/nnrf-handler.c:955)
mar 20 12:10:36 ubuntu-GL503VD open5gs-udrd[5250]: 03/20 12:10:36.254: [sbi] INFO: [6ba7c40a-244d-41f1-951d-6d19baefd136] Subscription created until 2026-03-21T12:10:36.243563+01:00 [duration:86400000000,validity:86400.000000,patch:43200.000000] (../lib/sbi/nnrf-handler.c:874)
mar 20 12:11:07 ubuntu-GL503VD open5gs-udrd[5250]: 03/20 12:11:07.261: [sbi] ERROR: [6905e0d2-243f-41f1-9428-9dba15e65a20] No heartbeat [type:UDR] (../lib/sbi/nf-sm.c:431)
mar 20 12:11:07 ubuntu-GL503VD open5gs-udrd[5250]: 03/20 12:11:07.261: [sbi] INFO: [6905e0d2-243f-41f1-9428-9dba15e65a20] NF de-registered (../lib/sbi/nf-sm.c:324)
mar 20 12:11:12 ubuntu-GL503VD open5gs-udrd[5250]: 03/20 12:11:12.637: [sbi] ERROR: [6905e0d2-243f-41f1-9428-9dba15e65a20] HTTP Response Status Code [404] (../lib/sbi/nf-sm.c:232)
mar 20 12:11:14 ubuntu-GL503VD open5gs-udrd[5250]: 03/20 12:11:14.638: [sbi] WARNING: [6905e0d2-243f-41f1-9428-9dba15e65a20] Retry registration with NRF (../lib/sbi/nf-sm.c:529)
mar 20 12:11:14 ubuntu-GL503VD open5gs-udrd[5250]: 03/20 12:11:14.639: [sbi] INFO: [6905e0d2-243f-41f1-9428-9dba15e65a20] NF registered [Heartbeat:10s] (../lib/sbi/nf-sm.c:295)
mar 20 12:11:14 ubuntu-GL503VD open5gs-udrd[5250]: 03/20 12:11:14.641: [sbi] INFO: Setup NF EndPoint(addr) [127.0.0.10:7777] (../lib/sbi/nnrf-handler.c:955)
mar 20 12:11:14 ubuntu-GL503VD open5gs-udrd[5250]: 03/20 12:11:14.641: [sbi] INFO: [828ab0ba-244d-41f1-951d-6d19baefd136] Subscription created until 2026-03-21T12:11:14.640530+01:00 [duration:86400000000,validity:86400.000000,patch:43200.000000] (../lib/sbi/nnrf-handler.c:874)
mar 20 12:11:45 ubuntu-GL503VD open5gs-udrd[5250]: 03/20 12:11:45.661: [sbi] ERROR: [6905e0d2-243f-41f1-9428-9dba15e65a20] No heartbeat [type:UDR] (../lib/sbi/nf-sm.c:431)
mar 20 12:11:45 ubuntu-GL503VD open5gs-udrd[5250]: 03/20 12:11:45.661: [sbi] INFO: [6905e0d2-243f-41f1-9428-9dba15e65a20] NF de-registered (../lib/sbi/nf-sm.c:324)
mar 20 12:11:55 ubuntu-GL503VD open5gs-udrd[5250]: 03/20 12:11:55.680: [sbi] ERROR: Connection timer expired [METHOD:PATCH] (../lib/sbi/client.c:658)
mar 20 12:11:55 ubuntu-GL503VD open5gs-udrd[5250]: 03/20 12:11:55.680: [sbi] ERROR: Effective URL: http://192.168.50.200:7777/nnrf-nfm/v1/nf-instances/6905e0d2-243f-41f1-9428-9dba15e65a20 (../lib/sbi/client.c:662)
mar 20 12:11:55 ubuntu-GL503VD open5gs-udrd[5250]: 03/20 12:11:55.680: [sbi] WARNING: ogs_sbi_client_handler() failed [-3] (../lib/sbi/path.c:62)
mar 20 12:11:55 ubuntu-GL503VD open5gs-udrd[5250]: 03/20 12:11:55.687: [sbi] ERROR: OVERFLOW NFProfile->plmn_list [12:12:12] (../lib/sbi/nnrf-handler.c:59)
mar 20 12:11:55 ubuntu-GL503VD open5gs-udrd[5250]: 03/20 12:11:55.687: [sbi] INFO: [6905e0d2-243f-41f1-9428-9dba15e65a20] NF registered [Heartbeat:10s] (../lib/sbi/nf-sm.c:295)
mar 20 12:11:55 ubuntu-GL503VD open5gs-udrd[5250]: 03/20 12:11:55.691: [sbi] INFO: Setup NF EndPoint(addr) [127.0.0.10:7777] (../lib/sbi/nnrf-handler.c:955)
mar 20 12:11:55 ubuntu-GL503VD open5gs-udrd[5250]: 03/20 12:11:55.691: [sbi] INFO: [9b025986-244d-41f1-951d-6d19baefd136] Subscription created until 2026-03-21T12:11:55.690035+01:00 [duration:86400000000,validity:86400.000000,patch:43200.000000] (../lib/sbi/nnrf-handler.c:874)
mar 20 12:12:36 ubuntu-GL503VD open5gs-udrd[5250]: 03/20 12:12:36.712: [sbi] ERROR: [6905e0d2-243f-41f1-9428-9dba15e65a20] No heartbeat [type:UDR] (../lib/sbi/nf-sm.c:431)
mar 20 12:12:36 ubuntu-GL503VD open5gs-udrd[5250]: 03/20 12:12:36.712: [sbi] INFO: [6905e0d2-243f-41f1-9428-9dba15e65a20] NF de-registered (../lib/sbi/nf-sm.c:324)
mar 20 12:12:38 ubuntu-GL503VD open5gs-udrd[5250]: 03/20 12:12:38.842: [sbi] ERROR: [6905e0d2-243f-41f1-9428-9dba15e65a20] HTTP Response Status Code [404] (../lib/sbi/nf-sm.c:232)
mar 20 12:12:40 ubuntu-GL503VD open5gs-udrd[5250]: 03/20 12:12:40.844: [sbi] WARNING: [6905e0d2-243f-41f1-9428-9dba15e65a20] Retry registration with NRF (../lib/sbi/nf-sm.c:529)
mar 20 12:12:40 ubuntu-GL503VD open5gs-udrd[5250]: 03/20 12:12:40.846: [sbi] ERROR: OVERFLOW NFProfile->plmn_list [12:12:12] (../lib/sbi/nnrf-handler.c:59)
mar 20 12:12:40 ubuntu-GL503VD open5gs-udrd[5250]: 03/20 12:12:40.846: [sbi] INFO: [6905e0d2-243f-41f1-9428-9dba15e65a20] NF registered [Heartbeat:10s] (../lib/sbi/nf-sm.c:295)
mar 20 12:12:40 ubuntu-GL503VD open5gs-udrd[5250]: 03/20 12:12:40.847: [sbi] INFO: Setup NF EndPoint(addr) [127.0.0.10:7777] (../lib/sbi/nnrf-handler.c:955)
mar 20 12:12:40 ubuntu-GL503VD open5gs-udrd[5250]: 03/20 12:12:40.847: [sbi] INFO: [b5ecb520-244d-41f1-951d-6d19baefd136] Subscription created until 2026-03-21T12:12:40.846728+01:00 [duration:86400000000,validity:86400.000000,patch:43200.000000] (../lib/sbi/nnrf-handler.c:874)
mar 20 12:13:11 ubuntu-GL503VD open5gs-udrd[5250]: 03/20 12:13:11.868: [sbi] ERROR: [6905e0d2-243f-41f1-9428-9dba15e65a20] No heartbeat [type:UDR] (../lib/sbi/nf-sm.c:431)
mar 20 12:13:11 ubuntu-GL503VD open5gs-udrd[5250]: 03/20 12:13:11.868: [sbi] INFO: [6905e0d2-243f-41f1-9428-9dba15e65a20] NF de-registered (../lib/sbi/nf-sm.c:324)
mar 20 12:13:21 ubuntu-GL503VD open5gs-udrd[5250]: 03/20 12:13:21.886: [sbi] ERROR: Connection timer expired [METHOD:PATCH] (../lib/sbi/client.c:658)
mar 20 12:13:21 ubuntu-GL503VD open5gs-udrd[5250]: 03/20 12:13:21.886: [sbi] ERROR: Effective URL: http://192.168.50.200:7777/nnrf-nfm/v1/nf-instances/6905e0d2-243f-41f1-9428-9dba15e65a20 (../lib/sbi/client.c:662)
mar 20 12:13:21 ubuntu-GL503VD open5gs-udrd[5250]: 03/20 12:13:21.886: [sbi] WARNING: ogs_sbi_client_handler() failed [-3] (../lib/sbi/path.c:62)
mar 20 12:13:21 ubuntu-GL503VD open5gs-udrd[5250]: 03/20 12:13:21.890: [sbi] ERROR: OVERFLOW NFProfile->plmn_list [12:12:12] (../lib/sbi/nnrf-handler.c:59)
mar 20 12:13:21 ubuntu-GL503VD open5gs-udrd[5250]: 03/20 12:13:21.890: [sbi] INFO: [6905e0d2-243f-41f1-9428-9dba15e65a20] NF registered [Heartbeat:10s] (../lib/sbi/nf-sm.c:295)
mar 20 12:13:21 ubuntu-GL503VD open5gs-udrd[5250]: 03/20 12:13:21.893: [sbi] INFO: Setup NF EndPoint(addr) [127.0.0.10:7777] (../lib/sbi/nnrf-handler.c:955)
mar 20 12:13:21 ubuntu-GL503VD open5gs-udrd[5250]: 03/20 12:13:21.893: [sbi] INFO: [ce63ad16-244d-41f1-951d-6d19baefd136] Subscription created until 2026-03-21T12:13:21.891686+01:00 [duration:86400000000,validity:86400.000000,patch:43200.000000] (../lib/sbi/nnrf-handler.c:874)
mar 20 12:13:52 ubuntu-GL503VD open5gs-udrd[5250]: 03/20 12:13:52.914: [sbi] ERROR: [6905e0d2-243f-41f1-9428-9dba15e65a20] No heartbeat [type:UDR] (../lib/sbi/nf-sm.c:431)
mar 20 12:13:52 ubuntu-GL503VD open5gs-udrd[5250]: 03/20 12:13:52.914: [sbi] INFO: [6905e0d2-243f-41f1-9428-9dba15e65a20] NF de-registered (../lib/sbi/nf-sm.c:324)
mar 20 12:14:02 ubuntu-GL503VD open5gs-udrd[5250]: 03/20 12:14:02.933: [sbi] ERROR: Connection timer expired [METHOD:PATCH] (../lib/sbi/client.c:658)
mar 20 12:14:02 ubuntu-GL503VD open5gs-udrd[5250]: 03/20 12:14:02.933: [sbi] ERROR: Effective URL: http://192.168.50.200:7777/nnrf-nfm/v1/nf-instances/6905e0d2-243f-41f1-9428-9dba15e65a20 (../lib/sbi/client.c:662)
mar 20 12:14:02 ubuntu-GL503VD open5gs-udrd[5250]: 03/20 12:14:02.933: [sbi] WARNING: ogs_sbi_client_handler() failed [-3] (../lib/sbi/path.c:62)
mar 20 12:14:02 ubuntu-GL503VD open5gs-udrd[5250]: 03/20 12:14:02.941: [sbi] ERROR: OVERFLOW NFProfile->plmn_list [12:12:12] (../lib/sbi/nnrf-handler.c:59)
mar 20 12:14:02 ubuntu-GL503VD open5gs-udrd[5250]: 03/20 12:14:02.941: [sbi] INFO: [6905e0d2-243f-41f1-9428-9dba15e65a20] NF registered [Heartbeat:10s] (../lib/sbi/nf-sm.c:295)
mar 20 12:14:02 ubuntu-GL503VD open5gs-udrd[5250]: 03/20 12:14:02.943: [sbi] INFO: Setup NF EndPoint(addr) [127.0.0.10:7777] (../lib/sbi/nnrf-handler.c:955)
mar 20 12:14:02 ubuntu-GL503VD open5gs-udrd[5250]: 03/20 12:14:02.943: [sbi] INFO: [e6db6352-244d-41f1-951d-6d19baefd136] Subscription created until 2026-03-21T12:14:02.941556+01:00 [duration:86400000000,validity:86400.000000,patch:43200.000000] (../lib/sbi/nnrf-handler.c:874)
mar 20 14:27:21 ubuntu-GL503VD open5gs-udrd[5250]: 03/20 14:27:21.064: [sbi] ERROR: [6905e0d2-243f-41f1-9428-9dba15e65a20] No heartbeat [type:UDR] (../lib/sbi/nf-sm.c:431)
mar 20 14:27:21 ubuntu-GL503VD open5gs-udrd[5250]: 03/20 14:27:21.064: [sbi] INFO: [6905e0d2-243f-41f1-9428-9dba15e65a20] NF de-registered (../lib/sbi/nf-sm.c:324)
mar 20 15:35:52 ubuntu-GL503VD open5gs-udrd[5250]: 03/20 15:35:52.139: [core] ERROR: epoll failed (4:Interrupted system call) (../lib/core/ogs-epoll.c:221)
mar 20 15:35:59 ubuntu-GL503VD open5gs-udrd[5250]: 03/20 15:35:59.490: [sbi] ERROR: Connection timer expired [METHOD:PATCH] (../lib/sbi/client.c:658)
mar 20 15:35:59 ubuntu-GL503VD open5gs-udrd[5250]: 03/20 15:35:59.490: [sbi] ERROR: Effective URL: http://192.168.50.200:7777/nnrf-nfm/v1/nf-instances/6905e0d2-243f-41f1-9428-9dba15e65a20 (../lib/sbi/client.c:662)
mar 20 15:35:59 ubuntu-GL503VD open5gs-udrd[5250]: 03/20 15:35:59.490: [sbi] WARNING: ogs_sbi_client_handler() failed [-3] (../lib/sbi/path.c:62)
mar 20 15:35:59 ubuntu-GL503VD open5gs-udrd[5250]: 03/20 15:35:59.493: [sbi] ERROR: OVERFLOW NFProfile->plmn_list [12:12:12] (../lib/sbi/nnrf-handler.c:59)
mar 20 15:35:59 ubuntu-GL503VD open5gs-udrd[5250]: 03/20 15:35:59.493: [sbi] INFO: [6905e0d2-243f-41f1-9428-9dba15e65a20] NF registered [Heartbeat:10s] (../lib/sbi/nf-sm.c:295)
mar 20 15:35:59 ubuntu-GL503VD open5gs-udrd[5250]: 03/20 15:35:59.494: [sbi] INFO: Setup NF EndPoint(addr) [127.0.0.10:7777] (../lib/sbi/nnrf-handler.c:955)
mar 20 15:35:59 ubuntu-GL503VD open5gs-udrd[5250]: 03/20 15:35:59.494: [sbi] INFO: [1ce28126-246a-41f1-951d-6d19baefd136] Subscription created until 2026-03-21T15:35:59.493582+01:00 [duration:86400000000,validity:86400.000000,patch:43200.000000] (../lib/sbi/nnrf-handler.c:874)
mar 20 15:36:40 ubuntu-GL503VD open5gs-udrd[5250]: 03/20 15:36:40.528: [sbi] ERROR: [6905e0d2-243f-41f1-9428-9dba15e65a20] No heartbeat [type:UDR] (../lib/sbi/nf-sm.c:431)
mar 20 15:36:40 ubuntu-GL503VD open5gs-udrd[5250]: 03/20 15:36:40.528: [sbi] INFO: [6905e0d2-243f-41f1-9428-9dba15e65a20] NF de-registered (../lib/sbi/nf-sm.c:324)
mar 20 15:36:40 ubuntu-GL503VD open5gs-udrd[5250]: 03/20 15:36:40.530: [sbi] ERROR: [6905e0d2-243f-41f1-9428-9dba15e65a20] HTTP Response Status Code [404] (../lib/sbi/nf-sm.c:232)
mar 20 15:36:42 ubuntu-GL503VD open5gs-udrd[5250]: 03/20 15:36:42.532: [sbi] WARNING: [6905e0d2-243f-41f1-9428-9dba15e65a20] Retry registration with NRF (../lib/sbi/nf-sm.c:529)
mar 20 15:36:42 ubuntu-GL503VD open5gs-udrd[5250]: 03/20 15:36:42.534: [sbi] ERROR: OVERFLOW NFProfile->plmn_list [12:12:12] (../lib/sbi/nnrf-handler.c:59)
mar 20 15:36:42 ubuntu-GL503VD open5gs-udrd[5250]: 03/20 15:36:42.534: [sbi] INFO: [6905e0d2-243f-41f1-9428-9dba15e65a20] NF registered [Heartbeat:10s] (../lib/sbi/nf-sm.c:295)
mar 20 15:36:42 ubuntu-GL503VD open5gs-udrd[5250]: 03/20 15:36:42.536: [sbi] INFO: Setup NF EndPoint(addr) [127.0.0.10:7777] (../lib/sbi/nnrf-handler.c:955)
mar 20 15:36:42 ubuntu-GL503VD open5gs-udrd[5250]: 03/20 15:36:42.536: [sbi] INFO: [368a1e7c-246a-41f1-951d-6d19baefd136] Subscription created until 2026-03-21T15:36:42.535156+01:00 [duration:86400000000,validity:86400.000000,patch:43200.000000] (../lib/sbi/nnrf-handler.c:874)
mar 20 15:37:13 ubuntu-GL503VD open5gs-udrd[5250]: 03/20 15:37:13.557: [sbi] ERROR: [6905e0d2-243f-41f1-9428-9dba15e65a20] No heartbeat [type:UDR] (../lib/sbi/nf-sm.c:431)
mar 20 15:37:13 ubuntu-GL503VD open5gs-udrd[5250]: 03/20 15:37:13.557: [sbi] INFO: [6905e0d2-243f-41f1-9428-9dba15e65a20] NF de-registered (../lib/sbi/nf-sm.c:324)
mar 20 15:37:23 ubuntu-GL503VD open5gs-udrd[5250]: 03/20 15:37:23.578: [sbi] ERROR: Connection timer expired [METHOD:PATCH] (../lib/sbi/client.c:658)
mar 20 15:37:23 ubuntu-GL503VD open5gs-udrd[5250]: 03/20 15:37:23.578: [sbi] ERROR: Effective URL: http://192.168.50.200:7777/nnrf-nfm/v1/nf-instances/6905e0d2-243f-41f1-9428-9dba15e65a20 (../lib/sbi/client.c:662)
mar 20 15:37:23 ubuntu-GL503VD open5gs-udrd[5250]: 03/20 15:37:23.578: [sbi] WARNING: ogs_sbi_client_handler() failed [-3] (../lib/sbi/path.c:62)
mar 20 15:37:23 ubuntu-GL503VD open5gs-udrd[5250]: 03/20 15:37:23.580: [sbi] ERROR: OVERFLOW NFProfile->plmn_list [12:12:12] (../lib/sbi/nnrf-handler.c:59)
mar 20 15:37:23 ubuntu-GL503VD open5gs-udrd[5250]: 03/20 15:37:23.580: [sbi] INFO: [6905e0d2-243f-41f1-9428-9dba15e65a20] NF registered [Heartbeat:10s] (../lib/sbi/nf-sm.c:295)
mar 20 15:37:23 ubuntu-GL503VD open5gs-udrd[5250]: 03/20 15:37:23.581: [sbi] INFO: Setup NF EndPoint(addr) [127.0.0.10:7777] (../lib/sbi/nnrf-handler.c:955)
mar 20 15:37:23 ubuntu-GL503VD open5gs-udrd[5250]: 03/20 15:37:23.581: [sbi] INFO: [4f013ac6-246a-41f1-951d-6d19baefd136] Subscription created until 2026-03-21T15:37:23.581028+01:00 [duration:86400000000,validity:86400.000000,patch:43200.000000] (../lib/sbi/nnrf-handler.c:874)
mar 20 15:38:04 ubuntu-GL503VD open5gs-udrd[5250]: 03/20 15:38:04.612: [sbi] ERROR: [6905e0d2-243f-41f1-9428-9dba15e65a20] No heartbeat [type:UDR] (../lib/sbi/nf-sm.c:431)
mar 20 15:38:04 ubuntu-GL503VD open5gs-udrd[5250]: 03/20 15:38:04.612: [sbi] INFO: [6905e0d2-243f-41f1-9428-9dba15e65a20] NF de-registered (../lib/sbi/nf-sm.c:324)
mar 20 15:38:08 ubuntu-GL503VD open5gs-udrd[5250]: 03/20 15:38:08.134: [sbi] ERROR: [6905e0d2-243f-41f1-9428-9dba15e65a20] HTTP Response Status Code [404] (../lib/sbi/nf-sm.c:232)
mar 20 15:38:10 ubuntu-GL503VD open5gs-udrd[5250]: 03/20 15:38:10.137: [sbi] WARNING: [6905e0d2-243f-41f1-9428-9dba15e65a20] Retry registration with NRF (../lib/sbi/nf-sm.c:529)
mar 20 15:38:10 ubuntu-GL503VD open5gs-udrd[5250]: 03/20 15:38:10.138: [sbi] ERROR: OVERFLOW NFProfile->plmn_list [12:12:12] (../lib/sbi/nnrf-handler.c:59)
mar 20 15:38:10 ubuntu-GL503VD open5gs-udrd[5250]: 03/20 15:38:10.138: [sbi] INFO: [6905e0d2-243f-41f1-9428-9dba15e65a20] NF registered [Heartbeat:10s] (../lib/sbi/nf-sm.c:295)
mar 20 15:38:10 ubuntu-GL503VD open5gs-udrd[5250]: 03/20 15:38:10.140: [sbi] INFO: Setup NF EndPoint(addr) [127.0.0.10:7777] (../lib/sbi/nnrf-handler.c:955)
mar 20 15:38:10 ubuntu-GL503VD open5gs-udrd[5250]: 03/20 15:38:10.140: [sbi] INFO: [6ac1723a-246a-41f1-951d-6d19baefd136] Subscription created until 2026-03-21T15:38:10.139220+01:00 [duration:86400000000,validity:86400.000000,patch:43200.000000] (../lib/sbi/nnrf-handler.c:874)
mar 20 15:38:41 ubuntu-GL503VD open5gs-udrd[5250]: 03/20 15:38:41.161: [sbi] ERROR: [6905e0d2-243f-41f1-9428-9dba15e65a20] No heartbeat [type:UDR] (../lib/sbi/nf-sm.c:431)
mar 20 15:38:41 ubuntu-GL503VD open5gs-udrd[5250]: 03/20 15:38:41.161: [sbi] INFO: [6905e0d2-243f-41f1-9428-9dba15e65a20] NF de-registered (../lib/sbi/nf-sm.c:324)
mar 20 15:38:49 ubuntu-GL503VD open5gs-udrd[5250]: 03/20 15:38:49.606: [sbi] ERROR: [6905e0d2-243f-41f1-9428-9dba15e65a20] HTTP Response Status Code [404] (../lib/sbi/nf-sm.c:232)
mar 20 15:38:51 ubuntu-GL503VD open5gs-udrd[5250]: 03/20 15:38:51.608: [sbi] WARNING: [6905e0d2-243f-41f1-9428-9dba15e65a20] Retry registration with NRF (../lib/sbi/nf-sm.c:529)
mar 20 15:38:51 ubuntu-GL503VD open5gs-udrd[5250]: 03/20 15:38:51.609: [sbi] ERROR: OVERFLOW NFProfile->plmn_list [12:12:12] (../lib/sbi/nnrf-handler.c:59)
mar 20 15:38:51 ubuntu-GL503VD open5gs-udrd[5250]: 03/20 15:38:51.609: [sbi] INFO: [6905e0d2-243f-41f1-9428-9dba15e65a20] NF registered [Heartbeat:10s] (../lib/sbi/nf-sm.c:295)
mar 20 15:38:51 ubuntu-GL503VD open5gs-udrd[5250]: 03/20 15:38:51.610: [sbi] INFO: Setup NF EndPoint(addr) [127.0.0.10:7777] (../lib/sbi/nnrf-handler.c:955)
mar 20 15:38:51 ubuntu-GL503VD open5gs-udrd[5250]: 03/20 15:38:51.610: [sbi] INFO: [837966f2-246a-41f1-951d-6d19baefd136] Subscription created until 2026-03-21T15:38:51.610150+01:00 [duration:86400000000,validity:86400.000000,patch:43200.000000] (../lib/sbi/nnrf-handler.c:874)
mar 20 15:39:22 ubuntu-GL503VD open5gs-udrd[5250]: 03/20 15:39:22.631: [sbi] ERROR: [6905e0d2-243f-41f1-9428-9dba15e65a20] No heartbeat [type:UDR] (../lib/sbi/nf-sm.c:431)
mar 20 15:39:22 ubuntu-GL503VD open5gs-udrd[5250]: 03/20 15:39:22.631: [sbi] INFO: [6905e0d2-243f-41f1-9428-9dba15e65a20] NF de-registered (../lib/sbi/nf-sm.c:324)
mar 20 15:39:32 ubuntu-GL503VD open5gs-udrd[5250]: 03/20 15:39:32.649: [sbi] ERROR: Connection timer expired [METHOD:PATCH] (../lib/sbi/client.c:658)
mar 20 15:39:32 ubuntu-GL503VD open5gs-udrd[5250]: 03/20 15:39:32.649: [sbi] ERROR: Effective URL: http://192.168.50.200:7777/nnrf-nfm/v1/nf-instances/6905e0d2-243f-41f1-9428-9dba15e65a20 (../lib/sbi/client.c:662)
mar 20 15:39:32 ubuntu-GL503VD open5gs-udrd[5250]: 03/20 15:39:32.649: [sbi] WARNING: ogs_sbi_client_handler() failed [-3] (../lib/sbi/path.c:62)
mar 20 15:39:32 ubuntu-GL503VD open5gs-udrd[5250]: 03/20 15:39:32.651: [sbi] ERROR: OVERFLOW NFProfile->plmn_list [12:12:12] (../lib/sbi/nnrf-handler.c:59)
mar 20 15:39:32 ubuntu-GL503VD open5gs-udrd[5250]: 03/20 15:39:32.651: [sbi] INFO: [6905e0d2-243f-41f1-9428-9dba15e65a20] NF registered [Heartbeat:10s] (../lib/sbi/nf-sm.c:295)
mar 20 15:39:32 ubuntu-GL503VD open5gs-udrd[5250]: 03/20 15:39:32.652: [sbi] INFO: Setup NF EndPoint(addr) [127.0.0.10:7777] (../lib/sbi/nnrf-handler.c:955)
mar 20 15:39:32 ubuntu-GL503VD open5gs-udrd[5250]: 03/20 15:39:32.652: [sbi] INFO: [9befe756-246a-41f1-951d-6d19baefd136] Subscription created until 2026-03-21T15:39:32.652039+01:00 [duration:86400000000,validity:86400.000000,patch:43200.000000] (../lib/sbi/nnrf-handler.c:874)
mar 20 15:40:03 ubuntu-GL503VD open5gs-udrd[5250]: 03/20 15:40:03.674: [sbi] ERROR: [6905e0d2-243f-41f1-9428-9dba15e65a20] No heartbeat [type:UDR] (../lib/sbi/nf-sm.c:431)
mar 20 15:40:03 ubuntu-GL503VD open5gs-udrd[5250]: 03/20 15:40:03.674: [sbi] INFO: [6905e0d2-243f-41f1-9428-9dba15e65a20] NF de-registered (../lib/sbi/nf-sm.c:324)
mar 20 15:40:13 ubuntu-GL503VD open5gs-udrd[5250]: 03/20 15:40:13.693: [sbi] ERROR: Connection timer expired [METHOD:PATCH] (../lib/sbi/client.c:658)
mar 20 15:40:13 ubuntu-GL503VD open5gs-udrd[5250]: 03/20 15:40:13.693: [sbi] ERROR: Effective URL: http://192.168.50.200:7777/nnrf-nfm/v1/nf-instances/6905e0d2-243f-41f1-9428-9dba15e65a20 (../lib/sbi/client.c:662)
mar 20 15:40:13 ubuntu-GL503VD open5gs-udrd[5250]: 03/20 15:40:13.693: [sbi] WARNING: ogs_sbi_client_handler() failed [-3] (../lib/sbi/path.c:62)
mar 20 15:40:13 ubuntu-GL503VD open5gs-udrd[5250]: 03/20 15:40:13.695: [sbi] ERROR: OVERFLOW NFProfile->plmn_list [12:12:12] (../lib/sbi/nnrf-handler.c:59)
mar 20 15:40:13 ubuntu-GL503VD open5gs-udrd[5250]: 03/20 15:40:13.695: [sbi] INFO: [6905e0d2-243f-41f1-9428-9dba15e65a20] NF registered [Heartbeat:10s] (../lib/sbi/nf-sm.c:295)
mar 20 15:40:13 ubuntu-GL503VD open5gs-udrd[5250]: 03/20 15:40:13.697: [sbi] INFO: Setup NF EndPoint(addr) [127.0.0.10:7777] (../lib/sbi/nnrf-handler.c:955)
mar 20 15:40:13 ubuntu-GL503VD open5gs-udrd[5250]: 03/20 15:40:13.697: [sbi] INFO: [b466c282-246a-41f1-951d-6d19baefd136] Subscription created until 2026-03-21T15:40:13.696300+01:00 [duration:86400000000,validity:86400.000000,patch:43200.000000] (../lib/sbi/nnrf-handler.c:874)
mar 20 15:40:44 ubuntu-GL503VD open5gs-udrd[5250]: 03/20 15:40:44.718: [sbi] ERROR: [6905e0d2-243f-41f1-9428-9dba15e65a20] No heartbeat [type:UDR] (../lib/sbi/nf-sm.c:431)
mar 20 15:40:44 ubuntu-GL503VD open5gs-udrd[5250]: 03/20 15:40:44.718: [sbi] INFO: [6905e0d2-243f-41f1-9428-9dba15e65a20] NF de-registered (../lib/sbi/nf-sm.c:324)
mar 20 15:40:54 ubuntu-GL503VD open5gs-udrd[5250]: 03/20 15:40:54.736: [sbi] ERROR: Connection timer expired [METHOD:PATCH] (../lib/sbi/client.c:658)
mar 20 15:40:54 ubuntu-GL503VD open5gs-udrd[5250]: 03/20 15:40:54.736: [sbi] ERROR: Effective URL: http://192.168.50.200:7777/nnrf-nfm/v1/nf-instances/6905e0d2-243f-41f1-9428-9dba15e65a20 (../lib/sbi/client.c:662)
mar 20 15:40:54 ubuntu-GL503VD open5gs-udrd[5250]: 03/20 15:40:54.736: [sbi] WARNING: ogs_sbi_client_handler() failed [-3] (../lib/sbi/path.c:62)
mar 20 15:40:54 ubuntu-GL503VD open5gs-udrd[5250]: 03/20 15:40:54.738: [sbi] ERROR: OVERFLOW NFProfile->plmn_list [12:12:12] (../lib/sbi/nnrf-handler.c:59)
mar 20 15:40:54 ubuntu-GL503VD open5gs-udrd[5250]: 03/20 15:40:54.738: [sbi] INFO: [6905e0d2-243f-41f1-9428-9dba15e65a20] NF registered [Heartbeat:10s] (../lib/sbi/nf-sm.c:295)
mar 20 15:40:54 ubuntu-GL503VD open5gs-udrd[5250]: 03/20 15:40:54.739: [sbi] INFO: Setup NF EndPoint(addr) [127.0.0.10:7777] (../lib/sbi/nnrf-handler.c:955)
mar 20 15:40:54 ubuntu-GL503VD open5gs-udrd[5250]: 03/20 15:40:54.739: [sbi] INFO: [ccdd6834-246a-41f1-951d-6d19baefd136] Subscription created until 2026-03-21T15:40:54.739180+01:00 [duration:86400000000,validity:86400.000000,patch:43200.000000] (../lib/sbi/nnrf-handler.c:874)
mar 20 15:41:25 ubuntu-GL503VD open5gs-udrd[5250]: 03/20 15:41:25.762: [sbi] ERROR: [6905e0d2-243f-41f1-9428-9dba15e65a20] No heartbeat [type:UDR] (../lib/sbi/nf-sm.c:431)
mar 20 15:41:25 ubuntu-GL503VD open5gs-udrd[5250]: 03/20 15:41:25.762: [sbi] INFO: [6905e0d2-243f-41f1-9428-9dba15e65a20] NF de-registered (../lib/sbi/nf-sm.c:324)
mar 20 15:41:35 ubuntu-GL503VD open5gs-udrd[5250]: 03/20 15:41:35.779: [sbi] ERROR: Connection timer expired [METHOD:PATCH] (../lib/sbi/client.c:658)
mar 20 15:41:35 ubuntu-GL503VD open5gs-udrd[5250]: 03/20 15:41:35.779: [sbi] ERROR: Effective URL: http://192.168.50.200:7777/nnrf-nfm/v1/nf-instances/6905e0d2-243f-41f1-9428-9dba15e65a20 (../lib/sbi/client.c:662)
mar 20 15:41:35 ubuntu-GL503VD open5gs-udrd[5250]: 03/20 15:41:35.779: [sbi] WARNING: ogs_sbi_client_handler() failed [-3] (../lib/sbi/path.c:62)
mar 20 15:41:35 ubuntu-GL503VD open5gs-udrd[5250]: 03/20 15:41:35.781: [sbi] ERROR: OVERFLOW NFProfile->plmn_list [12:12:12] (../lib/sbi/nnrf-handler.c:59)
mar 20 15:41:35 ubuntu-GL503VD open5gs-udrd[5250]: 03/20 15:41:35.781: [sbi] INFO: [6905e0d2-243f-41f1-9428-9dba15e65a20] NF registered [Heartbeat:10s] (../lib/sbi/nf-sm.c:295)
mar 20 15:41:35 ubuntu-GL503VD open5gs-udrd[5250]: 03/20 15:41:35.782: [sbi] INFO: Setup NF EndPoint(addr) [127.0.0.10:7777] (../lib/sbi/nnrf-handler.c:955)
mar 20 15:41:35 ubuntu-GL503VD open5gs-udrd[5250]: 03/20 15:41:35.782: [sbi] INFO: [e554081e-246a-41f1-951d-6d19baefd136] Subscription created until 2026-03-21T15:41:35.781916+01:00 [duration:86400000000,validity:86400.000000,patch:43200.000000] (../lib/sbi/nnrf-handler.c:874)
mar 20 15:42:06 ubuntu-GL503VD open5gs-udrd[5250]: 03/20 15:42:06.804: [sbi] ERROR: [6905e0d2-243f-41f1-9428-9dba15e65a20] No heartbeat [type:UDR] (../lib/sbi/nf-sm.c:431)
mar 20 15:42:06 ubuntu-GL503VD open5gs-udrd[5250]: 03/20 15:42:06.804: [sbi] INFO: [6905e0d2-243f-41f1-9428-9dba15e65a20] NF de-registered (../lib/sbi/nf-sm.c:324)
mar 20 15:42:16 ubuntu-GL503VD open5gs-udrd[5250]: 03/20 15:42:16.822: [sbi] ERROR: Connection timer expired [METHOD:PATCH] (../lib/sbi/client.c:658)
mar 20 15:42:16 ubuntu-GL503VD open5gs-udrd[5250]: 03/20 15:42:16.822: [sbi] ERROR: Effective URL: http://192.168.50.200:7777/nnrf-nfm/v1/nf-instances/6905e0d2-243f-41f1-9428-9dba15e65a20 (../lib/sbi/client.c:662)
mar 20 15:42:16 ubuntu-GL503VD open5gs-udrd[5250]: 03/20 15:42:16.822: [sbi] WARNING: ogs_sbi_client_handler() failed [-3] (../lib/sbi/path.c:62)
mar 20 15:42:16 ubuntu-GL503VD open5gs-udrd[5250]: 03/20 15:42:16.824: [sbi] ERROR: OVERFLOW NFProfile->plmn_list [12:12:12] (../lib/sbi/nnrf-handler.c:59)
mar 20 15:42:16 ubuntu-GL503VD open5gs-udrd[5250]: 03/20 15:42:16.824: [sbi] INFO: [6905e0d2-243f-41f1-9428-9dba15e65a20] NF registered [Heartbeat:10s] (../lib/sbi/nf-sm.c:295)
mar 20 15:42:16 ubuntu-GL503VD open5gs-udrd[5250]: 03/20 15:42:16.826: [sbi] INFO: Setup NF EndPoint(addr) [127.0.0.10:7777] (../lib/sbi/nnrf-handler.c:955)
mar 20 15:42:16 ubuntu-GL503VD open5gs-udrd[5250]: 03/20 15:42:16.826: [sbi] INFO: [fdcac7b6-246a-41f1-951d-6d19baefd136] Subscription created until 2026-03-21T15:42:16.825466+01:00 [duration:86400000000,validity:86400.000000,patch:43200.000000] (../lib/sbi/nnrf-handler.c:874)
mar 20 15:46:18 ubuntu-GL503VD open5gs-udrd[5250]: 03/20 15:46:18.056: [sbi] ERROR: [6905e0d2-243f-41f1-9428-9dba15e65a20] No heartbeat [type:UDR] (../lib/sbi/nf-sm.c:431)
mar 20 15:46:18 ubuntu-GL503VD open5gs-udrd[5250]: 03/20 15:46:18.056: [sbi] INFO: [6905e0d2-243f-41f1-9428-9dba15e65a20] NF de-registered (../lib/sbi/nf-sm.c:324)
mar 20 15:46:18 ubuntu-GL503VD open5gs-udrd[5250]: 03/20 15:46:18.057: [sbi] ERROR: [6905e0d2-243f-41f1-9428-9dba15e65a20] HTTP Response Status Code [404] (../lib/sbi/nf-sm.c:232)
mar 20 15:46:20 ubuntu-GL503VD open5gs-udrd[5250]: 03/20 15:46:20.060: [sbi] WARNING: [6905e0d2-243f-41f1-9428-9dba15e65a20] Retry registration with NRF (../lib/sbi/nf-sm.c:529)
mar 20 15:46:20 ubuntu-GL503VD open5gs-udrd[5250]: 03/20 15:46:20.061: [sbi] ERROR: OVERFLOW NFProfile->plmn_list [12:12:12] (../lib/sbi/nnrf-handler.c:59)
mar 20 15:46:20 ubuntu-GL503VD open5gs-udrd[5250]: 03/20 15:46:20.061: [sbi] INFO: [6905e0d2-243f-41f1-9428-9dba15e65a20] NF registered [Heartbeat:10s] (../lib/sbi/nf-sm.c:295)
mar 20 15:46:20 ubuntu-GL503VD open5gs-udrd[5250]: 03/20 15:46:20.062: [sbi] INFO: Setup NF EndPoint(addr) [127.0.0.10:7777] (../lib/sbi/nnrf-handler.c:955)
mar 20 15:46:20 ubuntu-GL503VD open5gs-udrd[5250]: 03/20 15:46:20.062: [sbi] INFO: [8ec5bd98-246b-41f1-951d-6d19baefd136] Subscription created until 2026-03-21T15:46:20.062078+01:00 [duration:86400000000,validity:86400.000000,patch:43200.000000] (../lib/sbi/nnrf-handler.c:874)
-- Boot 4f9106f592b640c3910030f2aa9084de --
mar 20 16:04:05 ubuntu-GL503VD systemd[1]: Started Open5GS UDR Daemon.
mar 20 16:04:05 ubuntu-GL503VD open5gs-udrd[774]: Open5GS daemon v2.7.6
mar 20 16:04:05 ubuntu-GL503VD open5gs-udrd[774]: 03/20 16:04:05.593: [app] INFO: Configuration: '/etc/open5gs/udr.yaml' (../lib/app/ogs-init.c:144)
mar 20 16:04:05 ubuntu-GL503VD open5gs-udrd[774]: 03/20 16:04:05.593: [app] INFO: File Logging: '/var/log/open5gs/udr.log' (../lib/app/ogs-init.c:147)
mar 20 16:04:05 ubuntu-GL503VD open5gs-udrd[774]: 03/20 16:04:05.596: [sbi] INFO: Setup NF EndPoint(addr) [192.168.50.200:7777] (../lib/sbi/context.c:507)
mar 20 16:04:05 ubuntu-GL503VD open5gs-udrd[774]: 03/20 16:04:05.598: [dbi] WARNING: Failed to connect to server [mongodb://localhost/open5gs] (../lib/dbi/ogs-mongoc.c:122)
mar 20 16:04:05 ubuntu-GL503VD open5gs-udrd[774]: 03/20 16:04:05.598: [app] WARNING: Failed to initialize UDR (../src/udr/app.c:28)
mar 20 16:04:05 ubuntu-GL503VD open5gs-udrd[774]: DIGEST-MD5 common mech free
mar 20 16:04:05 ubuntu-GL503VD systemd[1]: open5gs-udrd.service: Deactivated successfully.
mar 20 16:04:07 ubuntu-GL503VD systemd[1]: open5gs-udrd.service: Scheduled restart job, restart counter is at 1.
mar 20 16:04:07 ubuntu-GL503VD systemd[1]: Stopped Open5GS UDR Daemon.
mar 20 16:04:07 ubuntu-GL503VD systemd[1]: Started Open5GS UDR Daemon.
mar 20 16:04:07 ubuntu-GL503VD open5gs-udrd[1452]: Open5GS daemon v2.7.6
mar 20 16:04:07 ubuntu-GL503VD open5gs-udrd[1452]: 03/20 16:04:07.863: [app] INFO: Configuration: '/etc/open5gs/udr.yaml' (../lib/app/ogs-init.c:144)
mar 20 16:04:07 ubuntu-GL503VD open5gs-udrd[1452]: 03/20 16:04:07.863: [app] INFO: File Logging: '/var/log/open5gs/udr.log' (../lib/app/ogs-init.c:147)
mar 20 16:04:07 ubuntu-GL503VD open5gs-udrd[1452]: 03/20 16:04:07.865: [sbi] INFO: Setup NF EndPoint(addr) [192.168.50.200:7777] (../lib/sbi/context.c:507)
mar 20 16:04:07 ubuntu-GL503VD open5gs-udrd[1452]: 03/20 16:04:07.865: [dbi] WARNING: Failed to connect to server [mongodb://localhost/open5gs] (../lib/dbi/ogs-mongoc.c:122)
mar 20 16:04:07 ubuntu-GL503VD open5gs-udrd[1452]: 03/20 16:04:07.866: [app] WARNING: Failed to initialize UDR (../src/udr/app.c:28)
mar 20 16:04:07 ubuntu-GL503VD open5gs-udrd[1452]: DIGEST-MD5 common mech free
mar 20 16:04:07 ubuntu-GL503VD systemd[1]: open5gs-udrd.service: Deactivated successfully.
mar 20 16:04:09 ubuntu-GL503VD systemd[1]: open5gs-udrd.service: Scheduled restart job, restart counter is at 2.
mar 20 16:04:09 ubuntu-GL503VD systemd[1]: Stopped Open5GS UDR Daemon.
mar 20 16:04:09 ubuntu-GL503VD systemd[1]: Started Open5GS UDR Daemon.
mar 20 16:04:09 ubuntu-GL503VD open5gs-udrd[1781]: Open5GS daemon v2.7.6
mar 20 16:04:09 ubuntu-GL503VD open5gs-udrd[1781]: 03/20 16:04:09.892: [app] INFO: Configuration: '/etc/open5gs/udr.yaml' (../lib/app/ogs-init.c:144)
mar 20 16:04:09 ubuntu-GL503VD open5gs-udrd[1781]: 03/20 16:04:09.892: [app] INFO: File Logging: '/var/log/open5gs/udr.log' (../lib/app/ogs-init.c:147)
mar 20 16:04:09 ubuntu-GL503VD open5gs-udrd[1781]: 03/20 16:04:09.893: [sbi] INFO: Setup NF EndPoint(addr) [192.168.50.200:7777] (../lib/sbi/context.c:507)
mar 20 16:04:09 ubuntu-GL503VD open5gs-udrd[1781]: 03/20 16:04:09.894: [dbi] WARNING: Failed to connect to server [mongodb://localhost/open5gs] (../lib/dbi/ogs-mongoc.c:122)
mar 20 16:04:09 ubuntu-GL503VD open5gs-udrd[1781]: 03/20 16:04:09.894: [app] WARNING: Failed to initialize UDR (../src/udr/app.c:28)
mar 20 16:04:09 ubuntu-GL503VD open5gs-udrd[1781]: DIGEST-MD5 common mech free
mar 20 16:04:09 ubuntu-GL503VD systemd[1]: open5gs-udrd.service: Deactivated successfully.
mar 20 16:04:11 ubuntu-GL503VD systemd[1]: open5gs-udrd.service: Scheduled restart job, restart counter is at 3.
mar 20 16:04:11 ubuntu-GL503VD systemd[1]: Stopped Open5GS UDR Daemon.
mar 20 16:04:11 ubuntu-GL503VD systemd[1]: Started Open5GS UDR Daemon.
mar 20 16:04:11 ubuntu-GL503VD open5gs-udrd[2166]: Open5GS daemon v2.7.6
mar 20 16:04:11 ubuntu-GL503VD open5gs-udrd[2166]: 03/20 16:04:11.928: [app] INFO: Configuration: '/etc/open5gs/udr.yaml' (../lib/app/ogs-init.c:144)
mar 20 16:04:11 ubuntu-GL503VD open5gs-udrd[2166]: 03/20 16:04:11.928: [app] INFO: File Logging: '/var/log/open5gs/udr.log' (../lib/app/ogs-init.c:147)
mar 20 16:04:11 ubuntu-GL503VD open5gs-udrd[2166]: 03/20 16:04:11.930: [sbi] INFO: Setup NF EndPoint(addr) [192.168.50.200:7777] (../lib/sbi/context.c:507)
mar 20 16:04:11 ubuntu-GL503VD open5gs-udrd[2166]: 03/20 16:04:11.930: [dbi] WARNING: Failed to connect to server [mongodb://localhost/open5gs] (../lib/dbi/ogs-mongoc.c:122)
mar 20 16:04:11 ubuntu-GL503VD open5gs-udrd[2166]: 03/20 16:04:11.930: [app] WARNING: Failed to initialize UDR (../src/udr/app.c:28)
mar 20 16:04:11 ubuntu-GL503VD open5gs-udrd[2166]: DIGEST-MD5 common mech free
mar 20 16:04:11 ubuntu-GL503VD systemd[1]: open5gs-udrd.service: Deactivated successfully.
mar 20 16:04:14 ubuntu-GL503VD systemd[1]: open5gs-udrd.service: Scheduled restart job, restart counter is at 4.
mar 20 16:04:14 ubuntu-GL503VD systemd[1]: Stopped Open5GS UDR Daemon.
mar 20 16:04:14 ubuntu-GL503VD systemd[1]: Started Open5GS UDR Daemon.
mar 20 16:04:14 ubuntu-GL503VD open5gs-udrd[2594]: Open5GS daemon v2.7.6
mar 20 16:04:14 ubuntu-GL503VD open5gs-udrd[2594]: 03/20 16:04:14.159: [app] INFO: Configuration: '/etc/open5gs/udr.yaml' (../lib/app/ogs-init.c:144)
mar 20 16:04:14 ubuntu-GL503VD open5gs-udrd[2594]: 03/20 16:04:14.159: [app] INFO: File Logging: '/var/log/open5gs/udr.log' (../lib/app/ogs-init.c:147)
mar 20 16:04:14 ubuntu-GL503VD open5gs-udrd[2594]: 03/20 16:04:14.160: [sbi] INFO: Setup NF EndPoint(addr) [192.168.50.200:7777] (../lib/sbi/context.c:507)
mar 20 16:04:14 ubuntu-GL503VD open5gs-udrd[2594]: 03/20 16:04:14.161: [dbi] WARNING: Failed to connect to server [mongodb://localhost/open5gs] (../lib/dbi/ogs-mongoc.c:122)
mar 20 16:04:14 ubuntu-GL503VD open5gs-udrd[2594]: 03/20 16:04:14.161: [app] WARNING: Failed to initialize UDR (../src/udr/app.c:28)
mar 20 16:04:14 ubuntu-GL503VD open5gs-udrd[2594]: DIGEST-MD5 common mech free
mar 20 16:04:14 ubuntu-GL503VD systemd[1]: open5gs-udrd.service: Deactivated successfully.
mar 20 16:04:16 ubuntu-GL503VD systemd[1]: open5gs-udrd.service: Scheduled restart job, restart counter is at 5.
mar 20 16:04:16 ubuntu-GL503VD systemd[1]: Stopped Open5GS UDR Daemon.
mar 20 16:04:16 ubuntu-GL503VD systemd[1]: Started Open5GS UDR Daemon.
mar 20 16:04:16 ubuntu-GL503VD open5gs-udrd[2679]: Open5GS daemon v2.7.6
mar 20 16:04:16 ubuntu-GL503VD open5gs-udrd[2679]: 03/20 16:04:16.259: [app] INFO: Configuration: '/etc/open5gs/udr.yaml' (../lib/app/ogs-init.c:144)
mar 20 16:04:16 ubuntu-GL503VD open5gs-udrd[2679]: 03/20 16:04:16.259: [app] INFO: File Logging: '/var/log/open5gs/udr.log' (../lib/app/ogs-init.c:147)
mar 20 16:04:16 ubuntu-GL503VD open5gs-udrd[2679]: 03/20 16:04:16.261: [sbi] INFO: Setup NF EndPoint(addr) [192.168.50.200:7777] (../lib/sbi/context.c:507)
mar 20 16:04:16 ubuntu-GL503VD open5gs-udrd[2679]: 03/20 16:04:16.261: [dbi] WARNING: Failed to connect to server [mongodb://localhost/open5gs] (../lib/dbi/ogs-mongoc.c:122)
mar 20 16:04:16 ubuntu-GL503VD open5gs-udrd[2679]: 03/20 16:04:16.261: [app] WARNING: Failed to initialize UDR (../src/udr/app.c:28)
mar 20 16:04:16 ubuntu-GL503VD open5gs-udrd[2679]: DIGEST-MD5 common mech free
mar 20 16:04:16 ubuntu-GL503VD systemd[1]: open5gs-udrd.service: Deactivated successfully.
mar 20 16:04:18 ubuntu-GL503VD systemd[1]: open5gs-udrd.service: Scheduled restart job, restart counter is at 6.
mar 20 16:04:18 ubuntu-GL503VD systemd[1]: Stopped Open5GS UDR Daemon.
mar 20 16:04:18 ubuntu-GL503VD systemd[1]: Started Open5GS UDR Daemon.
mar 20 16:04:18 ubuntu-GL503VD open5gs-udrd[2685]: Open5GS daemon v2.7.6
mar 20 16:04:18 ubuntu-GL503VD open5gs-udrd[2685]: 03/20 16:04:18.503: [app] INFO: Configuration: '/etc/open5gs/udr.yaml' (../lib/app/ogs-init.c:144)
mar 20 16:04:18 ubuntu-GL503VD open5gs-udrd[2685]: 03/20 16:04:18.503: [app] INFO: File Logging: '/var/log/open5gs/udr.log' (../lib/app/ogs-init.c:147)
mar 20 16:04:18 ubuntu-GL503VD open5gs-udrd[2685]: 03/20 16:04:18.505: [sbi] INFO: Setup NF EndPoint(addr) [192.168.50.200:7777] (../lib/sbi/context.c:507)
mar 20 16:04:18 ubuntu-GL503VD open5gs-udrd[2685]: DIGEST-MD5 common mech free
mar 20 16:04:18 ubuntu-GL503VD open5gs-udrd[2685]: 03/20 16:04:18.505: [dbi] WARNING: Failed to connect to server [mongodb://localhost/open5gs] (../lib/dbi/ogs-mongoc.c:122)
mar 20 16:04:18 ubuntu-GL503VD open5gs-udrd[2685]: 03/20 16:04:18.505: [app] WARNING: Failed to initialize UDR (../src/udr/app.c:28)
mar 20 16:04:18 ubuntu-GL503VD systemd[1]: open5gs-udrd.service: Deactivated successfully.
mar 20 16:04:20 ubuntu-GL503VD systemd[1]: open5gs-udrd.service: Scheduled restart job, restart counter is at 7.
mar 20 16:04:20 ubuntu-GL503VD systemd[1]: Stopped Open5GS UDR Daemon.
mar 20 16:04:20 ubuntu-GL503VD systemd[1]: Started Open5GS UDR Daemon.
mar 20 16:04:20 ubuntu-GL503VD open5gs-udrd[2698]: Open5GS daemon v2.7.6
mar 20 16:04:20 ubuntu-GL503VD open5gs-udrd[2698]: 03/20 16:04:20.748: [app] INFO: Configuration: '/etc/open5gs/udr.yaml' (../lib/app/ogs-init.c:144)
mar 20 16:04:20 ubuntu-GL503VD open5gs-udrd[2698]: 03/20 16:04:20.748: [app] INFO: File Logging: '/var/log/open5gs/udr.log' (../lib/app/ogs-init.c:147)
mar 20 16:04:20 ubuntu-GL503VD open5gs-udrd[2698]: 03/20 16:04:20.750: [sbi] INFO: Setup NF EndPoint(addr) [192.168.50.200:7777] (../lib/sbi/context.c:507)
mar 20 16:04:20 ubuntu-GL503VD open5gs-udrd[2698]: DIGEST-MD5 common mech free
mar 20 16:04:20 ubuntu-GL503VD open5gs-udrd[2698]: 03/20 16:04:20.751: [dbi] WARNING: Failed to connect to server [mongodb://localhost/open5gs] (../lib/dbi/ogs-mongoc.c:122)
mar 20 16:04:20 ubuntu-GL503VD open5gs-udrd[2698]: 03/20 16:04:20.751: [app] WARNING: Failed to initialize UDR (../src/udr/app.c:28)
mar 20 16:04:20 ubuntu-GL503VD systemd[1]: open5gs-udrd.service: Deactivated successfully.
mar 20 16:04:22 ubuntu-GL503VD systemd[1]: open5gs-udrd.service: Scheduled restart job, restart counter is at 8.
mar 20 16:04:22 ubuntu-GL503VD systemd[1]: Stopped Open5GS UDR Daemon.
mar 20 16:04:22 ubuntu-GL503VD systemd[1]: Started Open5GS UDR Daemon.
mar 20 16:04:22 ubuntu-GL503VD open5gs-udrd[2707]: Open5GS daemon v2.7.6
mar 20 16:04:22 ubuntu-GL503VD open5gs-udrd[2707]: 03/20 16:04:22.996: [app] INFO: Configuration: '/etc/open5gs/udr.yaml' (../lib/app/ogs-init.c:144)
mar 20 16:04:22 ubuntu-GL503VD open5gs-udrd[2707]: 03/20 16:04:22.996: [app] INFO: File Logging: '/var/log/open5gs/udr.log' (../lib/app/ogs-init.c:147)
mar 20 16:04:22 ubuntu-GL503VD open5gs-udrd[2707]: 03/20 16:04:22.997: [sbi] INFO: Setup NF EndPoint(addr) [192.168.50.200:7777] (../lib/sbi/context.c:507)
mar 20 16:04:22 ubuntu-GL503VD open5gs-udrd[2707]: DIGEST-MD5 common mech free
mar 20 16:04:22 ubuntu-GL503VD open5gs-udrd[2707]: 03/20 16:04:22.998: [dbi] WARNING: Failed to connect to server [mongodb://localhost/open5gs] (../lib/dbi/ogs-mongoc.c:122)
mar 20 16:04:22 ubuntu-GL503VD open5gs-udrd[2707]: 03/20 16:04:22.998: [app] WARNING: Failed to initialize UDR (../src/udr/app.c:28)
mar 20 16:04:23 ubuntu-GL503VD systemd[1]: open5gs-udrd.service: Deactivated successfully.
mar 20 16:04:25 ubuntu-GL503VD systemd[1]: open5gs-udrd.service: Scheduled restart job, restart counter is at 9.
mar 20 16:04:25 ubuntu-GL503VD systemd[1]: Stopped Open5GS UDR Daemon.
mar 20 16:04:25 ubuntu-GL503VD systemd[1]: Started Open5GS UDR Daemon.
mar 20 16:04:25 ubuntu-GL503VD open5gs-udrd[2716]: Open5GS daemon v2.7.6
mar 20 16:04:25 ubuntu-GL503VD open5gs-udrd[2716]: 03/20 16:04:25.249: [app] INFO: Configuration: '/etc/open5gs/udr.yaml' (../lib/app/ogs-init.c:144)
mar 20 16:04:25 ubuntu-GL503VD open5gs-udrd[2716]: 03/20 16:04:25.249: [app] INFO: File Logging: '/var/log/open5gs/udr.log' (../lib/app/ogs-init.c:147)
mar 20 16:04:25 ubuntu-GL503VD open5gs-udrd[2716]: 03/20 16:04:25.251: [sbi] INFO: Setup NF EndPoint(addr) [192.168.50.200:7777] (../lib/sbi/context.c:507)
mar 20 16:04:25 ubuntu-GL503VD open5gs-udrd[2716]: 03/20 16:04:25.252: [dbi] WARNING: Failed to connect to server [mongodb://localhost/open5gs] (../lib/dbi/ogs-mongoc.c:122)
mar 20 16:04:25 ubuntu-GL503VD open5gs-udrd[2716]: 03/20 16:04:25.252: [app] WARNING: Failed to initialize UDR (../src/udr/app.c:28)
mar 20 16:04:25 ubuntu-GL503VD open5gs-udrd[2716]: DIGEST-MD5 common mech free
mar 20 16:04:25 ubuntu-GL503VD systemd[1]: open5gs-udrd.service: Deactivated successfully.
mar 20 16:04:27 ubuntu-GL503VD systemd[1]: open5gs-udrd.service: Scheduled restart job, restart counter is at 10.
mar 20 16:04:27 ubuntu-GL503VD systemd[1]: Stopped Open5GS UDR Daemon.
mar 20 16:04:27 ubuntu-GL503VD systemd[1]: Started Open5GS UDR Daemon.
mar 20 16:04:27 ubuntu-GL503VD open5gs-udrd[2732]: Open5GS daemon v2.7.6
mar 20 16:04:27 ubuntu-GL503VD open5gs-udrd[2732]: 03/20 16:04:27.505: [app] INFO: Configuration: '/etc/open5gs/udr.yaml' (../lib/app/ogs-init.c:144)
mar 20 16:04:27 ubuntu-GL503VD open5gs-udrd[2732]: 03/20 16:04:27.505: [app] INFO: File Logging: '/var/log/open5gs/udr.log' (../lib/app/ogs-init.c:147)
mar 20 16:04:27 ubuntu-GL503VD open5gs-udrd[2732]: 03/20 16:04:27.507: [sbi] INFO: Setup NF EndPoint(addr) [192.168.50.200:7777] (../lib/sbi/context.c:507)
mar 20 16:04:27 ubuntu-GL503VD open5gs-udrd[2732]: 03/20 16:04:27.508: [dbi] WARNING: Failed to connect to server [mongodb://localhost/open5gs] (../lib/dbi/ogs-mongoc.c:122)
mar 20 16:04:27 ubuntu-GL503VD open5gs-udrd[2732]: 03/20 16:04:27.508: [app] WARNING: Failed to initialize UDR (../src/udr/app.c:28)
mar 20 16:04:27 ubuntu-GL503VD open5gs-udrd[2732]: DIGEST-MD5 common mech free
mar 20 16:04:27 ubuntu-GL503VD systemd[1]: open5gs-udrd.service: Deactivated successfully.
mar 20 16:04:29 ubuntu-GL503VD systemd[1]: open5gs-udrd.service: Scheduled restart job, restart counter is at 11.
mar 20 16:04:29 ubuntu-GL503VD systemd[1]: Stopped Open5GS UDR Daemon.
mar 20 16:04:29 ubuntu-GL503VD systemd[1]: Started Open5GS UDR Daemon.
mar 20 16:04:29 ubuntu-GL503VD open5gs-udrd[2736]: Open5GS daemon v2.7.6
mar 20 16:04:29 ubuntu-GL503VD open5gs-udrd[2736]: 03/20 16:04:29.617: [app] INFO: Configuration: '/etc/open5gs/udr.yaml' (../lib/app/ogs-init.c:144)
mar 20 16:04:29 ubuntu-GL503VD open5gs-udrd[2736]: 03/20 16:04:29.617: [app] INFO: File Logging: '/var/log/open5gs/udr.log' (../lib/app/ogs-init.c:147)
mar 20 16:04:29 ubuntu-GL503VD open5gs-udrd[2736]: 03/20 16:04:29.620: [sbi] INFO: Setup NF EndPoint(addr) [192.168.50.200:7777] (../lib/sbi/context.c:507)
mar 20 16:04:29 ubuntu-GL503VD open5gs-udrd[2736]: 03/20 16:04:29.620: [dbi] WARNING: Failed to connect to server [mongodb://localhost/open5gs] (../lib/dbi/ogs-mongoc.c:122)
mar 20 16:04:29 ubuntu-GL503VD open5gs-udrd[2736]: 03/20 16:04:29.620: [app] WARNING: Failed to initialize UDR (../src/udr/app.c:28)
mar 20 16:04:29 ubuntu-GL503VD open5gs-udrd[2736]: DIGEST-MD5 common mech free
mar 20 16:04:29 ubuntu-GL503VD systemd[1]: open5gs-udrd.service: Deactivated successfully.
mar 20 16:04:31 ubuntu-GL503VD systemd[1]: open5gs-udrd.service: Scheduled restart job, restart counter is at 12.
mar 20 16:04:31 ubuntu-GL503VD systemd[1]: Stopped Open5GS UDR Daemon.
mar 20 16:04:31 ubuntu-GL503VD systemd[1]: Started Open5GS UDR Daemon.
mar 20 16:04:31 ubuntu-GL503VD open5gs-udrd[2753]: Open5GS daemon v2.7.6
mar 20 16:04:31 ubuntu-GL503VD open5gs-udrd[2753]: 03/20 16:04:31.751: [app] INFO: Configuration: '/etc/open5gs/udr.yaml' (../lib/app/ogs-init.c:144)
mar 20 16:04:31 ubuntu-GL503VD open5gs-udrd[2753]: 03/20 16:04:31.751: [app] INFO: File Logging: '/var/log/open5gs/udr.log' (../lib/app/ogs-init.c:147)
mar 20 16:04:31 ubuntu-GL503VD open5gs-udrd[2753]: 03/20 16:04:31.753: [sbi] INFO: Setup NF EndPoint(addr) [192.168.50.200:7777] (../lib/sbi/context.c:507)
mar 20 16:04:31 ubuntu-GL503VD open5gs-udrd[2753]: 03/20 16:04:31.754: [dbi] WARNING: Failed to connect to server [mongodb://localhost/open5gs] (../lib/dbi/ogs-mongoc.c:122)
mar 20 16:04:31 ubuntu-GL503VD open5gs-udrd[2753]: 03/20 16:04:31.754: [app] WARNING: Failed to initialize UDR (../src/udr/app.c:28)
mar 20 16:04:31 ubuntu-GL503VD open5gs-udrd[2753]: DIGEST-MD5 common mech free
mar 20 16:04:31 ubuntu-GL503VD systemd[1]: open5gs-udrd.service: Deactivated successfully.
mar 20 16:04:33 ubuntu-GL503VD systemd[1]: open5gs-udrd.service: Scheduled restart job, restart counter is at 13.
mar 20 16:04:33 ubuntu-GL503VD systemd[1]: Stopped Open5GS UDR Daemon.
mar 20 16:04:33 ubuntu-GL503VD systemd[1]: Started Open5GS UDR Daemon.
mar 20 16:04:34 ubuntu-GL503VD open5gs-udrd[2764]: Open5GS daemon v2.7.6
mar 20 16:04:34 ubuntu-GL503VD open5gs-udrd[2764]: 03/20 16:04:34.004: [app] INFO: Configuration: '/etc/open5gs/udr.yaml' (../lib/app/ogs-init.c:144)
mar 20 16:04:34 ubuntu-GL503VD open5gs-udrd[2764]: 03/20 16:04:34.004: [app] INFO: File Logging: '/var/log/open5gs/udr.log' (../lib/app/ogs-init.c:147)
mar 20 16:04:34 ubuntu-GL503VD open5gs-udrd[2764]: 03/20 16:04:34.007: [sbi] INFO: Setup NF EndPoint(addr) [192.168.50.200:7777] (../lib/sbi/context.c:507)
mar 20 16:04:34 ubuntu-GL503VD open5gs-udrd[2764]: 03/20 16:04:34.007: [dbi] WARNING: Failed to connect to server [mongodb://localhost/open5gs] (../lib/dbi/ogs-mongoc.c:122)
mar 20 16:04:34 ubuntu-GL503VD open5gs-udrd[2764]: 03/20 16:04:34.007: [app] WARNING: Failed to initialize UDR (../src/udr/app.c:28)
mar 20 16:04:34 ubuntu-GL503VD open5gs-udrd[2764]: DIGEST-MD5 common mech free
mar 20 16:04:34 ubuntu-GL503VD systemd[1]: open5gs-udrd.service: Deactivated successfully.
mar 20 16:04:36 ubuntu-GL503VD systemd[1]: open5gs-udrd.service: Scheduled restart job, restart counter is at 14.
mar 20 16:04:36 ubuntu-GL503VD systemd[1]: Stopped Open5GS UDR Daemon.
mar 20 16:04:36 ubuntu-GL503VD systemd[1]: Started Open5GS UDR Daemon.
mar 20 16:04:36 ubuntu-GL503VD open5gs-udrd[2770]: Open5GS daemon v2.7.6
mar 20 16:04:36 ubuntu-GL503VD open5gs-udrd[2770]: 03/20 16:04:36.248: [app] INFO: Configuration: '/etc/open5gs/udr.yaml' (../lib/app/ogs-init.c:144)
mar 20 16:04:36 ubuntu-GL503VD open5gs-udrd[2770]: 03/20 16:04:36.248: [app] INFO: File Logging: '/var/log/open5gs/udr.log' (../lib/app/ogs-init.c:147)
mar 20 16:04:36 ubuntu-GL503VD open5gs-udrd[2770]: 03/20 16:04:36.250: [sbi] INFO: Setup NF EndPoint(addr) [192.168.50.200:7777] (../lib/sbi/context.c:507)
mar 20 16:04:36 ubuntu-GL503VD open5gs-udrd[2770]: 03/20 16:04:36.250: [dbi] WARNING: Failed to connect to server [mongodb://localhost/open5gs] (../lib/dbi/ogs-mongoc.c:122)
mar 20 16:04:36 ubuntu-GL503VD open5gs-udrd[2770]: 03/20 16:04:36.250: [app] WARNING: Failed to initialize UDR (../src/udr/app.c:28)
mar 20 16:04:36 ubuntu-GL503VD open5gs-udrd[2770]: DIGEST-MD5 common mech free
mar 20 16:04:36 ubuntu-GL503VD systemd[1]: open5gs-udrd.service: Deactivated successfully.
mar 20 16:04:38 ubuntu-GL503VD systemd[1]: open5gs-udrd.service: Scheduled restart job, restart counter is at 15.
mar 20 16:04:38 ubuntu-GL503VD systemd[1]: Stopped Open5GS UDR Daemon.
mar 20 16:04:38 ubuntu-GL503VD systemd[1]: Started Open5GS UDR Daemon.
mar 20 16:04:38 ubuntu-GL503VD open5gs-udrd[2790]: Open5GS daemon v2.7.6
mar 20 16:04:38 ubuntu-GL503VD open5gs-udrd[2790]: 03/20 16:04:38.323: [app] INFO: Configuration: '/etc/open5gs/udr.yaml' (../lib/app/ogs-init.c:144)
mar 20 16:04:38 ubuntu-GL503VD open5gs-udrd[2790]: 03/20 16:04:38.323: [app] INFO: File Logging: '/var/log/open5gs/udr.log' (../lib/app/ogs-init.c:147)
mar 20 16:04:38 ubuntu-GL503VD open5gs-udrd[2790]: 03/20 16:04:38.325: [sbi] INFO: Setup NF EndPoint(addr) [192.168.50.200:7777] (../lib/sbi/context.c:507)
mar 20 16:04:38 ubuntu-GL503VD open5gs-udrd[2790]: 03/20 16:04:38.326: [dbi] WARNING: Failed to connect to server [mongodb://localhost/open5gs] (../lib/dbi/ogs-mongoc.c:122)
mar 20 16:04:38 ubuntu-GL503VD open5gs-udrd[2790]: 03/20 16:04:38.326: [app] WARNING: Failed to initialize UDR (../src/udr/app.c:28)
mar 20 16:04:38 ubuntu-GL503VD open5gs-udrd[2790]: DIGEST-MD5 common mech free
mar 20 16:04:38 ubuntu-GL503VD systemd[1]: open5gs-udrd.service: Deactivated successfully.
mar 20 16:04:40 ubuntu-GL503VD systemd[1]: open5gs-udrd.service: Scheduled restart job, restart counter is at 16.
mar 20 16:04:40 ubuntu-GL503VD systemd[1]: Stopped Open5GS UDR Daemon.
mar 20 16:04:40 ubuntu-GL503VD systemd[1]: Started Open5GS UDR Daemon.
mar 20 16:04:40 ubuntu-GL503VD open5gs-udrd[2824]: Open5GS daemon v2.7.6
mar 20 16:04:40 ubuntu-GL503VD open5gs-udrd[2824]: 03/20 16:04:40.501: [app] INFO: Configuration: '/etc/open5gs/udr.yaml' (../lib/app/ogs-init.c:144)
mar 20 16:04:40 ubuntu-GL503VD open5gs-udrd[2824]: 03/20 16:04:40.501: [app] INFO: File Logging: '/var/log/open5gs/udr.log' (../lib/app/ogs-init.c:147)
mar 20 16:04:40 ubuntu-GL503VD open5gs-udrd[2824]: 03/20 16:04:40.503: [sbi] INFO: Setup NF EndPoint(addr) [192.168.50.200:7777] (../lib/sbi/context.c:507)
mar 20 16:04:40 ubuntu-GL503VD open5gs-udrd[2824]: 03/20 16:04:40.503: [dbi] WARNING: Failed to connect to server [mongodb://localhost/open5gs] (../lib/dbi/ogs-mongoc.c:122)
mar 20 16:04:40 ubuntu-GL503VD open5gs-udrd[2824]: 03/20 16:04:40.503: [app] WARNING: Failed to initialize UDR (../src/udr/app.c:28)
mar 20 16:04:40 ubuntu-GL503VD open5gs-udrd[2824]: DIGEST-MD5 common mech free
mar 20 16:04:40 ubuntu-GL503VD systemd[1]: open5gs-udrd.service: Deactivated successfully.
mar 20 16:04:42 ubuntu-GL503VD systemd[1]: open5gs-udrd.service: Scheduled restart job, restart counter is at 17.
mar 20 16:04:42 ubuntu-GL503VD systemd[1]: Stopped Open5GS UDR Daemon.
mar 20 16:04:42 ubuntu-GL503VD systemd[1]: Started Open5GS UDR Daemon.
mar 20 16:04:42 ubuntu-GL503VD open5gs-udrd[2840]: Open5GS daemon v2.7.6
mar 20 16:04:42 ubuntu-GL503VD open5gs-udrd[2840]: 03/20 16:04:42.626: [app] INFO: Configuration: '/etc/open5gs/udr.yaml' (../lib/app/ogs-init.c:144)
mar 20 16:04:42 ubuntu-GL503VD open5gs-udrd[2840]: 03/20 16:04:42.626: [app] INFO: File Logging: '/var/log/open5gs/udr.log' (../lib/app/ogs-init.c:147)
mar 20 16:04:42 ubuntu-GL503VD open5gs-udrd[2840]: 03/20 16:04:42.628: [sbi] INFO: Setup NF EndPoint(addr) [192.168.50.200:7777] (../lib/sbi/context.c:507)
mar 20 16:04:42 ubuntu-GL503VD open5gs-udrd[2840]: DIGEST-MD5 common mech free
mar 20 16:04:42 ubuntu-GL503VD open5gs-udrd[2840]: 03/20 16:04:42.629: [dbi] WARNING: Failed to connect to server [mongodb://localhost/open5gs] (../lib/dbi/ogs-mongoc.c:122)
mar 20 16:04:42 ubuntu-GL503VD open5gs-udrd[2840]: 03/20 16:04:42.629: [app] WARNING: Failed to initialize UDR (../src/udr/app.c:28)
mar 20 16:04:42 ubuntu-GL503VD systemd[1]: open5gs-udrd.service: Deactivated successfully.
mar 20 16:04:44 ubuntu-GL503VD systemd[1]: open5gs-udrd.service: Scheduled restart job, restart counter is at 18.
mar 20 16:04:44 ubuntu-GL503VD systemd[1]: Stopped Open5GS UDR Daemon.
mar 20 16:04:44 ubuntu-GL503VD systemd[1]: Started Open5GS UDR Daemon.
mar 20 16:04:44 ubuntu-GL503VD open5gs-udrd[2844]: Open5GS daemon v2.7.6
mar 20 16:04:44 ubuntu-GL503VD open5gs-udrd[2844]: 03/20 16:04:44.749: [app] INFO: Configuration: '/etc/open5gs/udr.yaml' (../lib/app/ogs-init.c:144)
mar 20 16:04:44 ubuntu-GL503VD open5gs-udrd[2844]: 03/20 16:04:44.749: [app] INFO: File Logging: '/var/log/open5gs/udr.log' (../lib/app/ogs-init.c:147)
mar 20 16:04:44 ubuntu-GL503VD open5gs-udrd[2844]: 03/20 16:04:44.751: [sbi] INFO: Setup NF EndPoint(addr) [192.168.50.200:7777] (../lib/sbi/context.c:507)
mar 20 16:04:44 ubuntu-GL503VD open5gs-udrd[2844]: 03/20 16:04:44.751: [dbi] WARNING: Failed to connect to server [mongodb://localhost/open5gs] (../lib/dbi/ogs-mongoc.c:122)
mar 20 16:04:44 ubuntu-GL503VD open5gs-udrd[2844]: 03/20 16:04:44.751: [app] WARNING: Failed to initialize UDR (../src/udr/app.c:28)
mar 20 16:04:44 ubuntu-GL503VD open5gs-udrd[2844]: DIGEST-MD5 common mech free
mar 20 16:04:44 ubuntu-GL503VD systemd[1]: open5gs-udrd.service: Deactivated successfully.
mar 20 16:04:46 ubuntu-GL503VD systemd[1]: open5gs-udrd.service: Scheduled restart job, restart counter is at 19.
mar 20 16:04:46 ubuntu-GL503VD systemd[1]: Stopped Open5GS UDR Daemon.
mar 20 16:04:46 ubuntu-GL503VD systemd[1]: Started Open5GS UDR Daemon.
mar 20 16:04:47 ubuntu-GL503VD open5gs-udrd[2857]: Open5GS daemon v2.7.6
mar 20 16:04:47 ubuntu-GL503VD open5gs-udrd[2857]: 03/20 16:04:47.003: [app] INFO: Configuration: '/etc/open5gs/udr.yaml' (../lib/app/ogs-init.c:144)
mar 20 16:04:47 ubuntu-GL503VD open5gs-udrd[2857]: 03/20 16:04:47.003: [app] INFO: File Logging: '/var/log/open5gs/udr.log' (../lib/app/ogs-init.c:147)
mar 20 16:04:47 ubuntu-GL503VD open5gs-udrd[2857]: 03/20 16:04:47.005: [sbi] INFO: Setup NF EndPoint(addr) [192.168.50.200:7777] (../lib/sbi/context.c:507)
mar 20 16:04:47 ubuntu-GL503VD open5gs-udrd[2857]: 03/20 16:04:47.005: [dbi] WARNING: Failed to connect to server [mongodb://localhost/open5gs] (../lib/dbi/ogs-mongoc.c:122)
mar 20 16:04:47 ubuntu-GL503VD open5gs-udrd[2857]: 03/20 16:04:47.005: [app] WARNING: Failed to initialize UDR (../src/udr/app.c:28)
mar 20 16:04:47 ubuntu-GL503VD open5gs-udrd[2857]: DIGEST-MD5 common mech free
mar 20 16:04:47 ubuntu-GL503VD systemd[1]: open5gs-udrd.service: Deactivated successfully.
mar 20 16:04:49 ubuntu-GL503VD systemd[1]: open5gs-udrd.service: Scheduled restart job, restart counter is at 20.
mar 20 16:04:49 ubuntu-GL503VD systemd[1]: Stopped Open5GS UDR Daemon.
mar 20 16:04:49 ubuntu-GL503VD systemd[1]: Started Open5GS UDR Daemon.
mar 20 16:04:49 ubuntu-GL503VD open5gs-udrd[2866]: Open5GS daemon v2.7.6
mar 20 16:04:49 ubuntu-GL503VD open5gs-udrd[2866]: 03/20 16:04:49.248: [app] INFO: Configuration: '/etc/open5gs/udr.yaml' (../lib/app/ogs-init.c:144)
mar 20 16:04:49 ubuntu-GL503VD open5gs-udrd[2866]: 03/20 16:04:49.248: [app] INFO: File Logging: '/var/log/open5gs/udr.log' (../lib/app/ogs-init.c:147)
mar 20 16:04:49 ubuntu-GL503VD open5gs-udrd[2866]: 03/20 16:04:49.250: [sbi] INFO: Setup NF EndPoint(addr) [192.168.50.200:7777] (../lib/sbi/context.c:507)
mar 20 16:04:49 ubuntu-GL503VD open5gs-udrd[2866]: 03/20 16:04:49.251: [dbi] WARNING: Failed to connect to server [mongodb://localhost/open5gs] (../lib/dbi/ogs-mongoc.c:122)
mar 20 16:04:49 ubuntu-GL503VD open5gs-udrd[2866]: 03/20 16:04:49.251: [app] WARNING: Failed to initialize UDR (../src/udr/app.c:28)
mar 20 16:04:49 ubuntu-GL503VD open5gs-udrd[2866]: DIGEST-MD5 common mech free
mar 20 16:04:49 ubuntu-GL503VD systemd[1]: open5gs-udrd.service: Deactivated successfully.
mar 20 16:04:51 ubuntu-GL503VD systemd[1]: open5gs-udrd.service: Scheduled restart job, restart counter is at 21.
mar 20 16:04:51 ubuntu-GL503VD systemd[1]: Stopped Open5GS UDR Daemon.
mar 20 16:04:51 ubuntu-GL503VD systemd[1]: Started Open5GS UDR Daemon.
mar 20 16:04:51 ubuntu-GL503VD open5gs-udrd[2872]: Open5GS daemon v2.7.6
mar 20 16:04:51 ubuntu-GL503VD open5gs-udrd[2872]: 03/20 16:04:51.507: [app] INFO: Configuration: '/etc/open5gs/udr.yaml' (../lib/app/ogs-init.c:144)
mar 20 16:04:51 ubuntu-GL503VD open5gs-udrd[2872]: 03/20 16:04:51.508: [app] INFO: File Logging: '/var/log/open5gs/udr.log' (../lib/app/ogs-init.c:147)
mar 20 16:04:51 ubuntu-GL503VD open5gs-udrd[2872]: 03/20 16:04:51.510: [sbi] INFO: Setup NF EndPoint(addr) [192.168.50.200:7777] (../lib/sbi/context.c:507)
mar 20 16:04:51 ubuntu-GL503VD open5gs-udrd[2872]: 03/20 16:04:51.510: [dbi] WARNING: Failed to connect to server [mongodb://localhost/open5gs] (../lib/dbi/ogs-mongoc.c:122)
mar 20 16:04:51 ubuntu-GL503VD open5gs-udrd[2872]: 03/20 16:04:51.510: [app] WARNING: Failed to initialize UDR (../src/udr/app.c:28)
mar 20 16:04:51 ubuntu-GL503VD open5gs-udrd[2872]: DIGEST-MD5 common mech free
mar 20 16:04:51 ubuntu-GL503VD systemd[1]: open5gs-udrd.service: Deactivated successfully.
mar 20 16:04:53 ubuntu-GL503VD systemd[1]: open5gs-udrd.service: Scheduled restart job, restart counter is at 22.
mar 20 16:04:53 ubuntu-GL503VD systemd[1]: Stopped Open5GS UDR Daemon.
mar 20 16:04:53 ubuntu-GL503VD systemd[1]: Started Open5GS UDR Daemon.
mar 20 16:04:53 ubuntu-GL503VD open5gs-udrd[2885]: Open5GS daemon v2.7.6
mar 20 16:04:53 ubuntu-GL503VD open5gs-udrd[2885]: 03/20 16:04:53.749: [app] INFO: Configuration: '/etc/open5gs/udr.yaml' (../lib/app/ogs-init.c:144)
mar 20 16:04:53 ubuntu-GL503VD open5gs-udrd[2885]: 03/20 16:04:53.749: [app] INFO: File Logging: '/var/log/open5gs/udr.log' (../lib/app/ogs-init.c:147)
mar 20 16:04:53 ubuntu-GL503VD open5gs-udrd[2885]: 03/20 16:04:53.752: [sbi] INFO: Setup NF EndPoint(addr) [192.168.50.200:7777] (../lib/sbi/context.c:507)
mar 20 16:04:53 ubuntu-GL503VD open5gs-udrd[2885]: 03/20 16:04:53.752: [dbi] WARNING: Failed to connect to server [mongodb://localhost/open5gs] (../lib/dbi/ogs-mongoc.c:122)
mar 20 16:04:53 ubuntu-GL503VD open5gs-udrd[2885]: 03/20 16:04:53.752: [app] WARNING: Failed to initialize UDR (../src/udr/app.c:28)
mar 20 16:04:53 ubuntu-GL503VD open5gs-udrd[2885]: DIGEST-MD5 common mech free
mar 20 16:04:53 ubuntu-GL503VD systemd[1]: open5gs-udrd.service: Deactivated successfully.
mar 20 16:04:55 ubuntu-GL503VD systemd[1]: open5gs-udrd.service: Scheduled restart job, restart counter is at 23.
mar 20 16:04:55 ubuntu-GL503VD systemd[1]: Stopped Open5GS UDR Daemon.
mar 20 16:04:55 ubuntu-GL503VD systemd[1]: Started Open5GS UDR Daemon.
mar 20 16:04:56 ubuntu-GL503VD open5gs-udrd[2887]: Open5GS daemon v2.7.6
mar 20 16:04:56 ubuntu-GL503VD open5gs-udrd[2887]: 03/20 16:04:56.004: [app] INFO: Configuration: '/etc/open5gs/udr.yaml' (../lib/app/ogs-init.c:144)
mar 20 16:04:56 ubuntu-GL503VD open5gs-udrd[2887]: 03/20 16:04:56.004: [app] INFO: File Logging: '/var/log/open5gs/udr.log' (../lib/app/ogs-init.c:147)
mar 20 16:04:56 ubuntu-GL503VD open5gs-udrd[2887]: 03/20 16:04:56.006: [sbi] INFO: Setup NF EndPoint(addr) [192.168.50.200:7777] (../lib/sbi/context.c:507)
mar 20 16:04:56 ubuntu-GL503VD open5gs-udrd[2887]: 03/20 16:04:56.006: [dbi] WARNING: Failed to connect to server [mongodb://localhost/open5gs] (../lib/dbi/ogs-mongoc.c:122)
mar 20 16:04:56 ubuntu-GL503VD open5gs-udrd[2887]: 03/20 16:04:56.006: [app] WARNING: Failed to initialize UDR (../src/udr/app.c:28)
mar 20 16:04:56 ubuntu-GL503VD open5gs-udrd[2887]: DIGEST-MD5 common mech free
mar 20 16:04:56 ubuntu-GL503VD systemd[1]: open5gs-udrd.service: Deactivated successfully.
mar 20 16:04:58 ubuntu-GL503VD systemd[1]: open5gs-udrd.service: Scheduled restart job, restart counter is at 24.
mar 20 16:04:58 ubuntu-GL503VD systemd[1]: Stopped Open5GS UDR Daemon.
mar 20 16:04:58 ubuntu-GL503VD systemd[1]: Started Open5GS UDR Daemon.
mar 20 16:04:58 ubuntu-GL503VD open5gs-udrd[2900]: Open5GS daemon v2.7.6
mar 20 16:04:58 ubuntu-GL503VD open5gs-udrd[2900]: 03/20 16:04:58.250: [app] INFO: Configuration: '/etc/open5gs/udr.yaml' (../lib/app/ogs-init.c:144)
mar 20 16:04:58 ubuntu-GL503VD open5gs-udrd[2900]: 03/20 16:04:58.250: [app] INFO: File Logging: '/var/log/open5gs/udr.log' (../lib/app/ogs-init.c:147)
mar 20 16:04:58 ubuntu-GL503VD open5gs-udrd[2900]: 03/20 16:04:58.252: [sbi] INFO: Setup NF EndPoint(addr) [192.168.50.200:7777] (../lib/sbi/context.c:507)
mar 20 16:04:58 ubuntu-GL503VD open5gs-udrd[2900]: DIGEST-MD5 common mech free
mar 20 16:04:58 ubuntu-GL503VD open5gs-udrd[2900]: 03/20 16:04:58.252: [dbi] WARNING: Failed to connect to server [mongodb://localhost/open5gs] (../lib/dbi/ogs-mongoc.c:122)
mar 20 16:04:58 ubuntu-GL503VD open5gs-udrd[2900]: 03/20 16:04:58.252: [app] WARNING: Failed to initialize UDR (../src/udr/app.c:28)
mar 20 16:04:58 ubuntu-GL503VD systemd[1]: open5gs-udrd.service: Deactivated successfully.
mar 20 16:05:00 ubuntu-GL503VD systemd[1]: open5gs-udrd.service: Scheduled restart job, restart counter is at 25.
mar 20 16:05:00 ubuntu-GL503VD systemd[1]: Stopped Open5GS UDR Daemon.
mar 20 16:05:00 ubuntu-GL503VD systemd[1]: Started Open5GS UDR Daemon.
mar 20 16:05:00 ubuntu-GL503VD open5gs-udrd[2909]: Open5GS daemon v2.7.6
mar 20 16:05:00 ubuntu-GL503VD open5gs-udrd[2909]: 03/20 16:05:00.505: [app] INFO: Configuration: '/etc/open5gs/udr.yaml' (../lib/app/ogs-init.c:144)
mar 20 16:05:00 ubuntu-GL503VD open5gs-udrd[2909]: 03/20 16:05:00.505: [app] INFO: File Logging: '/var/log/open5gs/udr.log' (../lib/app/ogs-init.c:147)
mar 20 16:05:00 ubuntu-GL503VD open5gs-udrd[2909]: 03/20 16:05:00.506: [sbi] INFO: Setup NF EndPoint(addr) [192.168.50.200:7777] (../lib/sbi/context.c:507)
mar 20 16:05:00 ubuntu-GL503VD open5gs-udrd[2909]: DIGEST-MD5 common mech free
mar 20 16:05:00 ubuntu-GL503VD open5gs-udrd[2909]: 03/20 16:05:00.507: [dbi] WARNING: Failed to connect to server [mongodb://localhost/open5gs] (../lib/dbi/ogs-mongoc.c:122)
mar 20 16:05:00 ubuntu-GL503VD open5gs-udrd[2909]: 03/20 16:05:00.507: [app] WARNING: Failed to initialize UDR (../src/udr/app.c:28)
mar 20 16:05:00 ubuntu-GL503VD systemd[1]: open5gs-udrd.service: Deactivated successfully.
mar 20 16:05:02 ubuntu-GL503VD systemd[1]: open5gs-udrd.service: Scheduled restart job, restart counter is at 26.
mar 20 16:05:02 ubuntu-GL503VD systemd[1]: Stopped Open5GS UDR Daemon.
mar 20 16:05:02 ubuntu-GL503VD systemd[1]: Started Open5GS UDR Daemon.
mar 20 16:05:02 ubuntu-GL503VD open5gs-udrd[2924]: Open5GS daemon v2.7.6
mar 20 16:05:02 ubuntu-GL503VD open5gs-udrd[2924]: 03/20 16:05:02.748: [app] INFO: Configuration: '/etc/open5gs/udr.yaml' (../lib/app/ogs-init.c:144)
mar 20 16:05:02 ubuntu-GL503VD open5gs-udrd[2924]: 03/20 16:05:02.748: [app] INFO: File Logging: '/var/log/open5gs/udr.log' (../lib/app/ogs-init.c:147)
mar 20 16:05:02 ubuntu-GL503VD open5gs-udrd[2924]: 03/20 16:05:02.750: [sbi] INFO: Setup NF EndPoint(addr) [192.168.50.200:7777] (../lib/sbi/context.c:507)
mar 20 16:05:02 ubuntu-GL503VD open5gs-udrd[2924]: DIGEST-MD5 common mech free
mar 20 16:05:02 ubuntu-GL503VD open5gs-udrd[2924]: 03/20 16:05:02.751: [dbi] WARNING: Failed to connect to server [mongodb://localhost/open5gs] (../lib/dbi/ogs-mongoc.c:122)
mar 20 16:05:02 ubuntu-GL503VD open5gs-udrd[2924]: 03/20 16:05:02.751: [app] WARNING: Failed to initialize UDR (../src/udr/app.c:28)
mar 20 16:05:02 ubuntu-GL503VD systemd[1]: open5gs-udrd.service: Deactivated successfully.
mar 20 16:05:04 ubuntu-GL503VD systemd[1]: open5gs-udrd.service: Scheduled restart job, restart counter is at 27.
mar 20 16:05:04 ubuntu-GL503VD systemd[1]: Stopped Open5GS UDR Daemon.
mar 20 16:05:04 ubuntu-GL503VD systemd[1]: Started Open5GS UDR Daemon.
mar 20 16:05:05 ubuntu-GL503VD open5gs-udrd[2938]: Open5GS daemon v2.7.6
mar 20 16:05:05 ubuntu-GL503VD open5gs-udrd[2938]: 03/20 16:05:05.001: [app] INFO: Configuration: '/etc/open5gs/udr.yaml' (../lib/app/ogs-init.c:144)
mar 20 16:05:05 ubuntu-GL503VD open5gs-udrd[2938]: 03/20 16:05:05.001: [app] INFO: File Logging: '/var/log/open5gs/udr.log' (../lib/app/ogs-init.c:147)
mar 20 16:05:05 ubuntu-GL503VD open5gs-udrd[2938]: 03/20 16:05:05.002: [sbi] INFO: Setup NF EndPoint(addr) [192.168.50.200:7777] (../lib/sbi/context.c:507)
mar 20 16:05:05 ubuntu-GL503VD open5gs-udrd[2938]: 03/20 16:05:05.003: [dbi] WARNING: Failed to connect to server [mongodb://localhost/open5gs] (../lib/dbi/ogs-mongoc.c:122)
mar 20 16:05:05 ubuntu-GL503VD open5gs-udrd[2938]: 03/20 16:05:05.003: [app] WARNING: Failed to initialize UDR (../src/udr/app.c:28)
mar 20 16:05:05 ubuntu-GL503VD open5gs-udrd[2938]: DIGEST-MD5 common mech free
mar 20 16:05:05 ubuntu-GL503VD systemd[1]: open5gs-udrd.service: Deactivated successfully.
mar 20 16:05:07 ubuntu-GL503VD systemd[1]: open5gs-udrd.service: Scheduled restart job, restart counter is at 28.
mar 20 16:05:07 ubuntu-GL503VD systemd[1]: Stopped Open5GS UDR Daemon.
mar 20 16:05:07 ubuntu-GL503VD systemd[1]: Started Open5GS UDR Daemon.
mar 20 16:05:07 ubuntu-GL503VD open5gs-udrd[2940]: Open5GS daemon v2.7.6
mar 20 16:05:07 ubuntu-GL503VD open5gs-udrd[2940]: 03/20 16:05:07.250: [app] INFO: Configuration: '/etc/open5gs/udr.yaml' (../lib/app/ogs-init.c:144)
mar 20 16:05:07 ubuntu-GL503VD open5gs-udrd[2940]: 03/20 16:05:07.250: [app] INFO: File Logging: '/var/log/open5gs/udr.log' (../lib/app/ogs-init.c:147)
mar 20 16:05:07 ubuntu-GL503VD open5gs-udrd[2940]: 03/20 16:05:07.252: [sbi] INFO: Setup NF EndPoint(addr) [192.168.50.200:7777] (../lib/sbi/context.c:507)
mar 20 16:05:07 ubuntu-GL503VD open5gs-udrd[2940]: 03/20 16:05:07.253: [dbi] WARNING: Failed to connect to server [mongodb://localhost/open5gs] (../lib/dbi/ogs-mongoc.c:122)
mar 20 16:05:07 ubuntu-GL503VD open5gs-udrd[2940]: 03/20 16:05:07.253: [app] WARNING: Failed to initialize UDR (../src/udr/app.c:28)
mar 20 16:05:07 ubuntu-GL503VD open5gs-udrd[2940]: DIGEST-MD5 common mech free
mar 20 16:05:07 ubuntu-GL503VD systemd[1]: open5gs-udrd.service: Deactivated successfully.
mar 20 16:05:09 ubuntu-GL503VD systemd[1]: open5gs-udrd.service: Scheduled restart job, restart counter is at 29.
mar 20 16:05:09 ubuntu-GL503VD systemd[1]: Stopped Open5GS UDR Daemon.
mar 20 16:05:09 ubuntu-GL503VD systemd[1]: Started Open5GS UDR Daemon.
mar 20 16:05:09 ubuntu-GL503VD open5gs-udrd[2964]: Open5GS daemon v2.7.6
mar 20 16:05:09 ubuntu-GL503VD open5gs-udrd[2964]: 03/20 16:05:09.506: [app] INFO: Configuration: '/etc/open5gs/udr.yaml' (../lib/app/ogs-init.c:144)
mar 20 16:05:09 ubuntu-GL503VD open5gs-udrd[2964]: 03/20 16:05:09.506: [app] INFO: File Logging: '/var/log/open5gs/udr.log' (../lib/app/ogs-init.c:147)
mar 20 16:05:09 ubuntu-GL503VD open5gs-udrd[2964]: 03/20 16:05:09.509: [sbi] INFO: Setup NF EndPoint(addr) [192.168.50.200:7777] (../lib/sbi/context.c:507)
mar 20 16:05:09 ubuntu-GL503VD open5gs-udrd[2964]: 03/20 16:05:09.509: [dbi] WARNING: Failed to connect to server [mongodb://localhost/open5gs] (../lib/dbi/ogs-mongoc.c:122)
mar 20 16:05:09 ubuntu-GL503VD open5gs-udrd[2964]: 03/20 16:05:09.509: [app] WARNING: Failed to initialize UDR (../src/udr/app.c:28)
mar 20 16:05:09 ubuntu-GL503VD open5gs-udrd[2964]: DIGEST-MD5 common mech free
mar 20 16:05:09 ubuntu-GL503VD systemd[1]: open5gs-udrd.service: Deactivated successfully.
mar 20 16:05:11 ubuntu-GL503VD systemd[1]: open5gs-udrd.service: Scheduled restart job, restart counter is at 30.
mar 20 16:05:11 ubuntu-GL503VD systemd[1]: Stopped Open5GS UDR Daemon.
mar 20 16:05:11 ubuntu-GL503VD systemd[1]: Started Open5GS UDR Daemon.
mar 20 16:05:11 ubuntu-GL503VD open5gs-udrd[2973]: Open5GS daemon v2.7.6
mar 20 16:05:11 ubuntu-GL503VD open5gs-udrd[2973]: 03/20 16:05:11.751: [app] INFO: Configuration: '/etc/open5gs/udr.yaml' (../lib/app/ogs-init.c:144)
mar 20 16:05:11 ubuntu-GL503VD open5gs-udrd[2973]: 03/20 16:05:11.751: [app] INFO: File Logging: '/var/log/open5gs/udr.log' (../lib/app/ogs-init.c:147)
mar 20 16:05:11 ubuntu-GL503VD open5gs-udrd[2973]: 03/20 16:05:11.753: [sbi] INFO: Setup NF EndPoint(addr) [192.168.50.200:7777] (../lib/sbi/context.c:507)
mar 20 16:05:11 ubuntu-GL503VD open5gs-udrd[2973]: DIGEST-MD5 common mech free
mar 20 16:05:11 ubuntu-GL503VD open5gs-udrd[2973]: 03/20 16:05:11.754: [dbi] WARNING: Failed to connect to server [mongodb://localhost/open5gs] (../lib/dbi/ogs-mongoc.c:122)
mar 20 16:05:11 ubuntu-GL503VD open5gs-udrd[2973]: 03/20 16:05:11.754: [app] WARNING: Failed to initialize UDR (../src/udr/app.c:28)
mar 20 16:05:11 ubuntu-GL503VD systemd[1]: open5gs-udrd.service: Deactivated successfully.
mar 20 16:05:13 ubuntu-GL503VD systemd[1]: open5gs-udrd.service: Scheduled restart job, restart counter is at 31.
mar 20 16:05:13 ubuntu-GL503VD systemd[1]: Stopped Open5GS UDR Daemon.
mar 20 16:05:13 ubuntu-GL503VD systemd[1]: Started Open5GS UDR Daemon.
mar 20 16:05:13 ubuntu-GL503VD open5gs-udrd[2995]: Open5GS daemon v2.7.6
mar 20 16:05:13 ubuntu-GL503VD open5gs-udrd[2995]: 03/20 16:05:13.953: [app] INFO: Configuration: '/etc/open5gs/udr.yaml' (../lib/app/ogs-init.c:144)
mar 20 16:05:13 ubuntu-GL503VD open5gs-udrd[2995]: 03/20 16:05:13.953: [app] INFO: File Logging: '/var/log/open5gs/udr.log' (../lib/app/ogs-init.c:147)
mar 20 16:05:13 ubuntu-GL503VD open5gs-udrd[2995]: 03/20 16:05:13.956: [sbi] INFO: Setup NF EndPoint(addr) [192.168.50.200:7777] (../lib/sbi/context.c:507)
mar 20 16:05:13 ubuntu-GL503VD open5gs-udrd[2995]: 03/20 16:05:13.956: [dbi] WARNING: Failed to connect to server [mongodb://localhost/open5gs] (../lib/dbi/ogs-mongoc.c:122)
mar 20 16:05:13 ubuntu-GL503VD open5gs-udrd[2995]: 03/20 16:05:13.956: [app] WARNING: Failed to initialize UDR (../src/udr/app.c:28)
mar 20 16:05:13 ubuntu-GL503VD open5gs-udrd[2995]: DIGEST-MD5 common mech free
mar 20 16:05:13 ubuntu-GL503VD systemd[1]: open5gs-udrd.service: Deactivated successfully.
mar 20 16:05:15 ubuntu-GL503VD systemd[1]: open5gs-udrd.service: Scheduled restart job, restart counter is at 32.
mar 20 16:05:15 ubuntu-GL503VD systemd[1]: Stopped Open5GS UDR Daemon.
mar 20 16:05:15 ubuntu-GL503VD systemd[1]: Started Open5GS UDR Daemon.
mar 20 16:05:16 ubuntu-GL503VD open5gs-udrd[3041]: Open5GS daemon v2.7.6
mar 20 16:05:16 ubuntu-GL503VD open5gs-udrd[3041]: 03/20 16:05:16.004: [app] INFO: Configuration: '/etc/open5gs/udr.yaml' (../lib/app/ogs-init.c:144)
mar 20 16:05:16 ubuntu-GL503VD open5gs-udrd[3041]: 03/20 16:05:16.004: [app] INFO: File Logging: '/var/log/open5gs/udr.log' (../lib/app/ogs-init.c:147)
mar 20 16:05:16 ubuntu-GL503VD open5gs-udrd[3041]: 03/20 16:05:16.005: [sbi] INFO: Setup NF EndPoint(addr) [192.168.50.200:7777] (../lib/sbi/context.c:507)
mar 20 16:05:16 ubuntu-GL503VD open5gs-udrd[3041]: 03/20 16:05:16.006: [dbi] WARNING: Failed to connect to server [mongodb://localhost/open5gs] (../lib/dbi/ogs-mongoc.c:122)
mar 20 16:05:16 ubuntu-GL503VD open5gs-udrd[3041]: 03/20 16:05:16.006: [app] WARNING: Failed to initialize UDR (../src/udr/app.c:28)
mar 20 16:05:16 ubuntu-GL503VD open5gs-udrd[3041]: DIGEST-MD5 common mech free
mar 20 16:05:16 ubuntu-GL503VD systemd[1]: open5gs-udrd.service: Deactivated successfully.
mar 20 16:05:18 ubuntu-GL503VD systemd[1]: open5gs-udrd.service: Scheduled restart job, restart counter is at 33.
mar 20 16:05:18 ubuntu-GL503VD systemd[1]: Stopped Open5GS UDR Daemon.
mar 20 16:05:18 ubuntu-GL503VD systemd[1]: Started Open5GS UDR Daemon.
mar 20 16:05:18 ubuntu-GL503VD open5gs-udrd[3090]: Open5GS daemon v2.7.6
mar 20 16:05:18 ubuntu-GL503VD open5gs-udrd[3090]: 03/20 16:05:18.034: [app] INFO: Configuration: '/etc/open5gs/udr.yaml' (../lib/app/ogs-init.c:144)
mar 20 16:05:18 ubuntu-GL503VD open5gs-udrd[3090]: 03/20 16:05:18.034: [app] INFO: File Logging: '/var/log/open5gs/udr.log' (../lib/app/ogs-init.c:147)
mar 20 16:05:18 ubuntu-GL503VD open5gs-udrd[3090]: 03/20 16:05:18.036: [sbi] INFO: Setup NF EndPoint(addr) [192.168.50.200:7777] (../lib/sbi/context.c:507)
mar 20 16:05:18 ubuntu-GL503VD open5gs-udrd[3090]: DIGEST-MD5 common mech free
mar 20 16:05:18 ubuntu-GL503VD open5gs-udrd[3090]: 03/20 16:05:18.037: [dbi] WARNING: Failed to connect to server [mongodb://localhost/open5gs] (../lib/dbi/ogs-mongoc.c:122)
mar 20 16:05:18 ubuntu-GL503VD open5gs-udrd[3090]: 03/20 16:05:18.037: [app] WARNING: Failed to initialize UDR (../src/udr/app.c:28)
mar 20 16:05:18 ubuntu-GL503VD systemd[1]: open5gs-udrd.service: Deactivated successfully.
mar 20 16:05:20 ubuntu-GL503VD systemd[1]: open5gs-udrd.service: Scheduled restart job, restart counter is at 34.
mar 20 16:05:20 ubuntu-GL503VD systemd[1]: Stopped Open5GS UDR Daemon.
mar 20 16:05:20 ubuntu-GL503VD systemd[1]: Started Open5GS UDR Daemon.
mar 20 16:05:20 ubuntu-GL503VD open5gs-udrd[3117]: Open5GS daemon v2.7.6
mar 20 16:05:20 ubuntu-GL503VD open5gs-udrd[3117]: 03/20 16:05:20.249: [app] INFO: Configuration: '/etc/open5gs/udr.yaml' (../lib/app/ogs-init.c:144)
mar 20 16:05:20 ubuntu-GL503VD open5gs-udrd[3117]: 03/20 16:05:20.249: [app] INFO: File Logging: '/var/log/open5gs/udr.log' (../lib/app/ogs-init.c:147)
mar 20 16:05:20 ubuntu-GL503VD open5gs-udrd[3117]: 03/20 16:05:20.251: [sbi] INFO: Setup NF EndPoint(addr) [192.168.50.200:7777] (../lib/sbi/context.c:507)
mar 20 16:05:20 ubuntu-GL503VD open5gs-udrd[3117]: DIGEST-MD5 common mech free
mar 20 16:05:20 ubuntu-GL503VD open5gs-udrd[3117]: 03/20 16:05:20.251: [dbi] WARNING: Failed to connect to server [mongodb://localhost/open5gs] (../lib/dbi/ogs-mongoc.c:122)
mar 20 16:05:20 ubuntu-GL503VD open5gs-udrd[3117]: 03/20 16:05:20.251: [app] WARNING: Failed to initialize UDR (../src/udr/app.c:28)
mar 20 16:05:20 ubuntu-GL503VD systemd[1]: open5gs-udrd.service: Deactivated successfully.
mar 20 16:05:22 ubuntu-GL503VD systemd[1]: open5gs-udrd.service: Scheduled restart job, restart counter is at 35.
mar 20 16:05:22 ubuntu-GL503VD systemd[1]: Stopped Open5GS UDR Daemon.
mar 20 16:05:22 ubuntu-GL503VD systemd[1]: Started Open5GS UDR Daemon.
mar 20 16:05:22 ubuntu-GL503VD open5gs-udrd[3133]: Open5GS daemon v2.7.6
mar 20 16:05:22 ubuntu-GL503VD open5gs-udrd[3133]: 03/20 16:05:22.503: [app] INFO: Configuration: '/etc/open5gs/udr.yaml' (../lib/app/ogs-init.c:144)
mar 20 16:05:22 ubuntu-GL503VD open5gs-udrd[3133]: 03/20 16:05:22.503: [app] INFO: File Logging: '/var/log/open5gs/udr.log' (../lib/app/ogs-init.c:147)
mar 20 16:05:22 ubuntu-GL503VD open5gs-udrd[3133]: 03/20 16:05:22.505: [sbi] INFO: Setup NF EndPoint(addr) [192.168.50.200:7777] (../lib/sbi/context.c:507)
mar 20 16:05:22 ubuntu-GL503VD open5gs-udrd[3133]: DIGEST-MD5 common mech free
mar 20 16:05:22 ubuntu-GL503VD open5gs-udrd[3133]: 03/20 16:05:22.505: [dbi] WARNING: Failed to connect to server [mongodb://localhost/open5gs] (../lib/dbi/ogs-mongoc.c:122)
mar 20 16:05:22 ubuntu-GL503VD open5gs-udrd[3133]: 03/20 16:05:22.505: [app] WARNING: Failed to initialize UDR (../src/udr/app.c:28)
mar 20 16:05:22 ubuntu-GL503VD systemd[1]: open5gs-udrd.service: Deactivated successfully.
mar 20 16:05:24 ubuntu-GL503VD systemd[1]: open5gs-udrd.service: Scheduled restart job, restart counter is at 36.
mar 20 16:05:24 ubuntu-GL503VD systemd[1]: Stopped Open5GS UDR Daemon.
mar 20 16:05:24 ubuntu-GL503VD systemd[1]: Started Open5GS UDR Daemon.
mar 20 16:05:24 ubuntu-GL503VD open5gs-udrd[3146]: Open5GS daemon v2.7.6
mar 20 16:05:24 ubuntu-GL503VD open5gs-udrd[3146]: 03/20 16:05:24.750: [app] INFO: Configuration: '/etc/open5gs/udr.yaml' (../lib/app/ogs-init.c:144)
mar 20 16:05:24 ubuntu-GL503VD open5gs-udrd[3146]: 03/20 16:05:24.750: [app] INFO: File Logging: '/var/log/open5gs/udr.log' (../lib/app/ogs-init.c:147)
mar 20 16:05:24 ubuntu-GL503VD open5gs-udrd[3146]: 03/20 16:05:24.753: [sbi] INFO: Setup NF EndPoint(addr) [192.168.50.200:7777] (../lib/sbi/context.c:507)
mar 20 16:05:24 ubuntu-GL503VD open5gs-udrd[3146]: DIGEST-MD5 common mech free
mar 20 16:05:24 ubuntu-GL503VD open5gs-udrd[3146]: 03/20 16:05:24.753: [dbi] WARNING: Failed to connect to server [mongodb://localhost/open5gs] (../lib/dbi/ogs-mongoc.c:122)
mar 20 16:05:24 ubuntu-GL503VD open5gs-udrd[3146]: 03/20 16:05:24.753: [app] WARNING: Failed to initialize UDR (../src/udr/app.c:28)
mar 20 16:05:24 ubuntu-GL503VD systemd[1]: open5gs-udrd.service: Deactivated successfully.
mar 20 16:05:26 ubuntu-GL503VD systemd[1]: open5gs-udrd.service: Scheduled restart job, restart counter is at 37.
mar 20 16:05:26 ubuntu-GL503VD systemd[1]: Stopped Open5GS UDR Daemon.
mar 20 16:05:26 ubuntu-GL503VD systemd[1]: Started Open5GS UDR Daemon.
mar 20 16:05:27 ubuntu-GL503VD open5gs-udrd[3159]: Open5GS daemon v2.7.6
mar 20 16:05:27 ubuntu-GL503VD open5gs-udrd[3159]: 03/20 16:05:27.007: [app] INFO: Configuration: '/etc/open5gs/udr.yaml' (../lib/app/ogs-init.c:144)
mar 20 16:05:27 ubuntu-GL503VD open5gs-udrd[3159]: 03/20 16:05:27.007: [app] INFO: File Logging: '/var/log/open5gs/udr.log' (../lib/app/ogs-init.c:147)
mar 20 16:05:27 ubuntu-GL503VD open5gs-udrd[3159]: 03/20 16:05:27.008: [sbi] INFO: Setup NF EndPoint(addr) [192.168.50.200:7777] (../lib/sbi/context.c:507)
mar 20 16:05:27 ubuntu-GL503VD open5gs-udrd[3159]: 03/20 16:05:27.009: [dbi] WARNING: Failed to connect to server [mongodb://localhost/open5gs] (../lib/dbi/ogs-mongoc.c:122)
mar 20 16:05:27 ubuntu-GL503VD open5gs-udrd[3159]: 03/20 16:05:27.009: [app] WARNING: Failed to initialize UDR (../src/udr/app.c:28)
mar 20 16:05:27 ubuntu-GL503VD open5gs-udrd[3159]: DIGEST-MD5 common mech free
mar 20 16:05:27 ubuntu-GL503VD systemd[1]: open5gs-udrd.service: Deactivated successfully.
mar 20 16:05:29 ubuntu-GL503VD systemd[1]: open5gs-udrd.service: Scheduled restart job, restart counter is at 38.
mar 20 16:05:29 ubuntu-GL503VD systemd[1]: Stopped Open5GS UDR Daemon.
mar 20 16:05:29 ubuntu-GL503VD systemd[1]: Started Open5GS UDR Daemon.
mar 20 16:05:29 ubuntu-GL503VD open5gs-udrd[3161]: Open5GS daemon v2.7.6
mar 20 16:05:29 ubuntu-GL503VD open5gs-udrd[3161]: 03/20 16:05:29.249: [app] INFO: Configuration: '/etc/open5gs/udr.yaml' (../lib/app/ogs-init.c:144)
mar 20 16:05:29 ubuntu-GL503VD open5gs-udrd[3161]: 03/20 16:05:29.249: [app] INFO: File Logging: '/var/log/open5gs/udr.log' (../lib/app/ogs-init.c:147)
mar 20 16:05:29 ubuntu-GL503VD open5gs-udrd[3161]: 03/20 16:05:29.251: [sbi] INFO: Setup NF EndPoint(addr) [192.168.50.200:7777] (../lib/sbi/context.c:507)
mar 20 16:05:29 ubuntu-GL503VD open5gs-udrd[3161]: DIGEST-MD5 common mech free
mar 20 16:05:29 ubuntu-GL503VD open5gs-udrd[3161]: 03/20 16:05:29.252: [dbi] WARNING: Failed to connect to server [mongodb://localhost/open5gs] (../lib/dbi/ogs-mongoc.c:122)
mar 20 16:05:29 ubuntu-GL503VD open5gs-udrd[3161]: 03/20 16:05:29.252: [app] WARNING: Failed to initialize UDR (../src/udr/app.c:28)
mar 20 16:05:29 ubuntu-GL503VD systemd[1]: open5gs-udrd.service: Deactivated successfully.
mar 20 16:05:31 ubuntu-GL503VD systemd[1]: open5gs-udrd.service: Scheduled restart job, restart counter is at 39.
mar 20 16:05:31 ubuntu-GL503VD systemd[1]: Stopped Open5GS UDR Daemon.
mar 20 16:05:31 ubuntu-GL503VD systemd[1]: Started Open5GS UDR Daemon.
mar 20 16:05:31 ubuntu-GL503VD open5gs-udrd[3174]: Open5GS daemon v2.7.6
mar 20 16:05:31 ubuntu-GL503VD open5gs-udrd[3174]: 03/20 16:05:31.499: [app] INFO: Configuration: '/etc/open5gs/udr.yaml' (../lib/app/ogs-init.c:144)
mar 20 16:05:31 ubuntu-GL503VD open5gs-udrd[3174]: 03/20 16:05:31.499: [app] INFO: File Logging: '/var/log/open5gs/udr.log' (../lib/app/ogs-init.c:147)
mar 20 16:05:31 ubuntu-GL503VD open5gs-udrd[3174]: 03/20 16:05:31.501: [sbi] INFO: Setup NF EndPoint(addr) [192.168.50.200:7777] (../lib/sbi/context.c:507)
mar 20 16:05:31 ubuntu-GL503VD open5gs-udrd[3174]: DIGEST-MD5 common mech free
mar 20 16:05:31 ubuntu-GL503VD open5gs-udrd[3174]: 03/20 16:05:31.502: [dbi] WARNING: Failed to connect to server [mongodb://localhost/open5gs] (../lib/dbi/ogs-mongoc.c:122)
mar 20 16:05:31 ubuntu-GL503VD open5gs-udrd[3174]: 03/20 16:05:31.502: [app] WARNING: Failed to initialize UDR (../src/udr/app.c:28)
mar 20 16:05:31 ubuntu-GL503VD systemd[1]: open5gs-udrd.service: Deactivated successfully.
mar 20 16:05:33 ubuntu-GL503VD systemd[1]: open5gs-udrd.service: Scheduled restart job, restart counter is at 40.
mar 20 16:05:33 ubuntu-GL503VD systemd[1]: Stopped Open5GS UDR Daemon.
mar 20 16:05:33 ubuntu-GL503VD systemd[1]: Started Open5GS UDR Daemon.
mar 20 16:05:33 ubuntu-GL503VD open5gs-udrd[3176]: Open5GS daemon v2.7.6
mar 20 16:05:33 ubuntu-GL503VD open5gs-udrd[3176]: 03/20 16:05:33.756: [app] INFO: Configuration: '/etc/open5gs/udr.yaml' (../lib/app/ogs-init.c:144)
mar 20 16:05:33 ubuntu-GL503VD open5gs-udrd[3176]: 03/20 16:05:33.756: [app] INFO: File Logging: '/var/log/open5gs/udr.log' (../lib/app/ogs-init.c:147)
mar 20 16:05:33 ubuntu-GL503VD open5gs-udrd[3176]: 03/20 16:05:33.758: [sbi] INFO: Setup NF EndPoint(addr) [192.168.50.200:7777] (../lib/sbi/context.c:507)
mar 20 16:05:33 ubuntu-GL503VD open5gs-udrd[3176]: 03/20 16:05:33.758: [dbi] WARNING: Failed to connect to server [mongodb://localhost/open5gs] (../lib/dbi/ogs-mongoc.c:122)
mar 20 16:05:33 ubuntu-GL503VD open5gs-udrd[3176]: 03/20 16:05:33.758: [app] WARNING: Failed to initialize UDR (../src/udr/app.c:28)
mar 20 16:05:33 ubuntu-GL503VD open5gs-udrd[3176]: DIGEST-MD5 common mech free
mar 20 16:05:33 ubuntu-GL503VD systemd[1]: open5gs-udrd.service: Deactivated successfully.
mar 20 16:05:35 ubuntu-GL503VD systemd[1]: open5gs-udrd.service: Scheduled restart job, restart counter is at 41.
mar 20 16:05:35 ubuntu-GL503VD systemd[1]: Stopped Open5GS UDR Daemon.
mar 20 16:05:35 ubuntu-GL503VD systemd[1]: Started Open5GS UDR Daemon.
mar 20 16:05:36 ubuntu-GL503VD open5gs-udrd[3189]: Open5GS daemon v2.7.6
mar 20 16:05:36 ubuntu-GL503VD open5gs-udrd[3189]: 03/20 16:05:36.000: [app] INFO: Configuration: '/etc/open5gs/udr.yaml' (../lib/app/ogs-init.c:144)
mar 20 16:05:36 ubuntu-GL503VD open5gs-udrd[3189]: 03/20 16:05:36.000: [app] INFO: File Logging: '/var/log/open5gs/udr.log' (../lib/app/ogs-init.c:147)
mar 20 16:05:36 ubuntu-GL503VD open5gs-udrd[3189]: 03/20 16:05:36.002: [sbi] INFO: Setup NF EndPoint(addr) [192.168.50.200:7777] (../lib/sbi/context.c:507)
mar 20 16:05:36 ubuntu-GL503VD open5gs-udrd[3189]: DIGEST-MD5 common mech free
mar 20 16:05:36 ubuntu-GL503VD open5gs-udrd[3189]: 03/20 16:05:36.003: [dbi] WARNING: Failed to connect to server [mongodb://localhost/open5gs] (../lib/dbi/ogs-mongoc.c:122)
mar 20 16:05:36 ubuntu-GL503VD open5gs-udrd[3189]: 03/20 16:05:36.003: [app] WARNING: Failed to initialize UDR (../src/udr/app.c:28)
mar 20 16:05:36 ubuntu-GL503VD systemd[1]: open5gs-udrd.service: Deactivated successfully.
mar 20 16:05:38 ubuntu-GL503VD systemd[1]: open5gs-udrd.service: Scheduled restart job, restart counter is at 42.
mar 20 16:05:38 ubuntu-GL503VD systemd[1]: Stopped Open5GS UDR Daemon.
mar 20 16:05:38 ubuntu-GL503VD systemd[1]: Started Open5GS UDR Daemon.
mar 20 16:05:38 ubuntu-GL503VD open5gs-udrd[3198]: Open5GS daemon v2.7.6
mar 20 16:05:38 ubuntu-GL503VD open5gs-udrd[3198]: 03/20 16:05:38.029: [app] INFO: Configuration: '/etc/open5gs/udr.yaml' (../lib/app/ogs-init.c:144)
mar 20 16:05:38 ubuntu-GL503VD open5gs-udrd[3198]: 03/20 16:05:38.029: [app] INFO: File Logging: '/var/log/open5gs/udr.log' (../lib/app/ogs-init.c:147)
mar 20 16:05:38 ubuntu-GL503VD open5gs-udrd[3198]: 03/20 16:05:38.031: [sbi] INFO: Setup NF EndPoint(addr) [192.168.50.200:7777] (../lib/sbi/context.c:507)
mar 20 16:05:38 ubuntu-GL503VD open5gs-udrd[3198]: 03/20 16:05:38.031: [dbi] WARNING: Failed to connect to server [mongodb://localhost/open5gs] (../lib/dbi/ogs-mongoc.c:122)
mar 20 16:05:38 ubuntu-GL503VD open5gs-udrd[3198]: 03/20 16:05:38.031: [app] WARNING: Failed to initialize UDR (../src/udr/app.c:28)
mar 20 16:05:38 ubuntu-GL503VD open5gs-udrd[3198]: DIGEST-MD5 common mech free
mar 20 16:05:38 ubuntu-GL503VD systemd[1]: open5gs-udrd.service: Deactivated successfully.
mar 20 16:05:40 ubuntu-GL503VD systemd[1]: open5gs-udrd.service: Scheduled restart job, restart counter is at 43.
mar 20 16:05:40 ubuntu-GL503VD systemd[1]: Stopped Open5GS UDR Daemon.
mar 20 16:05:40 ubuntu-GL503VD systemd[1]: Started Open5GS UDR Daemon.
mar 20 16:05:40 ubuntu-GL503VD open5gs-udrd[3204]: Open5GS daemon v2.7.6
mar 20 16:05:40 ubuntu-GL503VD open5gs-udrd[3204]: 03/20 16:05:40.250: [app] INFO: Configuration: '/etc/open5gs/udr.yaml' (../lib/app/ogs-init.c:144)
mar 20 16:05:40 ubuntu-GL503VD open5gs-udrd[3204]: 03/20 16:05:40.251: [app] INFO: File Logging: '/var/log/open5gs/udr.log' (../lib/app/ogs-init.c:147)
mar 20 16:05:40 ubuntu-GL503VD open5gs-udrd[3204]: 03/20 16:05:40.252: [sbi] INFO: Setup NF EndPoint(addr) [192.168.50.200:7777] (../lib/sbi/context.c:507)
mar 20 16:05:40 ubuntu-GL503VD open5gs-udrd[3204]: 03/20 16:05:40.253: [dbi] WARNING: Failed to connect to server [mongodb://localhost/open5gs] (../lib/dbi/ogs-mongoc.c:122)
mar 20 16:05:40 ubuntu-GL503VD open5gs-udrd[3204]: 03/20 16:05:40.253: [app] WARNING: Failed to initialize UDR (../src/udr/app.c:28)
mar 20 16:05:40 ubuntu-GL503VD open5gs-udrd[3204]: DIGEST-MD5 common mech free
mar 20 16:05:40 ubuntu-GL503VD systemd[1]: open5gs-udrd.service: Deactivated successfully.
mar 20 16:05:42 ubuntu-GL503VD systemd[1]: open5gs-udrd.service: Scheduled restart job, restart counter is at 44.
mar 20 16:05:42 ubuntu-GL503VD systemd[1]: Stopped Open5GS UDR Daemon.
mar 20 16:05:42 ubuntu-GL503VD systemd[1]: Started Open5GS UDR Daemon.
mar 20 16:05:42 ubuntu-GL503VD open5gs-udrd[3217]: Open5GS daemon v2.7.6
mar 20 16:05:42 ubuntu-GL503VD open5gs-udrd[3217]: 03/20 16:05:42.500: [app] INFO: Configuration: '/etc/open5gs/udr.yaml' (../lib/app/ogs-init.c:144)
mar 20 16:05:42 ubuntu-GL503VD open5gs-udrd[3217]: 03/20 16:05:42.500: [app] INFO: File Logging: '/var/log/open5gs/udr.log' (../lib/app/ogs-init.c:147)
mar 20 16:05:42 ubuntu-GL503VD open5gs-udrd[3217]: 03/20 16:05:42.502: [sbi] INFO: Setup NF EndPoint(addr) [192.168.50.200:7777] (../lib/sbi/context.c:507)
mar 20 16:05:42 ubuntu-GL503VD open5gs-udrd[3217]: 03/20 16:05:42.503: [dbi] WARNING: Failed to connect to server [mongodb://localhost/open5gs] (../lib/dbi/ogs-mongoc.c:122)
mar 20 16:05:42 ubuntu-GL503VD open5gs-udrd[3217]: 03/20 16:05:42.503: [app] WARNING: Failed to initialize UDR (../src/udr/app.c:28)
mar 20 16:05:42 ubuntu-GL503VD open5gs-udrd[3217]: DIGEST-MD5 common mech free
mar 20 16:05:42 ubuntu-GL503VD systemd[1]: open5gs-udrd.service: Deactivated successfully.
mar 20 16:05:44 ubuntu-GL503VD systemd[1]: open5gs-udrd.service: Scheduled restart job, restart counter is at 45.
mar 20 16:05:44 ubuntu-GL503VD systemd[1]: Stopped Open5GS UDR Daemon.
mar 20 16:05:44 ubuntu-GL503VD systemd[1]: Started Open5GS UDR Daemon.
mar 20 16:05:44 ubuntu-GL503VD open5gs-udrd[3219]: Open5GS daemon v2.7.6
mar 20 16:05:44 ubuntu-GL503VD open5gs-udrd[3219]: 03/20 16:05:44.748: [app] INFO: Configuration: '/etc/open5gs/udr.yaml' (../lib/app/ogs-init.c:144)
mar 20 16:05:44 ubuntu-GL503VD open5gs-udrd[3219]: 03/20 16:05:44.748: [app] INFO: File Logging: '/var/log/open5gs/udr.log' (../lib/app/ogs-init.c:147)
mar 20 16:05:44 ubuntu-GL503VD open5gs-udrd[3219]: 03/20 16:05:44.750: [sbi] INFO: Setup NF EndPoint(addr) [192.168.50.200:7777] (../lib/sbi/context.c:507)
mar 20 16:05:44 ubuntu-GL503VD open5gs-udrd[3219]: 03/20 16:05:44.751: [dbi] WARNING: Failed to connect to server [mongodb://localhost/open5gs] (../lib/dbi/ogs-mongoc.c:122)
mar 20 16:05:44 ubuntu-GL503VD open5gs-udrd[3219]: 03/20 16:05:44.751: [app] WARNING: Failed to initialize UDR (../src/udr/app.c:28)
mar 20 16:05:44 ubuntu-GL503VD open5gs-udrd[3219]: DIGEST-MD5 common mech free
mar 20 16:05:44 ubuntu-GL503VD systemd[1]: open5gs-udrd.service: Deactivated successfully.
mar 20 16:05:46 ubuntu-GL503VD systemd[1]: open5gs-udrd.service: Scheduled restart job, restart counter is at 46.
mar 20 16:05:46 ubuntu-GL503VD systemd[1]: Stopped Open5GS UDR Daemon.
mar 20 16:05:46 ubuntu-GL503VD systemd[1]: Started Open5GS UDR Daemon.
mar 20 16:05:46 ubuntu-GL503VD open5gs-udrd[3232]: Open5GS daemon v2.7.6
mar 20 16:05:46 ubuntu-GL503VD open5gs-udrd[3232]: 03/20 16:05:46.998: [app] INFO: Configuration: '/etc/open5gs/udr.yaml' (../lib/app/ogs-init.c:144)
mar 20 16:05:46 ubuntu-GL503VD open5gs-udrd[3232]: 03/20 16:05:46.998: [app] INFO: File Logging: '/var/log/open5gs/udr.log' (../lib/app/ogs-init.c:147)
mar 20 16:05:47 ubuntu-GL503VD open5gs-udrd[3232]: 03/20 16:05:47.000: [sbi] INFO: Setup NF EndPoint(addr) [192.168.50.200:7777] (../lib/sbi/context.c:507)
mar 20 16:05:47 ubuntu-GL503VD open5gs-udrd[3232]: 03/20 16:05:47.000: [dbi] WARNING: Failed to connect to server [mongodb://localhost/open5gs] (../lib/dbi/ogs-mongoc.c:122)
mar 20 16:05:47 ubuntu-GL503VD open5gs-udrd[3232]: 03/20 16:05:47.000: [app] WARNING: Failed to initialize UDR (../src/udr/app.c:28)
mar 20 16:05:47 ubuntu-GL503VD open5gs-udrd[3232]: DIGEST-MD5 common mech free
mar 20 16:05:47 ubuntu-GL503VD systemd[1]: open5gs-udrd.service: Deactivated successfully.
mar 20 16:05:49 ubuntu-GL503VD systemd[1]: open5gs-udrd.service: Scheduled restart job, restart counter is at 47.
mar 20 16:05:49 ubuntu-GL503VD systemd[1]: Stopped Open5GS UDR Daemon.
mar 20 16:05:49 ubuntu-GL503VD systemd[1]: Started Open5GS UDR Daemon.
mar 20 16:05:49 ubuntu-GL503VD open5gs-udrd[3241]: Open5GS daemon v2.7.6
mar 20 16:05:49 ubuntu-GL503VD open5gs-udrd[3241]: 03/20 16:05:49.249: [app] INFO: Configuration: '/etc/open5gs/udr.yaml' (../lib/app/ogs-init.c:144)
mar 20 16:05:49 ubuntu-GL503VD open5gs-udrd[3241]: 03/20 16:05:49.249: [app] INFO: File Logging: '/var/log/open5gs/udr.log' (../lib/app/ogs-init.c:147)
mar 20 16:05:49 ubuntu-GL503VD open5gs-udrd[3241]: 03/20 16:05:49.251: [sbi] INFO: Setup NF EndPoint(addr) [192.168.50.200:7777] (../lib/sbi/context.c:507)
mar 20 16:05:49 ubuntu-GL503VD open5gs-udrd[3241]: 03/20 16:05:49.251: [dbi] WARNING: Failed to connect to server [mongodb://localhost/open5gs] (../lib/dbi/ogs-mongoc.c:122)
mar 20 16:05:49 ubuntu-GL503VD open5gs-udrd[3241]: 03/20 16:05:49.251: [app] WARNING: Failed to initialize UDR (../src/udr/app.c:28)
mar 20 16:05:49 ubuntu-GL503VD open5gs-udrd[3241]: DIGEST-MD5 common mech free
mar 20 16:05:49 ubuntu-GL503VD systemd[1]: open5gs-udrd.service: Deactivated successfully.
mar 20 16:05:51 ubuntu-GL503VD systemd[1]: open5gs-udrd.service: Scheduled restart job, restart counter is at 48.
mar 20 16:05:51 ubuntu-GL503VD systemd[1]: Stopped Open5GS UDR Daemon.
mar 20 16:05:51 ubuntu-GL503VD systemd[1]: Started Open5GS UDR Daemon.
mar 20 16:05:51 ubuntu-GL503VD open5gs-udrd[3247]: Open5GS daemon v2.7.6
mar 20 16:05:51 ubuntu-GL503VD open5gs-udrd[3247]: 03/20 16:05:51.504: [app] INFO: Configuration: '/etc/open5gs/udr.yaml' (../lib/app/ogs-init.c:144)
mar 20 16:05:51 ubuntu-GL503VD open5gs-udrd[3247]: 03/20 16:05:51.504: [app] INFO: File Logging: '/var/log/open5gs/udr.log' (../lib/app/ogs-init.c:147)
mar 20 16:05:51 ubuntu-GL503VD open5gs-udrd[3247]: 03/20 16:05:51.506: [sbi] INFO: Setup NF EndPoint(addr) [192.168.50.200:7777] (../lib/sbi/context.c:507)
mar 20 16:05:51 ubuntu-GL503VD open5gs-udrd[3247]: DIGEST-MD5 common mech free
mar 20 16:05:51 ubuntu-GL503VD open5gs-udrd[3247]: 03/20 16:05:51.506: [dbi] WARNING: Failed to connect to server [mongodb://localhost/open5gs] (../lib/dbi/ogs-mongoc.c:122)
mar 20 16:05:51 ubuntu-GL503VD open5gs-udrd[3247]: 03/20 16:05:51.506: [app] WARNING: Failed to initialize UDR (../src/udr/app.c:28)
mar 20 16:05:51 ubuntu-GL503VD systemd[1]: open5gs-udrd.service: Deactivated successfully.
mar 20 16:05:53 ubuntu-GL503VD systemd[1]: open5gs-udrd.service: Scheduled restart job, restart counter is at 49.
mar 20 16:05:53 ubuntu-GL503VD systemd[1]: Stopped Open5GS UDR Daemon.
mar 20 16:05:53 ubuntu-GL503VD systemd[1]: Started Open5GS UDR Daemon.
mar 20 16:05:53 ubuntu-GL503VD open5gs-udrd[3260]: Open5GS daemon v2.7.6
mar 20 16:05:53 ubuntu-GL503VD open5gs-udrd[3260]: 03/20 16:05:53.749: [app] INFO: Configuration: '/etc/open5gs/udr.yaml' (../lib/app/ogs-init.c:144)
mar 20 16:05:53 ubuntu-GL503VD open5gs-udrd[3260]: 03/20 16:05:53.750: [app] INFO: File Logging: '/var/log/open5gs/udr.log' (../lib/app/ogs-init.c:147)
mar 20 16:05:53 ubuntu-GL503VD open5gs-udrd[3260]: 03/20 16:05:53.752: [sbi] INFO: Setup NF EndPoint(addr) [192.168.50.200:7777] (../lib/sbi/context.c:507)
mar 20 16:05:53 ubuntu-GL503VD open5gs-udrd[3260]: 03/20 16:05:53.752: [dbi] WARNING: Failed to connect to server [mongodb://localhost/open5gs] (../lib/dbi/ogs-mongoc.c:122)
mar 20 16:05:53 ubuntu-GL503VD open5gs-udrd[3260]: 03/20 16:05:53.752: [app] WARNING: Failed to initialize UDR (../src/udr/app.c:28)
mar 20 16:05:53 ubuntu-GL503VD open5gs-udrd[3260]: DIGEST-MD5 common mech free
mar 20 16:05:53 ubuntu-GL503VD systemd[1]: open5gs-udrd.service: Deactivated successfully.
mar 20 16:05:55 ubuntu-GL503VD systemd[1]: open5gs-udrd.service: Scheduled restart job, restart counter is at 50.
mar 20 16:05:55 ubuntu-GL503VD systemd[1]: Stopped Open5GS UDR Daemon.
mar 20 16:05:55 ubuntu-GL503VD systemd[1]: Started Open5GS UDR Daemon.
mar 20 16:05:56 ubuntu-GL503VD open5gs-udrd[3262]: Open5GS daemon v2.7.6
mar 20 16:05:56 ubuntu-GL503VD open5gs-udrd[3262]: 03/20 16:05:56.001: [app] INFO: Configuration: '/etc/open5gs/udr.yaml' (../lib/app/ogs-init.c:144)
mar 20 16:05:56 ubuntu-GL503VD open5gs-udrd[3262]: 03/20 16:05:56.001: [app] INFO: File Logging: '/var/log/open5gs/udr.log' (../lib/app/ogs-init.c:147)
mar 20 16:05:56 ubuntu-GL503VD open5gs-udrd[3262]: 03/20 16:05:56.003: [sbi] INFO: Setup NF EndPoint(addr) [192.168.50.200:7777] (../lib/sbi/context.c:507)
mar 20 16:05:56 ubuntu-GL503VD open5gs-udrd[3262]: 03/20 16:05:56.003: [dbi] WARNING: Failed to connect to server [mongodb://localhost/open5gs] (../lib/dbi/ogs-mongoc.c:122)
mar 20 16:05:56 ubuntu-GL503VD open5gs-udrd[3262]: 03/20 16:05:56.003: [app] WARNING: Failed to initialize UDR (../src/udr/app.c:28)
mar 20 16:05:56 ubuntu-GL503VD open5gs-udrd[3262]: DIGEST-MD5 common mech free
mar 20 16:05:56 ubuntu-GL503VD systemd[1]: open5gs-udrd.service: Deactivated successfully.
mar 20 16:05:58 ubuntu-GL503VD systemd[1]: open5gs-udrd.service: Scheduled restart job, restart counter is at 51.
mar 20 16:05:58 ubuntu-GL503VD systemd[1]: Stopped Open5GS UDR Daemon.
mar 20 16:05:58 ubuntu-GL503VD systemd[1]: Started Open5GS UDR Daemon.
mar 20 16:05:58 ubuntu-GL503VD open5gs-udrd[3275]: Open5GS daemon v2.7.6
mar 20 16:05:58 ubuntu-GL503VD open5gs-udrd[3275]: 03/20 16:05:58.250: [app] INFO: Configuration: '/etc/open5gs/udr.yaml' (../lib/app/ogs-init.c:144)
mar 20 16:05:58 ubuntu-GL503VD open5gs-udrd[3275]: 03/20 16:05:58.250: [app] INFO: File Logging: '/var/log/open5gs/udr.log' (../lib/app/ogs-init.c:147)
mar 20 16:05:58 ubuntu-GL503VD open5gs-udrd[3275]: 03/20 16:05:58.251: [sbi] INFO: Setup NF EndPoint(addr) [192.168.50.200:7777] (../lib/sbi/context.c:507)
mar 20 16:05:58 ubuntu-GL503VD open5gs-udrd[3275]: 03/20 16:05:58.252: [dbi] WARNING: Failed to connect to server [mongodb://localhost/open5gs] (../lib/dbi/ogs-mongoc.c:122)
mar 20 16:05:58 ubuntu-GL503VD open5gs-udrd[3275]: 03/20 16:05:58.252: [app] WARNING: Failed to initialize UDR (../src/udr/app.c:28)
mar 20 16:05:58 ubuntu-GL503VD open5gs-udrd[3275]: DIGEST-MD5 common mech free
mar 20 16:05:58 ubuntu-GL503VD systemd[1]: open5gs-udrd.service: Deactivated successfully.
mar 20 16:06:00 ubuntu-GL503VD systemd[1]: open5gs-udrd.service: Scheduled restart job, restart counter is at 52.
mar 20 16:06:00 ubuntu-GL503VD systemd[1]: Stopped Open5GS UDR Daemon.
mar 20 16:06:00 ubuntu-GL503VD systemd[1]: Started Open5GS UDR Daemon.
mar 20 16:06:00 ubuntu-GL503VD open5gs-udrd[3284]: Open5GS daemon v2.7.6
mar 20 16:06:00 ubuntu-GL503VD open5gs-udrd[3284]: 03/20 16:06:00.499: [app] INFO: Configuration: '/etc/open5gs/udr.yaml' (../lib/app/ogs-init.c:144)
mar 20 16:06:00 ubuntu-GL503VD open5gs-udrd[3284]: 03/20 16:06:00.499: [app] INFO: File Logging: '/var/log/open5gs/udr.log' (../lib/app/ogs-init.c:147)
mar 20 16:06:00 ubuntu-GL503VD open5gs-udrd[3284]: 03/20 16:06:00.501: [sbi] INFO: Setup NF EndPoint(addr) [192.168.50.200:7777] (../lib/sbi/context.c:507)
mar 20 16:06:00 ubuntu-GL503VD open5gs-udrd[3284]: 03/20 16:06:00.501: [dbi] WARNING: Failed to connect to server [mongodb://localhost/open5gs] (../lib/dbi/ogs-mongoc.c:122)
mar 20 16:06:00 ubuntu-GL503VD open5gs-udrd[3284]: 03/20 16:06:00.501: [app] WARNING: Failed to initialize UDR (../src/udr/app.c:28)
mar 20 16:06:00 ubuntu-GL503VD open5gs-udrd[3284]: DIGEST-MD5 common mech free
mar 20 16:06:00 ubuntu-GL503VD systemd[1]: open5gs-udrd.service: Deactivated successfully.
mar 20 16:06:02 ubuntu-GL503VD systemd[1]: open5gs-udrd.service: Scheduled restart job, restart counter is at 53.
mar 20 16:06:02 ubuntu-GL503VD systemd[1]: Stopped Open5GS UDR Daemon.
mar 20 16:06:02 ubuntu-GL503VD systemd[1]: Started Open5GS UDR Daemon.
mar 20 16:06:02 ubuntu-GL503VD open5gs-udrd[3290]: Open5GS daemon v2.7.6
mar 20 16:06:02 ubuntu-GL503VD open5gs-udrd[3290]: 03/20 16:06:02.750: [app] INFO: Configuration: '/etc/open5gs/udr.yaml' (../lib/app/ogs-init.c:144)
mar 20 16:06:02 ubuntu-GL503VD open5gs-udrd[3290]: 03/20 16:06:02.750: [app] INFO: File Logging: '/var/log/open5gs/udr.log' (../lib/app/ogs-init.c:147)
mar 20 16:06:02 ubuntu-GL503VD open5gs-udrd[3290]: 03/20 16:06:02.752: [sbi] INFO: Setup NF EndPoint(addr) [192.168.50.200:7777] (../lib/sbi/context.c:507)
mar 20 16:06:02 ubuntu-GL503VD open5gs-udrd[3290]: DIGEST-MD5 common mech free
mar 20 16:06:02 ubuntu-GL503VD open5gs-udrd[3290]: 03/20 16:06:02.753: [dbi] WARNING: Failed to connect to server [mongodb://localhost/open5gs] (../lib/dbi/ogs-mongoc.c:122)
mar 20 16:06:02 ubuntu-GL503VD open5gs-udrd[3290]: 03/20 16:06:02.753: [app] WARNING: Failed to initialize UDR (../src/udr/app.c:28)
mar 20 16:06:02 ubuntu-GL503VD systemd[1]: open5gs-udrd.service: Deactivated successfully.
mar 20 16:06:04 ubuntu-GL503VD systemd[1]: open5gs-udrd.service: Scheduled restart job, restart counter is at 54.
mar 20 16:06:04 ubuntu-GL503VD systemd[1]: Stopped Open5GS UDR Daemon.
mar 20 16:06:04 ubuntu-GL503VD systemd[1]: Started Open5GS UDR Daemon.
mar 20 16:06:05 ubuntu-GL503VD open5gs-udrd[3303]: Open5GS daemon v2.7.6
mar 20 16:06:05 ubuntu-GL503VD open5gs-udrd[3303]: 03/20 16:06:05.001: [app] INFO: Configuration: '/etc/open5gs/udr.yaml' (../lib/app/ogs-init.c:144)
mar 20 16:06:05 ubuntu-GL503VD open5gs-udrd[3303]: 03/20 16:06:05.001: [app] INFO: File Logging: '/var/log/open5gs/udr.log' (../lib/app/ogs-init.c:147)
mar 20 16:06:05 ubuntu-GL503VD open5gs-udrd[3303]: 03/20 16:06:05.003: [sbi] INFO: Setup NF EndPoint(addr) [192.168.50.200:7777] (../lib/sbi/context.c:507)
mar 20 16:06:05 ubuntu-GL503VD open5gs-udrd[3303]: 03/20 16:06:05.003: [dbi] WARNING: Failed to connect to server [mongodb://localhost/open5gs] (../lib/dbi/ogs-mongoc.c:122)
mar 20 16:06:05 ubuntu-GL503VD open5gs-udrd[3303]: 03/20 16:06:05.003: [app] WARNING: Failed to initialize UDR (../src/udr/app.c:28)
mar 20 16:06:05 ubuntu-GL503VD open5gs-udrd[3303]: DIGEST-MD5 common mech free
mar 20 16:06:05 ubuntu-GL503VD systemd[1]: open5gs-udrd.service: Deactivated successfully.
mar 20 16:06:07 ubuntu-GL503VD systemd[1]: open5gs-udrd.service: Scheduled restart job, restart counter is at 55.
mar 20 16:06:07 ubuntu-GL503VD systemd[1]: Stopped Open5GS UDR Daemon.
mar 20 16:06:07 ubuntu-GL503VD systemd[1]: Started Open5GS UDR Daemon.
mar 20 16:06:07 ubuntu-GL503VD open5gs-udrd[4073]: Open5GS daemon v2.7.6
mar 20 16:06:07 ubuntu-GL503VD open5gs-udrd[4073]: 03/20 16:06:07.134: [app] INFO: Configuration: '/etc/open5gs/udr.yaml' (../lib/app/ogs-init.c:144)
mar 20 16:06:07 ubuntu-GL503VD open5gs-udrd[4073]: 03/20 16:06:07.134: [app] INFO: File Logging: '/var/log/open5gs/udr.log' (../lib/app/ogs-init.c:147)
mar 20 16:06:07 ubuntu-GL503VD open5gs-udrd[4073]: 03/20 16:06:07.135: [sbi] INFO: Setup NF EndPoint(addr) [192.168.50.200:7777] (../lib/sbi/context.c:507)
mar 20 16:06:07 ubuntu-GL503VD open5gs-udrd[4073]: 03/20 16:06:07.137: [dbi] INFO: MongoDB URI: 'mongodb://localhost/open5gs' (../lib/dbi/ogs-mongoc.c:130)
mar 20 16:06:07 ubuntu-GL503VD open5gs-udrd[4073]: 03/20 16:06:07.137: [sbi] INFO: NF Service [nudr-dr] (../lib/sbi/context.c:1994)
mar 20 16:06:07 ubuntu-GL503VD open5gs-udrd[4073]: 03/20 16:06:07.137: [sbi] INFO: nghttp2_server() [http://127.0.0.20]:7777 (../lib/sbi/nghttp2-server.c:439)
mar 20 16:06:07 ubuntu-GL503VD open5gs-udrd[4073]: 03/20 16:06:07.137: [app] INFO: UDR initialize...done (../src/udr/app.c:31)
mar 20 16:06:07 ubuntu-GL503VD open5gs-udrd[4073]: 03/20 16:06:07.140: [sbi] INFO: [5252d2a8-246e-41f1-841b-ad148ebd9569] NF registered [Heartbeat:10s] (../lib/sbi/nf-sm.c:295)
mar 20 16:06:07 ubuntu-GL503VD open5gs-udrd[4073]: 03/20 16:06:07.142: [sbi] INFO: Setup NF EndPoint(addr) [127.0.0.10:7777] (../lib/sbi/nnrf-handler.c:955)
mar 20 16:06:07 ubuntu-GL503VD open5gs-udrd[4073]: 03/20 16:06:07.143: [sbi] INFO: [5253c618-246e-41f1-b7f2-2b7ab125942d] Subscription created until 2026-03-21T16:06:07.142070+01:00 [duration:86400000000,validity:86400.000000,patch:43200.000000] (../lib/sbi/nnrf-handler.c:874)
