timestamp_unix,datetime_utc,fivegs_amffunction_amf_authfail,fivegs_amffunction_amf_authreject,fivegs_amffunction_amf_authreq,fivegs_amffunction_mm_confupdate,fivegs_amffunction_mm_confupdatesucc,fivegs_amffunction_mm_paging5greq,fivegs_amffunction_mm_paging5gsucc,fivegs_amffunction_rm_regemergreq,fivegs_amffunction_rm_regemergsucc,fivegs_amffunction_rm_reginitfail,fivegs_amffunction_rm_reginitreq,fivegs_amffunction_rm_reginitsucc,fivegs_amffunction_rm_registeredsubnbr,fivegs_amffunction_rm_regmobfail,fivegs_amffunction_rm_regmobreq,fivegs_amffunction_rm_regmobsucc,fivegs_amffunction_rm_regperiodfail,fivegs_amffunction_rm_regperiodreq,fivegs_amffunction_rm_regperiodsucc,fivegs_ep_n3_gtp_indatapktn3upf,fivegs_ep_n3_gtp_outdatapktn3upf,fivegs_smffunction_sm_n4sessionestabreq,fivegs_smffunction_sm_n4sessionreport,fivegs_smffunction_sm_n4sessionreportsucc,fivegs_smffunction_sm_pdusessioncreationreq,fivegs_smffunction_sm_pdusessioncreationsucc,fivegs_smffunction_sm_qos_flow_nbr,fivegs_smffunction_sm_sessionnbr,fivegs_upffunction_sm_n4sessionestabreq,fivegs_upffunction_sm_n4sessionreport,fivegs_upffunction_sm_n4sessionreportsucc,fivegs_upffunction_upf_qosflows,fivegs_upffunction_upf_sessionnbr
1774000800,2026-03-20T10:00:00Z,,0,2,14,9,10,6,0,0,2,5,3,2,,1,1,,1,1,0,0,0,13,13,10,10,6,1,10,13,13,1,1
1774000815,2026-03-20T10:00:15Z,,0,2,14,9,10,6,0,0,2,5,3,2,,1,1,,1,1,0,0,0,13,13,10,10,6,1,10,13,13,1,1
1774000830,2026-03-20T10:00:30Z,,0,2,14,9,10,6,0,0,2,5,3,2,,1,1,,1,1,0,0,0,13,13,10,10,6,1,10,13,13,1,1
1774000845,2026-03-20T10:00:45Z,,0,2,14,9,10,6,0,0,2,5,3,2,,1,1,,1,1,0,0,0,13,13,10,10,6,1,10,13,13,1,1
1774000860,2026-03-20T10:01:00Z,,0,2,14,9,10,6,0,0,2,5,3,2,,1,1,,1,1,0,0,0,13,13,10,10,6,1,10,13,13,1,1
1774000875,2026-03-20T10:01:15Z,,0,2,14,9,10,6,0,0,2,5,3,2,,1,1,,1,1,0,0,0,13,13,10,10,6,1,10,13,13,1,1
1774000890,2026-03-20T10:01:30Z,,0,2,14,9,10,6,0,0,2,5,3,2,,1,1,,1,1,0,0,0,13,13,10,10,6,1,10,13,13,1,1
1774000905,2026-03-20T10:01:45Z,,0,2,14,9,10,6,0,0,2,5,3,2,,1,1,,1,1,0,0,0,13,13,10,10,6,1,10,13,13,1,1
1774000920,2026-03-20T10:02:00Z,,0,2,14,9,10,6,0,0,2,5,3,2,,1,1,,1,1,0,0,0,13,13,10,10,6,1,10,13,13,1,1
1774000935,2026-03-20T10:02:15Z,,0,2,14,9,10,6,0,0,2,5,3,2,,1,1,,1,1,0,0,0,13,13,10,10,6,1,10,13,13,1,1
1774000950,2026-03-20T10:02:30Z,,0,2,14,9,10,6,0,0,2,5,3,2,,1,1,,1,1,0,0,0,13,13,10,10,6,1,10,13,13,1,1
1774000965,2026-03-20T10:02:45Z,,0,2,14,9,10,6,0,0,2,5,3,2,,1,1,,1,1,0,0,0,13,13,10,10,6,1,10,13,13,1,1
1774000980,2026-03-20T10:03:00Z,,0,2,14,9,10,6,0,0,2,5,3,2,,1,1,,1,1,0,0,0,13,13,10,10,6,1,10,13,13,1,1
1774000995,2026-03-20T10:03:15Z,,0,2,14,9,10,6,0,0,2,5,3,2,,1,1,,1,1,0,0,0,13,13,10,10,6,1,10,13,13,1,1
1774001010,2026-03-20T10:03:30Z,,0,2,14,9,10,6,0,0,2,5,3,2,,1,1,,1,1,0,0,0,13,13,10,10,6,1,10,13,13,1,1
1774001025,2026-03-20T10:03:45Z,,0,2,14,9,10,6,0,0,2,5,3,2,,1,1,,1,1,0,0,0,13,13,11,11,7,1,11,13,13,1,1
1774001040,2026-03-20T10:04:00Z,,0,2,14,9,10,6,0,0,2,5,3,2,,1,1,,1,1,0,0,0,13,13,11,11,7,1,11,13,13,1,1
1774001055,2026-03-20T10:04:15Z,,0,2,14,9,10,6,0,0,2,5,3,2,,1,1,,1,1,0,0,0,13,13,12,12,7,2,12,13,13,1,2
1774001070,2026-03-20T10:04:30Z,,0,2,14,9,10,6,0,0,2,5,3,2,,1,1,,1,1,0,0,0,13,13,12,12,7,2,12,13,13,1,2
1774001085,2026-03-20T10:04:45Z,,0,2,14,9,10,6,0,0,2,5,3,2,,1,1,,1,1,0,0,0,13,13,12,12,7,2,12,13,13,1,2
1774001100,2026-03-20T10:05:00Z,,0,2,15,9,10,6,0,0,2,5,3,2,,1,1,,2,2,0,0,0,13,13,12,12,7,2,12,13,13,1,2
1774001115,2026-03-20T10:05:15Z,,0,2,15,9,10,6,0,0,2,5,3,2,,1,1,,2,2,0,0,0,13,13,12,12,7,2,12,13,13,1,2
1774001130,2026-03-20T10:05:30Z,,0,2,15,9,10,6,0,0,2,5,3,2,,1,1,,2,2,0,0,0,13,13,12,12,7,2,12,13,13,1,2
1774001145,2026-03-20T10:05:45Z,,0,2,15,9,10,6,0,0,2,5,3,2,,1,1,,2,2,0,0,0,13,13,12,12,7,2,12,13,13,1,2
1774001160,2026-03-20T10:06:00Z,,0,2,15,9,10,6,0,0,2,5,3,2,,1,1,,2,2,0,0,0,13,13,12,12,7,2,12,13,13,1,2
1774001175,2026-03-20T10:06:15Z,,0,2,15,9,10,6,0,0,2,5,3,2,,1,1,,2,2,0,0,0,13,13,12,12,7,2,12,13,13,1,2
1774001190,2026-03-20T10:06:30Z,,0,2,15,9,10,6,0,0,2,5,3,2,,1,1,,2,2,0,0,0,13,13,12,12,7,1,12,13,13,1,1
1774001205,2026-03-20T10:06:45Z,,0,2,15,9,10,6,0,0,2,5,3,2,,1,1,,2,2,0,0,0,13,13,12,12,7,1,12,13,13,1,1
1774001220,2026-03-20T10:07:00Z,,0,2,15,9,10,6,0,0,2,5,3,2,,1,1,,2,2,0,0,0,13,13,12,12,7,1,12,13,13,1,1
1774001235,2026-03-20T10:07:15Z,,0,2,16,9,10,6,0,0,2,6,4,2,,1,1,,2,2,0,0,0,13,13,14,14,7,1,14,13,13,1,1
1774001250,2026-03-20T10:07:30Z,,0,2,16,9,10,6,0,0,2,6,4,2,,1,1,,2,2,0,0,0,13,13,14,14,7,1,14,13,13,1,1
1774001265,2026-03-20T10:07:45Z,,0,2,16,9,10,6,0,0,2,6,4,2,,1,1,,2,2,0,0,0,13,13,14,14,7,1,14,13,13,1,1
1774001280,2026-03-20T10:08:00Z,,0,2,18,9,10,6,0,0,2,8,6,2,,1,1,,2,2,0,0,0,13,13,16,16,8,1,16,13,13,1,1
1774001295,2026-03-20T10:08:15Z,,0,2,18,9,10,6,0,0,2,8,6,2,,1,1,,2,2,0,0,0,13,13,19,19,9,2,19,13,13,2,2
1774001310,2026-03-20T10:08:30Z,,0,2,19,10,11,7,0,0,2,8,6,2,,1,1,,2,2,0,0,0,15,15,19,19,9,2,19,15,15,2,2
1774001325,2026-03-20T10:08:45Z,,0,2,21,12,13,8,0,0,2,8,6,2,,1,1,,2,2,0,0,0,17,17,19,19,9,2,19,17,17,2,2
1774001340,2026-03-20T10:09:00Z,,0,2,21,12,13,8,0,0,2,8,6,2,,1,1,,2,2,0,0,0,18,18,19,19,9,2,19,18,18,2,2
1774001355,2026-03-20T10:09:15Z,,0,2,21,12,13,8,0,0,2,8,6,2,,1,1,,2,2,0,0,0,18,18,19,19,9,2,19,18,18,2,2
1774001370,2026-03-20T10:09:30Z,,0,2,21,12,13,8,0,0,2,8,6,2,,1,1,,2,2,0,0,0,18,18,19,19,9,2,19,18,18,2,2
1774001385,2026-03-20T10:09:45Z,,0,2,21,12,13,8,0,0,2,8,6,2,,1,1,,2,2,0,0,0,18,18,19,19,9,2,19,18,18,2,2
1774001400,2026-03-20T10:10:00Z,,0,2,21,12,13,8,0,0,2,8,6,2,,1,1,,2,2,0,0,0,18,18,19,19,9,2,19,18,18,2,2
1774001415,2026-03-20T10:10:15Z,,0,2,21,12,13,8,0,0,2,8,6,2,,1,1,,2,2,0,0,0,18,18,19,19,9,2,19,18,18,2,2
1774001430,2026-03-20T10:10:30Z,,0,2,21,12,13,8,0,0,2,8,6,2,,1,1,,2,2,0,0,0,19,19,19,19,9,2,19,19,19,2,2
1774001445,2026-03-20T10:10:45Z,,0,2,21,12,13,8,0,0,2,8,6,2,,1,1,,2,2,0,0,0,19,19,19,19,9,2,19,19,19,2,2
1774001460,2026-03-20T10:11:00Z,,0,2,21,12,13,8,0,0,2,8,6,2,,1,1,,2,2,0,0,0,19,19,19,19,9,2,19,19,19,2,2
1774001475,2026-03-20T10:11:15Z,,0,2,21,12,13,8,0,0,2,8,6,2,,1,1,,2,2,0,0,0,19,19,19,19,9,2,19,19,19,2,2
1774001490,2026-03-20T10:11:30Z,,0,2,21,12,13,8,0,0,2,8,6,2,,1,1,,2,2,0,0,0,19,19,19,19,9,2,19,19,19,2,2
1774001505,2026-03-20T10:11:45Z,,0,2,21,12,13,8,0,0,2,8,6,2,,1,1,,2,2,0,0,0,19,19,19,19,9,2,19,19,19,2,2
1774001520,2026-03-20T10:12:00Z,,0,2,21,12,13,8,0,0,2,8,6,2,,1,1,,2,2,0,0,0,19,19,19,19,9,2,19,19,19,2,2
1774001535,2026-03-20T10:12:15Z,,0,2,21,12,16,8,0,0,2,8,6,2,,1,1,,2,2,0,0,0,20,20,19,19,9,2,19,20,20,2,2
1774001550,2026-03-20T10:12:30Z,,0,2,21,12,16,8,0,0,2,8,6,2,,1,1,,2,2,0,0,0,20,20,19,19,9,2,19,20,20,2,2
1774001565,2026-03-20T10:12:45Z,,0,2,21,12,16,8,0,0,2,8,6,2,,1,1,,2,2,0,0,0,20,20,19,19,9,2,19,20,20,2,2
1774001580,2026-03-20T10:13:00Z,,0,2,21,12,16,8,0,0,2,8,6,2,,1,1,,2,2,0,0,0,20,20,19,19,9,2,19,20,20,2,2
1774001595,2026-03-20T10:13:15Z,,0,2,21,12,16,8,0,0,2,8,6,2,,1,1,,2,2,0,0,0,20,20,19,19,9,2,19,20,20,2,2
1774001610,2026-03-20T10:13:30Z,,0,2,21,12,16,8,0,0,2,8,6,2,,1,1,,2,2,0,0,0,20,20,19,19,9,2,19,20,20,2,2
1774001625,2026-03-20T10:13:45Z,,0,2,21,12,16,8,0,0,2,8,6,2,,1,1,,2,2,0,0,0,20,20,19,19,9,2,19,20,20,2,2
1774001640,2026-03-20T10:14:00Z,,0,2,21,12,16,8,0,0,2,8,6,2,,1,1,,2,2,0,0,0,20,20,19,19,9,2,19,20,20,2,2
1774001655,2026-03-20T10:14:15Z,,0,2,21,12,16,8,0,0,2,8,6,2,,1,1,,2,2,0,0,0,20,20,19,19,9,2,19,20,20,2,2
1774001670,2026-03-20T10:14:30Z,,0,2,21,12,16,8,0,0,2,8,6,2,,1,1,,2,2,0,0,0,20,20,19,19,9,2,19,20,20,2,2
1774001685,2026-03-20T10:14:45Z,,0,2,21,12,16,8,0,0,2,8,6,2,,1,1,,2,2,0,0,0,20,20,19,19,9,2,19,20,20,2,2
1774001700,2026-03-20T10:15:00Z,,0,2,21,12,16,8,0,0,2,8,6,2,,1,1,,2,2,0,0,0,20,20,19,19,9,2,19,20,20,2,2
1774001715,2026-03-20T10:15:15Z,,0,2,21,12,16,8,0,0,2,8,6,2,,1,1,,2,2,0,0,0,20,20,19,19,9,2,19,20,20,2,2
1774001730,2026-03-20T10:15:30Z,,0,2,21,12,16,8,0,0,2,8,6,2,,1,1,,2,2,0,0,0,20,20,19,19,9,2,19,20,20,2,2
1774001745,2026-03-20T10:15:45Z,,0,2,21,12,16,8,0,0,2,8,6,2,,1,1,,2,2,0,0,0,20,20,19,19,9,2,19,20,20,2,2
1774001760,2026-03-20T10:16:00Z,,0,2,21,12,16,8,0,0,2,8,6,2,,1,1,,2,2,0,0,0,20,20,19,19,9,2,19,20,20,2,2
1774001775,2026-03-20T10:16:15Z,,0,2,21,12,16,8,0,0,2,8,6,2,,1,1,,2,2,0,0,0,20,20,19,19,9,2,19,20,20,2,2
1774001790,2026-03-20T10:16:30Z,,0,2,21,12,16,8,0,0,2,8,6,2,,1,1,,2,2,0,0,0,20,20,19,19,9,2,19,20,20,2,2
1774001805,2026-03-20T10:16:45Z,,0,2,21,12,16,8,0,0,2,8,6,2,,1,1,,2,2,0,0,0,20,20,19,19,9,2,19,20,20,2,2
1774001820,2026-03-20T10:17:00Z,,0,2,21,12,16,8,0,0,2,8,6,2,,1,1,,2,2,0,0,0,20,20,19,19,9,2,19,20,20,2,2
1774001835,2026-03-20T10:17:15Z,,0,2,21,12,16,8,0,0,2,8,6,2,,1,1,,2,2,0,0,0,20,20,19,19,9,2,19,20,20,2,2
1774001850,2026-03-20T10:17:30Z,,0,2,21,12,16,8,0,0,2,8,6,2,,1,1,,2,2,0,0,0,20,20,19,19,9,2,19,20,20,2,2
1774001865,2026-03-20T10:17:45Z,,0,2,21,12,16,8,0,0,2,8,6,2,,1,1,,2,2,0,0,0,20,20,19,19,9,2,19,20,20,2,2
1774001880,2026-03-20T10:18:00Z,,0,2,21,12,16,8,0,0,2,8,6,2,,1,1,,2,2,0,0,0,20,20,19,19,9,2,19,20,20,2,2
1774001895,2026-03-20T10:18:15Z,,0,2,21,12,16,8,0,0,2,8,6,2,,1,1,,2,2,0,0,0,20,20,19,19,9,2,19,20,20,2,2
1774001910,2026-03-20T10:18:30Z,,0,2,21,12,16,8,0,0,2,8,6,2,,1,1,,2,2,0,0,0,20,20,19,19,9,2,19,20,20,2,2
1774001925,2026-03-20T10:18:45Z,,0,2,21,12,16,8,0,0,2,8,6,2,,1,1,,2,2,0,0,0,20,20,19,19,9,2,19,20,20,2,2
1774001940,2026-03-20T10:19:00Z,,0,2,21,12,16,8,0,0,2,8,6,2,,1,1,,2,2,0,0,0,20,20,19,19,9,2,19,20,20,2,2
1774001955,2026-03-20T10:19:15Z,,0,2,21,12,16,8,0,0,2,8,6,2,,1,1,,2,2,0,0,0,20,20,19,19,9,2,19,20,20,2,2
1774001970,2026-03-20T10:19:30Z,,0,2,21,12,16,8,0,0,2,8,6,2,,1,1,,2,2,0,0,0,20,20,19,19,9,2,19,20,20,2,2
1774001985,2026-03-20T10:19:45Z,,0,2,21,12,16,8,0,0,2,8,6,2,,1,1,,2,2,0,0,0,20,20,19,19,9,2,19,20,20,2,2
1774002000,2026-03-20T10:20:00Z,,0,2,21,12,16,8,0,0,2,8,6,2,,1,1,,2,2,0,0,0,20,20,19,19,9,2,19,20,20,2,2
1774002015,2026-03-20T10:20:15Z,,0,2,21,12,16,8,0,0,2,8,6,2,,1,1,,2,2,0,0,0,20,20,19,19,9,2,19,20,20,2,2
1774002030,2026-03-20T10:20:30Z,,0,2,21,12,16,8,0,0,2,8,6,2,,1,1,,2,2,0,0,0,20,20,19,19,9,2,19,20,20,2,2
1774002045,2026-03-20T10:20:45Z,,0,2,21,12,16,8,0,0,2,8,6,2,,1,1,,2,2,0,0,0,20,20,19,19,9,2,19,20,20,2,2
1774002060,2026-03-20T10:21:00Z,,0,2,21,12,16,8,0,0,2,8,6,2,,1,1,,2,2,0,0,0,20,20,19,19,9,2,19,20,20,2,2
1774002075,2026-03-20T10:21:15Z,,0,2,21,12,16,8,0,0,2,8,6,2,,1,1,,2,2,0,0,0,20,20,19,19,9,2,19,20,20,2,2
1774002090,2026-03-20T10:21:30Z,,0,2,21,12,16,8,0,0,2,8,6,2,,1,1,,2,2,0,0,0,20,20,19,19,9,2,19,20,20,2,2
1774002105,2026-03-20T10:21:45Z,,0,2,21,12,16,8,0,0,2,8,6,2,,1,1,,2,2,0,0,0,20,20,19,19,9,2,19,20,20,2,2
1774002120,2026-03-20T10:22:00Z,,0,2,21,12,16,8,0,0,2,8,6,2,,1,1,,2,2,0,0,0,20,20,19,19,9,2,19,20,20,2,2
1774002135,2026-03-20T10:22:15Z,,0,2,21,12,16,8,0,0,2,8,6,2,,1,1,,2,2,0,0,0,20,20,19,19,9,2,19,20,20,2,2
1774002150,2026-03-20T10:22:30Z,,0,2,21,12,16,8,0,0,2,8,6,2,,1,1,,2,2,0,0,0,20,20,19,19,9,2,19,20,20,2,2
1774002165,2026-03-20T10:22:45Z,,0,2,21,12,16,8,0,0,2,8,6,2,,1,1,,2,2,0,0,0,20,20,19,19,9,2,19,20,20,2,2
1774002180,2026-03-20T10:23:00Z,,0,2,21,12,16,8,0,0,2,8,6,2,,1,1,,2,2,0,0,0,20,20,19,19,9,2,19,20,20,2,2
1774002195,2026-03-20T10:23:15Z,,0,2,21,12,16,8,0,0,2,8,6,2,,1,1,,2,2,0,0,0,20,20,19,19,9,2,19,20,20,2,2
1774002210,2026-03-20T10:23:30Z,,0,2,21,12,16,8,0,0,2,8,6,2,,1,1,,2,2,0,0,0,20,20,19,19,9,2,19,20,20,2,2
1774002225,2026-03-20T10:23:45Z,,0,2,21,12,16,8,0,0,2,8,6,2,,1,1,,2,2,0,0,0,20,20,19,19,9,2,19,20,20,2,2
1774002240,2026-03-20T10:24:00Z,,0,2,21,12,16,8,0,0,2,8,6,2,,1,1,,2,2,0,0,0,20,20,19,19,9,2,19,20,20,2,2
1774002255,2026-03-20T10:24:15Z,,0,2,21,12,16,8,0,0,2,8,6,2,,1,1,,2,2,0,0,0,20,20,19,19,9,2,19,20,20,2,2
1774002270,2026-03-20T10:24:30Z,,0,2,21,12,16,8,0,0,2,8,6,2,,1,1,,2,2,0,0,0,20,20,19,19,9,2,19,20,20,2,2
1774002285,2026-03-20T10:24:45Z,,0,2,21,12,16,8,0,0,2,8,6,2,,1,1,,2,2,0,0,0,20,20,19,19,9,2,19,20,20,2,2
1774002300,2026-03-20T10:25:00Z,,0,2,21,12,16,8,0,0,2,8,6,2,,1,1,,2,2,0,0,0,20,20,19,19,9,2,19,20,20,2,2
1774002315,2026-03-20T10:25:15Z,,0,2,21,12,16,8,0,0,2,8,6,2,,1,1,,2,2,0,0,0,20,20,19,19,9,2,19,20,20,2,2
1774002330,2026-03-20T10:25:30Z,,0,2,21,12,16,8,0,0,2,8,6,2,,1,1,,2,2,0,0,0,20,20,19,19,9,2,19,20,20,2,2
1774002345,2026-03-20T10:25:45Z,,0,2,21,12,16,8,0,0,2,8,6,2,,1,1,,2,2,0,0,0,20,20,19,19,9,2,19,20,20,2,2
1774002360,2026-03-20T10:26:00Z,,0,2,21,12,16,8,0,0,2,8,6,2,,1,1,,2,2,0,0,0,20,20,19,19,9,2,19,20,20,2,2
1774002375,2026-03-20T10:26:15Z,,0,2,21,12,16,8,0,0,2,8,6,2,,1,1,,2,2,0,0,0,20,20,19,19,9,2,19,20,20,2,2
1774002390,2026-03-20T10:26:30Z,,0,2,21,12,16,8,0,0,2,8,6,2,,1,1,,2,2,0,0,0,20,20,19,19,9,2,19,20,20,2,2
1774002405,2026-03-20T10:26:45Z,,0,2,21,12,16,8,0,0,2,8,6,2,,1,1,,2,2,0,0,0,20,20,19,19,9,2,19,20,20,2,2
1774002420,2026-03-20T10:27:00Z,,0,2,21,12,16,8,0,0,2,8,6,2,,1,1,,2,2,0,0,0,20,20,19,19,9,2,19,20,20,2,2
1774002435,2026-03-20T10:27:15Z,,0,2,21,12,16,8,0,0,2,8,6,2,,1,1,,2,2,0,0,0,20,20,19,19,9,2,19,20,20,2,2
1774002450,2026-03-20T10:27:30Z,,0,2,21,12,16,8,0,0,2,8,6,2,,1,1,,2,2,0,0,0,20,20,19,19,9,2,19,20,20,2,2
1774002465,2026-03-20T10:27:45Z,,0,2,21,12,16,8,0,0,2,8,6,2,,1,1,,2,2,0,0,0,20,20,19,19,9,2,19,20,20,2,2
1774002480,2026-03-20T10:28:00Z,,0,2,21,12,16,8,0,0,2,8,6,2,,1,1,,2,2,0,0,0,20,20,19,19,9,2,19,20,20,2,2
1774002495,2026-03-20T10:28:15Z,,0,2,21,12,16,8,0,0,2,8,6,2,,1,1,,2,2,0,0,0,20,20,19,19,9,2,19,20,20,2,2
1774002510,2026-03-20T10:28:30Z,,0,2,21,12,16,8,0,0,2,8,6,2,,1,1,,2,2,0,0,0,20,20,19,19,9,2,19,20,20,2,2
1774002525,2026-03-20T10:28:45Z,,0,2,21,12,16,8,0,0,2,8,6,2,,1,1,,2,2,0,0,0,20,20,19,19,9,2,19,20,20,2,2
1774002540,2026-03-20T10:29:00Z,,0,2,21,12,16,8,0,0,2,8,6,2,,1,1,,2,2,0,0,0,20,20,19,19,9,2,19,20,20,2,2
1774002555,2026-03-20T10:29:15Z,,0,2,21,12,16,8,0,0,2,8,6,2,,1,1,,2,2,0,0,0,20,20,19,19,9,2,19,20,20,2,2
1774002570,2026-03-20T10:29:30Z,,0,2,21,12,16,8,0,0,2,8,6,2,,1,1,,2,2,0,0,0,20,20,19,19,9,2,19,20,20,2,2
1774002585,2026-03-20T10:29:45Z,,0,2,21,12,16,8,0,0,2,8,6,2,,1,1,,2,2,0,0,0,20,20,19,19,9,2,19,20,20,2,2
1774002600,2026-03-20T10:30:00Z,,0,2,21,12,16,8,0,0,2,8,6,2,,1,1,,2,2,0,0,0,20,20,19,19,9,2,19,20,20,2,2
1774002615,2026-03-20T10:30:15Z,,0,2,21,12,16,8,0,0,2,8,6,2,,1,1,,2,2,0,0,0,20,20,19,19,9,2,19,20,20,2,2
1774002630,2026-03-20T10:30:30Z,,0,2,21,12,16,8,0,0,2,8,6,2,,1,1,,2,2,0,0,0,20,20,19,19,9,2,19,20,20,2,2
1774002645,2026-03-20T10:30:45Z,,0,2,21,12,16,8,0,0,2,8,6,2,,1,1,,2,2,0,0,0,20,20,19,19,9,2,19,20,20,2,2
1774002660,2026-03-20T10:31:00Z,,0,2,21,12,16,8,0,0,2,8,6,2,,1,1,,2,2,0,0,0,20,20,19,19,9,2,19,20,20,2,2
1774002675,2026-03-20T10:31:15Z,,0,2,21,12,16,8,0,0,2,8,6,2,,1,1,,2,2,0,0,0,20,20,19,19,9,2,19,20,20,2,2
1774002690,2026-03-20T10:31:30Z,,0,2,21,12,16,8,0,0,2,8,6,2,,1,1,,2,2,0,0,0,20,20,19,19,9,2,19,20,20,2,2
1774002705,2026-03-20T10:31:45Z,,0,2,21,12,16,8,0,0,2,8,6,2,,1,1,,2,2,0,0,0,20,20,19,19,9,2,19,20,20,2,2
1774002720,2026-03-20T10:32:00Z,,0,2,21,12,16,8,0,0,2,8,6,2,,1,1,,2,2,0,0,0,20,20,19,19,9,2,19,20,20,2,2
1774002735,2026-03-20T10:32:15Z,,0,2,21,12,16,8,0,0,2,8,6,2,,1,1,,2,2,0,0,0,20,20,19,19,9,2,19,20,20,2,2
1774002750,2026-03-20T10:32:30Z,,0,2,21,12,16,8,0,0,2,8,6,2,,1,1,,2,2,0,0,0,20,20,19,19,9,2,19,20,20,2,2
1774002765,2026-03-20T10:32:45Z,,0,2,21,12,16,8,0,0,2,8,6,2,,1,1,,2,2,0,0,0,20,20,19,19,9,2,19,20,20,2,2
1774002780,2026-03-20T10:33:00Z,,0,2,21,12,16,8,0,0,2,8,6,2,,1,1,,2,2,0,0,0,20,20,19,19,9,2,19,20,20,2,2
1774002795,2026-03-20T10:33:15Z,,0,2,21,12,16,8,0,0,2,8,6,2,,1,1,,2,2,0,0,0,20,20,19,19,9,2,19,20,20,2,2
1774002810,2026-03-20T10:33:30Z,,0,2,21,12,16,8,0,0,2,8,6,2,,1,1,,2,2,0,0,0,20,20,19,19,9,2,19,20,20,2,2
1774002825,2026-03-20T10:33:45Z,,0,2,21,12,16,8,0,0,2,8,6,2,,1,1,,2,2,0,0,0,20,20,19,19,9,2,19,20,20,2,2
1774002840,2026-03-20T10:34:00Z,,0,2,21,12,16,8,0,0,2,8,6,2,,1,1,,2,2,0,0,0,20,20,19,19,9,2,19,20,20,2,2
1774002855,2026-03-20T10:34:15Z,,0,2,21,12,16,8,0,0,2,8,6,2,,1,1,,2,2,0,0,0,20,20,19,19,9,2,19,20,20,2,2
1774002870,2026-03-20T10:34:30Z,,0,2,21,12,16,8,0,0,2,8,6,2,,1,1,,2,2,0,0,0,20,20,19,19,9,2,19,20,20,2,2
1774002885,2026-03-20T10:34:45Z,,0,2,21,12,16,8,0,0,2,8,6,2,,1,1,,2,2,0,0,0,20,20,19,19,9,2,19,20,20,2,2
1774002900,2026-03-20T10:35:00Z,,0,2,21,12,16,8,0,0,2,8,6,2,,1,1,,2,2,0,0,0,20,20,19,19,9,2,19,20,20,2,2
1774002915,2026-03-20T10:35:15Z,,0,2,21,12,16,8,0,0,2,8,6,2,,1,1,,2,2,0,0,0,20,20,19,19,9,2,19,20,20,2,2
1774002930,2026-03-20T10:35:30Z,,0,2,21,12,16,8,0,0,2,8,6,2,,1,1,,2,2,0,0,0,20,20,19,19,9,2,19,20,20,2,2
1774002945,2026-03-20T10:35:45Z,,0,2,21,12,16,8,0,0,2,8,6,2,,1,1,,2,2,0,0,0,20,20,19,19,9,2,19,20,20,2,2
1774002960,2026-03-20T10:36:00Z,,0,2,21,12,16,8,0,0,2,8,6,2,,1,1,,2,2,0,0,0,20,20,19,19,9,2,19,20,20,2,2
1774002975,2026-03-20T10:36:15Z,,0,3,23,12,16,8,0,0,2,10,8,2,,1,1,,2,2,0,0,0,20,20,23,23,11,3,23,20,20,2,3
1774002990,2026-03-20T10:36:30Z,,0,3,24,13,17,9,0,0,2,10,8,2,,1,1,,2,2,0,0,0,22,22,23,23,11,2,23,22,22,2,2
1774003005,2026-03-20T10:36:45Z,,0,3,26,14,18,10,0,0,2,11,9,2,,1,1,,2,2,0,0,0,23,23,26,26,12,2,26,23,23,2,2
1774003020,2026-03-20T10:37:00Z,,0,3,27,14,18,10,0,0,2,12,10,2,,1,1,,2,2,0,0,0,23,23,28,28,13,3,28,23,23,2,3
1774003035,2026-03-20T10:37:15Z,,0,3,28,15,19,11,0,0,2,12,10,2,,1,1,,2,2,0,0,0,25,25,28,28,13,2,28,25,25,2,2
1774003050,2026-03-20T10:37:30Z,,0,3,28,15,19,11,0,0,2,12,10,2,,1,1,,2,2,0,0,0,26,26,28,28,13,2,28,26,26,2,2
1774003065,2026-03-20T10:37:45Z,,0,3,28,15,19,11,0,0,2,12,10,2,,1,1,,2,2,0,0,0,26,26,28,28,13,2,28,26,26,2,2
1774003080,2026-03-20T10:38:00Z,,0,3,28,15,19,11,0,0,2,12,10,2,,1,1,,2,2,0,0,0,26,26,28,28,13,2,28,26,26,2,2
1774003095,2026-03-20T10:38:15Z,,0,3,28,15,19,11,0,0,2,12,10,1,,1,1,,2,2,0,0,0,26,26,28,28,13,1,28,26,26,1,1
1774003110,2026-03-20T10:38:30Z,,0,3,29,15,19,11,0,0,2,13,11,2,,1,1,,2,2,0,0,0,26,26,30,30,14,3,30,26,26,2,3
1774003125,2026-03-20T10:38:45Z,,0,3,31,15,19,11,0,0,2,14,12,2,,2,2,,2,2,0,0,0,26,26,32,32,15,3,31,26,26,1,2
1774003140,2026-03-20T10:39:00Z,,0,3,31,15,19,11,0,0,2,14,12,2,,2,2,,2,2,0,0,0,26,26,33,33,15,2,33,26,26,2,2
1774003155,2026-03-20T10:39:15Z,,0,3,31,15,19,11,0,0,2,14,12,2,,2,2,,2,2,0,0,0,26,26,33,33,15,2,33,26,26,2,2
1774003170,2026-03-20T10:39:30Z,,0,3,31,15,19,11,0,0,2,14,12,2,,2,2,,2,2,0,0,0,26,26,33,33,15,2,33,26,26,2,2
1774003185,2026-03-20T10:39:45Z,,0,3,31,15,19,11,0,0,2,14,12,2,,2,2,,2,2,0,0,0,26,26,33,33,15,2,33,26,26,2,2
1774003200,2026-03-20T10:40:00Z,,0,3,31,15,19,11,0,0,2,14,12,2,,2,2,,2,2,0,0,0,27,27,33,33,15,2,33,27,27,2,2
1774003215,2026-03-20T10:40:15Z,,0,3,31,15,19,11,0,0,2,14,12,2,,2,2,,2,2,0,0,0,625,625,87,87,7,0,196,625,625,3,4
1774003230,2026-03-20T10:40:30Z,,0,3,31,15,19,11,0,0,2,14,12,2,,2,2,,2,2,0,0,0,27,27,33,33,15,2,33,27,27,2,2
1774003245,2026-03-20T10:40:45Z,,0,4,33,15,19,11,0,0,2,15,13,2,,3,3,,2,2,0,0,0,27,27,36,36,16,4,36,27,27,2,4
1774003260,2026-03-20T10:41:00Z,,0,4,33,15,19,11,0,0,2,15,13,2,,3,3,,2,2,0,0,0,28,28,36,36,16,4,36,28,28,2,3
1774003275,2026-03-20T10:41:15Z,,0,4,33,15,19,11,0,0,2,15,13,2,,3,3,,2,2,0,0,0,30,30,36,36,16,4,36,30,30,2,3
1774003290,2026-03-20T10:41:30Z,,0,4,33,15,19,11,0,0,2,15,13,2,,3,3,,2,2,0,0,0,30,30,36,36,16,4,36,30,30,2,3
1774003305,2026-03-20T10:41:45Z,,0,4,33,15,19,11,0,0,2,15,13,2,,3,3,,2,2,0,0,0,30,30,36,36,16,4,36,30,30,2,3
1774003320,2026-03-20T10:42:00Z,,0,4,33,15,19,11,0,0,2,15,13,2,,3,3,,2,2,0,0,0,30,30,36,36,16,4,36,30,30,2,3
1774003335,2026-03-20T10:42:15Z,,0,4,33,15,19,11,0,0,2,15,13,2,,3,3,,2,2,0,0,0,30,30,36,36,16,4,36,30,30,2,3
1774003350,2026-03-20T10:42:30Z,,0,4,33,15,19,11,0,0,2,15,13,2,,3,3,,2,2,0,0,0,30,30,36,36,16,4,36,30,30,2,3
1774003365,2026-03-20T10:42:45Z,,0,4,33,15,19,11,0,0,2,15,13,2,,3,3,,2,2,0,0,0,30,30,36,36,16,4,36,30,30,2,3
1774003380,2026-03-20T10:43:00Z,,0,4,33,15,19,11,0,0,2,15,13,2,,3,3,,2,2,0,0,0,30,30,36,36,16,4,36,30,30,2,3
1774003395,2026-03-20T10:43:15Z,,0,4,33,15,19,11,0,0,2,15,13,2,,3,3,,2,2,0,0,0,30,30,36,36,16,4,36,30,30,2,3
1774003410,2026-03-20T10:43:30Z,,0,4,36,15,19,11,0,0,2,16,14,2,,5,5,,2,2,0,0,0,30,30,38,38,17,3,38,30,30,2,3
1774003425,2026-03-20T10:43:45Z,,0,4,36,15,19,11,0,0,2,16,14,2,,5,5,,2,2,0,0,0,30,30,38,38,17,3,38,30,30,2,3
1774003440,2026-03-20T10:44:00Z,,0,4,38,16,20,12,0,0,2,17,15,2,,5,5,,2,2,0,0,0,33,33,43,43,18,4,43,33,33,2,4
1774003455,2026-03-20T10:44:15Z,,0,4,40,18,22,12,0,0,2,17,15,2,,5,5,,2,2,0,0,0,35,35,44,44,18,4,44,35,35,2,4
1774003470,2026-03-20T10:44:30Z,,0,4,40,18,23,12,0,0,2,17,15,2,,5,5,,2,2,0,0,0,38,38,45,45,18,4,44,38,38,2,4
1774003485,2026-03-20T10:44:45Z,,0,4,42,20,24,14,0,0,2,17,15,2,,5,5,,2,2,0,0,0,44,44,45,45,18,4,45,44,44,2,4
1774003500,2026-03-20T10:45:00Z,,0,4,44,22,28,15,0,0,2,17,15,2,,5,5,,2,2,0,0,0,48,48,45,45,18,4,45,48,48,2,4
1774003515,2026-03-20T10:45:15Z,,0,4,45,23,29,15,0,0,2,17,15,2,,5,5,,2,2,0,0,0,49,49,46,46,18,3,46,50,49,2,4
1774003530,2026-03-20T10:45:30Z,,0,4,45,23,29,15,0,0,2,17,15,2,,5,5,,2,2,0,0,0,49,49,46,46,18,3,46,50,49,2,4
1774003545,2026-03-20T10:45:45Z,,0,4,45,23,29,15,0,0,2,17,15,2,,5,5,,2,2,0,0,0,49,49,46,46,18,3,46,50,49,2,4
1774003560,2026-03-20T10:46:00Z,,0,4,45,23,29,15,0,0,2,17,15,2,,5,5,,2,2,0,0,0,49,49,46,46,18,3,46,50,49,2,4
1774003575,2026-03-20T10:46:15Z,,0,4,46,23,29,15,0,0,2,18,16,1,,5,5,,2,2,0,0,0,49,49,48,48,19,4,47,50,49,1,4
1774003590,2026-03-20T10:46:30Z,,0,4,48,23,29,15,0,0,2,20,18,2,,5,5,,2,2,0,0,0,50,50,52,52,21,2,52,51,50,2,4
1774003605,2026-03-20T10:46:45Z,,0,4,49,24,30,16,0,0,2,20,18,2,,5,5,,2,2,0,0,0,51,51,52,52,21,2,52,52,51,2,4
1774003620,2026-03-20T10:47:00Z,,0,5,51,24,32,16,0,0,2,21,19,2,,5,5,,2,2,0,0,0,53,53,53,53,22,2,53,54,53,2,4
1774003635,2026-03-20T10:47:15Z,,0,5,51,24,32,16,0,0,2,21,19,2,,5,5,,2,2,0,0,0,53,53,53,53,22,2,53,54,53,2,4
1774003650,2026-03-20T10:47:30Z,,0,5,51,24,32,16,0,0,2,21,19,1,,5,5,,2,2,0,0,0,53,53,53,53,22,1,53,54,53,1,3
1774003665,2026-03-20T10:47:45Z,,0,5,51,24,32,16,0,0,2,21,19,1,,5,5,,2,2,0,0,0,53,53,53,53,22,1,53,54,53,1,3
1774003680,2026-03-20T10:48:00Z,,0,6,51,24,32,16,0,0,2,22,19,1,,5,5,,2,2,0,0,0,53,53,53,53,22,1,53,54,53,1,3
1774003695,2026-03-20T10:48:15Z,,0,9,51,24,32,16,0,0,2,25,19,1,,5,5,,2,2,0,0,0,53,53,53,53,22,1,53,54,53,1,3
1774003710,2026-03-20T10:48:30Z,,0,10,51,24,32,16,0,0,2,26,19,1,,5,5,,2,2,0,0,0,53,53,53,53,22,1,53,54,53,1,3
1774003725,2026-03-20T10:48:45Z,,0,10,51,24,32,16,0,0,2,26,19,1,,5,5,,2,2,0,0,0,53,53,53,53,22,1,53,54,53,1,3
1774003740,2026-03-20T10:49:00Z,,0,10,51,24,32,16,0,0,2,26,19,1,,5,5,,2,2,0,0,0,53,53,53,53,22,1,53,54,53,1,3
1774003755,2026-03-20T10:49:15Z,,0,10,51,24,32,16,0,0,2,26,19,1,,5,5,,2,2,0,0,0,53,53,53,53,22,1,53,54,53,1,3
1774003770,2026-03-20T10:49:30Z,,0,10,51,24,32,16,0,0,2,26,19,1,,5,5,,2,2,0,0,0,53,53,53,53,22,1,53,54,53,1,3
1774003785,2026-03-20T10:49:45Z,,0,10,51,24,32,16,0,0,2,26,19,1,,5,5,,2,2,0,0,0,53,53,53,53,22,1,53,54,53,1,3
1774003800,2026-03-20T10:50:00Z,,0,10,52,24,32,16,0,0,2,26,19,1,,6,6,,2,2,0,0,0,53,53,53,53,22,1,53,54,53,1,3
1774003815,2026-03-20T10:50:15Z,,0,10,52,24,32,16,0,0,2,26,19,1,,6,6,,2,2,0,0,0,53,53,53,53,22,1,53,54,53,1,3
1774003830,2026-03-20T10:50:30Z,,0,10,52,24,32,16,0,0,2,26,19,1,,6,6,,2,2,0,0,0,53,53,53,53,22,1,53,54,53,1,3
1774003845,2026-03-20T10:50:45Z,,0,10,53,24,32,16,0,0,2,26,19,1,,7,7,,2,2,0,0,0,53,53,54,54,22,1,54,54,53,1,3
1774003860,2026-03-20T10:51:00Z,,0,10,53,24,32,16,0,0,2,26,19,1,,7,7,,2,2,0,0,0,53,53,54,54,22,1,54,54,53,1,3
1774003875,2026-03-20T10:51:15Z,,0,10,53,24,32,16,0,0,2,26,19,1,,7,7,,2,2,0,0,0,53,53,54,54,22,1,54,54,53,1,3
1774003890,2026-03-20T10:51:30Z,,0,10,53,24,32,16,0,0,2,26,19,1,,7,7,,2,2,0,0,0,53,53,54,54,22,1,54,54,53,1,3
1774003905,2026-03-20T10:51:45Z,,0,10,53,24,32,16,0,0,2,26,19,1,,7,7,,2,2,0,0,0,53,53,54,54,22,1,54,54,53,1,3
1774003920,2026-03-20T10:52:00Z,,0,10,53,24,32,16,0,0,2,26,19,1,,7,7,,2,2,0,0,0,53,53,54,54,22,1,54,54,53,1,3
1774003935,2026-03-20T10:52:15Z,,0,11,55,24,32,16,0,0,2,28,21,2,,7,7,,2,2,0,0,0,53,53,56,56,23,3,55,54,53,1,4
1774003950,2026-03-20T10:52:30Z,,0,11,55,24,32,16,0,0,2,28,21,2,,7,7,,2,2,0,0,0,54,54,56,56,23,3,56,55,54,2,5
1774003965,2026-03-20T10:52:45Z,,0,11,56,25,33,16,0,0,2,28,21,2,,7,7,,2,2,0,0,0,55,55,56,56,23,3,56,56,55,2,5
1774003980,2026-03-20T10:53:00Z,,0,12,56,25,33,16,0,0,2,29,21,2,,7,7,,2,2,0,0,0,55,55,56,56,23,3,56,56,55,2,5
1774003995,2026-03-20T10:53:15Z,,0,13,57,26,34,16,0,0,2,30,21,2,,7,7,,2,2,0,0,0,56,56,56,56,23,3,56,56,55,2,5
1774004010,2026-03-20T10:53:30Z,,0,15,58,26,34,16,0,0,2,33,22,2,,7,7,,2,2,0,0,0,56,56,58,58,24,3,58,57,56,2,5
1774004025,2026-03-20T10:53:45Z,,0,16,60,27,35,16,0,0,2,35,23,2,,7,7,,2,2,0,0,0,57,57,58,58,24,2,58,57,56,1,4
1774004040,2026-03-20T10:54:00Z,,0,16,60,27,35,16,0,0,2,35,23,2,,7,7,,2,2,0,0,0,57,57,62,62,25,4,62,58,57,2,6
1774004055,2026-03-20T10:54:15Z,,0,16,61,28,38,17,0,0,2,35,23,2,,7,7,,2,2,0,0,0,59,59,63,63,25,4,63,60,59,2,6
1774004070,2026-03-20T10:54:30Z,,0,16,61,28,38,17,0,0,2,35,23,2,,7,7,,2,2,0,0,0,59,59,64,64,25,3,64,60,59,2,6
1774004085,2026-03-20T10:54:45Z,,0,16,61,28,38,17,0,0,2,35,23,2,,7,7,,2,2,0,0,0,59,59,64,64,25,3,64,60,59,2,6
1774005030,2026-03-20T11:10:30Z,,0,16,61,28,38,17,0,0,2,35,23,2,,7,7,,2,2,,,,,,,,,,,,,,
1774005045,2026-03-20T11:10:45Z,,0,16,61,28,38,17,0,0,2,35,23,2,,7,7,,2,2,0,0,0,59,59,64,64,25,3,64,60,59,2,6
1774005060,2026-03-20T11:11:00Z,,0,16,61,28,38,17,0,0,2,35,23,2,,7,7,,2,2,0,0,0,59,59,64,64,25,3,64,60,59,2,6
1774005075,2026-03-20T11:11:15Z,,0,16,61,28,38,17,0,0,2,35,23,2,,7,7,,2,2,0,0,0,59,59,64,64,25,3,64,60,59,2,6
1774005090,2026-03-20T11:11:30Z,,0,16,61,28,38,17,0,0,2,35,23,2,,7,7,,2,2,0,0,0,59,59,64,64,25,3,64,60,59,2,6
1774005105,2026-03-20T11:11:45Z,,,,,,,,,,,,,,,,,,,,0,0,0,59,59,64,64,25,3,64,60,59,2,6
1774005120,2026-03-20T11:12:00Z,,0,16,61,28,38,17,0,0,2,35,23,2,,7,7,,2,2,0,0,0,59,59,64,64,25,3,64,60,59,2,6
1774005135,2026-03-20T11:12:15Z,,0,16,61,28,38,17,0,0,2,35,23,2,,7,7,,2,2,0,0,0,59,59,64,64,25,3,64,60,59,2,6
1774005150,2026-03-20T11:12:30Z,,,,,,,,,,,,,,,,,,,,0,0,,,,,,,,64,60,59,2,6
1774005165,2026-03-20T11:12:45Z,,0,16,61,28,38,17,0,0,2,35,23,2,,7,7,,2,2,0,0,0,59,59,64,64,25,3,64,60,59,2,6
1774005180,2026-03-20T11:13:00Z,,0,16,61,28,38,17,0,0,2,35,23,2,,7,7,,2,2,0,0,0,59,59,64,64,25,3,64,60,59,2,6
1774005210,2026-03-20T11:13:30Z,,0,16,61,28,38,17,0,0,2,35,23,2,,7,7,,2,2,0,0,0,59,59,64,64,25,3,64,60,59,2,6
1774005225,2026-03-20T11:13:45Z,,0,16,61,28,38,17,0,0,2,35,23,2,,7,7,,2,2,0,0,0,59,59,64,64,25,3,64,60,59,2,6
1774005240,2026-03-20T11:14:00Z,,0,16,61,28,38,17,0,0,2,35,23,2,,7,7,,2,2,,,,,,,,,,,,,,
1774005255,2026-03-20T11:14:15Z,,0,16,61,28,38,17,0,0,2,35,23,2,,7,7,,2,2,0,0,0,59,59,64,64,25,3,64,60,59,2,6
1774005270,2026-03-20T11:14:30Z,,0,16,61,28,38,17,0,0,2,35,23,2,,7,7,,2,2,0,0,0,59,59,64,64,25,3,64,60,59,2,6
1774005285,2026-03-20T11:14:45Z,,0,16,61,28,38,17,0,0,2,35,23,2,,7,7,,2,2,0,0,0,59,59,64,64,25,3,64,60,59,2,6
1774005300,2026-03-20T11:15:00Z,,0,16,61,28,38,17,0,0,2,35,23,2,,7,7,,2,2,0,0,0,59,59,64,64,25,3,64,60,59,2,6
1774005315,2026-03-20T11:15:15Z,,0,16,61,28,38,17,0,0,2,35,23,2,,7,7,,2,2,0,0,0,59,59,64,64,25,3,64,60,59,2,6
1774005330,2026-03-20T11:15:30Z,,0,16,61,28,38,17,0,0,2,35,23,2,,7,7,,2,2,0,0,0,59,59,64,64,25,3,64,60,59,2,6
1774005345,2026-03-20T11:15:45Z,,0,16,61,28,38,17,0,0,2,35,23,2,,7,7,,2,2,0,0,0,59,59,64,64,25,3,64,60,59,2,6
1774005360,2026-03-20T11:16:00Z,,0,16,61,28,38,17,0,0,2,35,23,2,,7,7,,2,2,0,0,0,59,59,64,64,25,3,64,60,59,2,6
1774005375,2026-03-20T11:16:15Z,,0,16,61,28,38,17,0,0,2,35,23,2,,7,7,,2,2,0,0,0,59,59,64,64,25,3,64,60,59,2,6
1774005390,2026-03-20T11:16:30Z,,0,16,61,28,38,17,0,0,2,35,23,2,,7,7,,2,2,0,0,0,59,59,64,64,25,3,64,60,59,2,6
1774005405,2026-03-20T11:16:45Z,,0,16,61,28,38,17,0,0,2,35,23,2,,7,7,,2,2,0,0,0,59,59,64,64,25,3,64,60,59,2,6
1774005420,2026-03-20T11:17:00Z,,0,16,61,28,38,17,0,0,2,35,23,2,,7,7,,2,2,0,0,0,59,59,64,64,25,3,64,60,59,2,6
1774005435,2026-03-20T11:17:15Z,,0,16,61,28,38,17,0,0,2,35,23,2,,7,7,,2,2,0,0,0,59,59,64,64,25,3,64,60,59,2,6
1774005450,2026-03-20T11:17:30Z,,0,16,61,28,38,17,0,0,2,35,23,2,,7,7,,2,2,0,0,0,59,59,64,64,25,3,64,60,59,2,6
1774005465,2026-03-20T11:17:45Z,,0,16,61,28,38,17,0,0,2,35,23,2,,7,7,,2,2,0,0,0,59,59,64,64,25,3,64,60,59,2,6
1774005480,2026-03-20T11:18:00Z,,0,17,64,30,40,18,0,0,2,36,24,2,,7,7,,2,2,0,0,0,59,59,66,66,26,4,66,60,59,2,7
1774005495,2026-03-20T11:18:15Z,,0,17,65,30,40,18,0,0,2,37,25,2,,7,7,,2,2,0,0,0,61,61,68,68,27,4,68,62,61,2,7
1774005510,2026-03-20T11:18:30Z,,0,17,65,30,40,18,0,0,2,37,25,2,,7,7,,2,2,0,0,0,61,61,68,68,27,2,68,62,61,2,6
1774005525,2026-03-20T11:18:45Z,,0,17,66,30,40,18,0,0,2,38,26,2,,7,7,,2,2,0,0,0,61,61,71,71,28,3,71,62,61,2,7
1774005540,2026-03-20T11:19:00Z,,0,17,68,30,40,18,0,0,2,39,27,2,,8,8,,2,2,0,0,0,61,61,75,75,29,4,75,62,61,2,8
1774005555,2026-03-20T11:19:15Z,,0,17,68,30,41,18,0,0,2,39,27,2,,8,8,,2,2,0,0,0,63,63,75,75,29,4,75,64,63,2,8
1774005570,2026-03-20T11:19:30Z,,0,17,69,31,41,19,0,0,2,39,27,2,,8,8,,2,2,0,0,0,63,63,76,76,29,4,76,64,63,2,8
1774005585,2026-03-20T11:19:45Z,,0,17,70,32,42,19,0,0,2,39,27,2,,8,8,,2,2,0,0,0,64,64,76,76,29,4,76,65,64,2,8
1774005600,2026-03-20T11:20:00Z,,0,17,71,33,43,19,0,0,2,39,27,2,,8,8,,2,2,0,0,0,67,67,77,77,29,3,77,67,66,2,8
1774005615,2026-03-20T11:20:15Z,,0,17,71,33,43,19,0,0,2,39,27,2,,8,8,,2,2,0,0,0,67,67,77,77,29,3,77,68,67,2,8
1774005630,2026-03-20T11:20:30Z,,0,17,72,34,44,19,0,0,2,39,27,2,,8,8,,2,2,0,0,0,68,68,77,77,29,3,77,68,67,2,8
1774005645,2026-03-20T11:20:45Z,,0,17,73,34,44,19,0,0,2,40,28,2,,8,8,,2,2,0,0,0,68,68,79,79,30,4,79,69,68,2,9
1774005660,2026-03-20T11:21:00Z,,0,17,74,35,46,19,0,0,2,40,28,2,,8,8,,2,2,0,0,0,68,68,79,79,30,4,79,69,68,2,9
1774005675,2026-03-20T11:21:15Z,,0,17,75,36,47,19,0,0,2,40,28,2,,8,8,,2,2,0,0,0,72,72,79,79,30,4,79,73,72,2,9
1774005690,2026-03-20T11:21:30Z,,0,17,76,37,48,19,0,0,2,40,28,2,,8,8,,2,2,0,0,0,74,74,79,79,30,4,79,75,74,2,9
1774005705,2026-03-20T11:21:45Z,,0,17,78,38,49,20,0,0,2,40,28,2,,9,9,,2,2,0,0,0,76,76,79,79,30,4,79,77,76,2,9
1774005720,2026-03-20T11:22:00Z,,0,17,78,38,49,20,0,0,2,40,28,2,,9,9,,2,2,0,0,0,76,76,79,79,30,4,79,77,76,2,9
1774005735,2026-03-20T11:22:15Z,,0,17,79,39,50,20,0,0,2,40,28,2,,9,9,,2,2,0,0,0,77,77,79,79,30,4,79,78,77,2,9
1774005750,2026-03-20T11:22:30Z,,0,17,79,39,50,20,0,0,2,40,28,2,,9,9,,2,2,0,0,0,78,78,79,79,30,4,79,78,77,2,9
1774005765,2026-03-20T11:22:45Z,,0,17,80,40,51,20,0,0,2,40,28,2,,9,9,,2,2,0,0,0,79,79,79,79,30,4,79,80,79,2,9
1774005780,2026-03-20T11:23:00Z,,0,17,80,40,51,20,0,0,2,40,28,2,,9,9,,2,2,0,0,0,79,79,79,79,30,4,79,80,79,2,9
1774005795,2026-03-20T11:23:15Z,,0,17,81,41,52,20,0,0,2,40,28,2,,9,9,,2,2,0,0,0,80,80,79,79,30,4,79,81,80,2,9
1774005810,2026-03-20T11:23:30Z,,0,17,81,41,52,20,0,0,2,40,28,2,,9,9,,2,2,0,0,0,80,80,79,79,30,4,79,81,80,2,9
1774005825,2026-03-20T11:23:45Z,,0,17,82,42,53,20,0,0,2,40,28,2,,9,9,,2,2,0,0,0,81,81,79,79,30,4,79,82,81,2,9
1774005840,2026-03-20T11:24:00Z,,0,17,82,42,53,20,0,0,2,40,28,2,,9,9,,2,2,0,0,0,81,81,79,79,30,4,79,82,81,2,9
1774005855,2026-03-20T11:24:15Z,,0,17,83,43,54,20,0,0,2,40,28,2,,9,9,,2,2,0,0,0,82,82,79,79,30,4,79,83,82,2,9
1774005870,2026-03-20T11:24:30Z,,0,17,83,43,54,20,0,0,2,40,28,2,,9,9,,2,2,0,0,0,82,82,79,79,30,4,79,83,82,2,9
1774005885,2026-03-20T11:24:45Z,,0,17,84,44,55,20,0,0,2,40,28,2,,9,9,,2,2,0,0,0,83,83,79,79,30,4,79,84,83,2,9
1774005900,2026-03-20T11:25:00Z,,0,17,84,44,55,20,0,0,2,40,28,2,,9,9,,2,2,0,0,0,83,83,79,79,30,4,79,84,83,2,9
1774005915,2026-03-20T11:25:15Z,,0,17,85,45,56,20,0,0,2,40,28,2,,9,9,,2,2,0,0,0,84,84,79,79,30,4,79,85,84,2,9
1774005930,2026-03-20T11:25:30Z,,0,17,85,45,56,20,0,0,2,40,28,2,,9,9,,2,2,0,0,0,84,84,79,79,30,4,79,85,84,2,9
1774005945,2026-03-20T11:25:45Z,,0,17,86,46,57,20,0,0,2,40,28,2,,9,9,,2,2,0,0,0,85,85,79,79,30,4,79,86,85,2,9
1774005960,2026-03-20T11:26:00Z,,0,17,86,46,57,20,0,0,2,40,28,2,,9,9,,2,2,0,0,0,85,85,79,79,30,4,79,86,85,2,9
1774005975,2026-03-20T11:26:15Z,,0,17,87,47,58,20,0,0,2,40,28,2,,9,9,,2,2,0,0,0,86,86,79,79,30,4,79,87,86,2,9
1774005990,2026-03-20T11:26:30Z,,0,17,87,47,58,20,0,0,2,40,28,2,,9,9,,2,2,0,0,0,86,86,79,79,30,4,79,87,86,2,9
1774006005,2026-03-20T11:26:45Z,,0,17,88,48,59,20,0,0,2,40,28,2,,9,9,,2,2,0,0,0,87,87,79,79,30,4,79,88,87,2,9
1774006020,2026-03-20T11:27:00Z,,0,17,88,48,59,20,0,0,2,40,28,2,,9,9,,2,2,0,0,0,87,87,79,79,30,4,79,88,87,2,9
1774006035,2026-03-20T11:27:15Z,,0,17,89,49,60,20,0,0,2,40,28,2,,9,9,,2,2,0,0,0,88,88,79,79,30,4,79,88,87,2,9
1774006050,2026-03-20T11:27:30Z,,0,17,89,49,60,20,0,0,2,40,28,2,,9,9,,2,2,0,0,0,88,88,79,79,30,4,79,89,88,2,9
1774006065,2026-03-20T11:27:45Z,,0,17,90,50,61,21,0,0,2,40,28,2,,9,9,,2,2,0,0,0,90,90,79,79,30,4,79,91,90,2,9
1774006080,2026-03-20T11:28:00Z,,0,17,91,51,64,22,0,0,2,40,28,2,,9,9,,2,2,0,0,0,92,92,79,79,30,4,79,93,92,2,9
1774006095,2026-03-20T11:28:15Z,,0,17,91,51,65,22,0,0,2,40,28,2,,9,9,,2,2,0,0,0,92,92,79,79,30,4,79,93,92,2,9
1774006110,2026-03-20T11:28:30Z,,0,17,92,52,65,23,0,0,2,40,28,2,,9,9,,2,2,0,0,0,93,93,79,79,30,2,79,94,93,2,9
1774006125,2026-03-20T11:28:45Z,,0,17,93,53,66,23,0,0,2,40,28,2,,9,9,,2,2,0,0,0,94,94,79,79,30,2,79,95,94,2,9
1774006140,2026-03-20T11:29:00Z,,0,17,95,53,68,23,0,0,2,40,28,2,,11,11,,2,2,0,0,0,96,96,79,79,30,2,79,97,96,2,9
1774006155,2026-03-20T11:29:15Z,,0,17,96,54,69,23,0,0,2,40,28,2,,11,11,,2,2,0,0,0,98,98,79,79,30,2,79,99,98,2,9
1774006170,2026-03-20T11:29:30Z,,0,17,97,55,70,24,0,0,2,40,28,2,,11,11,,2,2,0,0,0,101,101,79,79,30,2,79,102,101,2,9
1774006185,2026-03-20T11:29:45Z,,0,17,97,55,70,24,0,0,2,40,28,2,,11,11,,2,2,0,0,0,102,102,79,79,30,2,79,103,102,2,9
1774006200,2026-03-20T11:30:00Z,,0,17,99,57,72,24,0,0,2,40,28,2,,11,11,,2,2,0,0,0,104,104,79,79,30,2,79,104,103,2,9
1774006215,2026-03-20T11:30:15Z,,0,17,101,59,74,25,0,0,2,40,28,2,,11,11,,2,2,0,0,0,108,108,79,79,30,2,79,109,108,2,9
1774006230,2026-03-20T11:30:30Z,,0,17,102,59,74,25,0,0,2,40,28,2,,12,12,,2,2,0,0,0,109,109,79,79,30,2,79,110,109,2,9
1774006245,2026-03-20T11:30:45Z,,0,17,103,59,74,25,0,0,2,41,29,2,,12,12,,2,2,0,0,0,110,110,81,81,31,3,81,111,110,2,10
1774006260,2026-03-20T11:31:00Z,,0,17,104,59,74,25,0,0,2,42,30,2,,12,12,,2,2,0,0,0,110,110,83,83,32,3,83,111,110,2,10
1774006275,2026-03-20T11:31:15Z,,0,17,105,60,75,26,0,0,2,42,30,2,,12,12,,2,2,0,0,0,113,113,83,83,32,3,83,114,113,2,10
1774006290,2026-03-20T11:31:30Z,,0,17,106,61,76,26,0,0,2,42,30,2,,12,12,,2,2,0,0,0,114,114,83,83,32,2,83,115,114,2,10
1774006305,2026-03-20T11:31:45Z,,0,17,107,61,76,26,0,0,2,43,31,2,,12,12,,2,2,0,0,0,114,114,86,86,33,2,86,115,114,2,10
1774006320,2026-03-20T11:32:00Z,,0,17,108,61,76,26,0,0,2,44,32,2,,12,12,,2,2,0,0,0,114,114,88,88,34,2,88,115,114,2,10
1774006335,2026-03-20T11:32:15Z,,0,17,109,61,76,26,0,0,2,45,33,2,,12,12,,2,2,0,0,0,114,114,91,91,35,3,91,115,114,2,11
1774006350,2026-03-20T11:32:30Z,,0,17,109,61,76,26,0,0,2,45,33,2,,12,12,,2,2,0,0,0,114,114,93,93,35,3,93,115,114,2,11
1774006365,2026-03-20T11:32:45Z,,0,17,110,61,76,26,0,0,2,45,33,2,,13,13,,2,2,0,0,0,114,114,93,93,35,3,93,115,114,2,11
1774006380,2026-03-20T11:33:00Z,,0,17,110,61,76,26,0,0,2,45,33,2,,13,13,,2,2,0,0,0,114,114,94,94,35,3,94,115,114,2,11
1774006395,2026-03-20T11:33:15Z,,0,17,110,61,76,26,0,0,2,45,33,2,,13,13,,2,2,0,0,0,114,114,94,94,35,3,94,115,114,2,11
1774006410,2026-03-20T11:33:30Z,,0,17,110,61,76,26,0,0,2,45,33,2,,13,13,,2,2,0,0,0,114,114,95,95,35,3,95,115,114,2,12
1774006425,2026-03-20T11:33:45Z,,0,17,110,61,76,26,0,0,2,45,33,2,,13,13,,2,2,0,0,0,114,114,95,95,35,3,95,115,114,2,11
1774006440,2026-03-20T11:34:00Z,,0,17,111,61,76,26,0,0,2,46,34,2,,13,13,,2,2,0,0,0,114,114,95,95,35,2,95,115,114,2,11
1774006455,2026-03-20T11:34:15Z,,0,17,111,61,76,26,0,0,2,46,34,2,,13,13,,2,2,0,0,0,114,114,97,97,36,4,97,115,114,2,12
1774006470,2026-03-20T11:34:30Z,,0,17,111,61,76,26,0,0,2,46,34,2,,13,13,,2,2,0,0,0,116,116,97,97,36,4,97,117,116,2,12
1774006485,2026-03-20T11:34:45Z,,0,17,111,61,76,26,0,0,2,46,34,2,,13,13,,2,2,0,0,0,118,118,97,97,36,4,97,119,118,2,12
1774006500,2026-03-20T11:35:00Z,,0,17,112,62,77,26,0,0,2,46,34,2,,13,13,,2,2,0,0,0,121,121,98,98,36,4,98,122,121,2,12
1774006515,2026-03-20T11:35:15Z,,0,17,112,62,77,26,0,0,2,46,34,2,,13,13,,2,2,0,0,0,122,122,98,98,36,3,98,123,122,2,12
1774006530,2026-03-20T11:35:30Z,,0,17,113,63,78,26,0,0,2,46,34,2,,13,13,,2,2,0,0,0,123,123,98,98,36,3,98,124,123,2,12
1774006545,2026-03-20T11:35:45Z,,0,17,113,63,78,26,0,0,2,46,34,2,,13,13,,2,2,0,0,0,123,123,98,98,36,3,98,124,123,2,12
1774006560,2026-03-20T11:36:00Z,,0,17,114,64,79,26,0,0,2,46,34,2,,13,13,,2,2,0,0,0,124,124,98,98,36,3,98,125,124,2,12
1774006575,2026-03-20T11:36:15Z,,0,17,114,64,79,26,0,0,2,46,34,2,,13,13,,2,2,0,0,0,125,125,98,98,36,3,98,126,125,2,12
1774006590,2026-03-20T11:36:30Z,,0,17,116,66,81,27,0,0,2,46,34,2,,13,13,,2,2,0,0,0,127,127,99,99,36,4,98,128,127,2,12
1774006605,2026-03-20T11:36:45Z,,0,17,116,66,81,27,0,0,2,46,34,2,,13,13,,2,2,0,0,0,127,127,99,99,36,3,99,128,127,2,12
1774006620,2026-03-20T11:37:00Z,,0,17,117,67,82,28,0,0,2,46,34,2,,13,13,,2,2,0,0,0,130,130,99,99,36,3,99,131,130,2,12
1774006635,2026-03-20T11:37:15Z,,0,17,117,67,82,28,0,0,2,46,34,2,,13,13,,2,2,0,0,0,130,130,99,99,36,3,99,131,130,2,12
1774006650,2026-03-20T11:37:30Z,,0,17,118,68,83,28,0,0,2,46,34,2,,13,13,,2,2,0,0,0,133,133,99,99,36,3,99,133,132,2,12
1774006665,2026-03-20T11:37:45Z,,0,17,118,68,83,28,0,0,2,46,34,2,,13,13,,2,2,0,0,0,134,134,99,99,36,3,99,135,134,2,12
1774006680,2026-03-20T11:38:00Z,,0,17,119,69,84,28,0,0,2,46,34,2,,13,13,,2,2,0,0,0,135,135,99,99,36,3,99,136,135,2,12
1774006695,2026-03-20T11:38:15Z,,0,17,119,69,84,28,0,0,2,46,34,2,,13,13,,2,2,0,0,0,136,136,100,100,36,3,100,137,136,2,12
1774006710,2026-03-20T11:38:30Z,,0,17,120,70,85,28,0,0,2,46,34,2,,13,13,,2,2,0,0,0,137,137,100,100,36,3,100,138,137,2,12
1774006725,2026-03-20T11:38:45Z,,0,17,120,70,85,28,0,0,2,46,34,2,,13,13,,2,2,0,0,0,137,137,100,100,36,3,100,138,137,2,12
1774006740,2026-03-20T11:39:00Z,,0,17,121,71,86,29,0,0,2,46,34,2,,13,13,,2,2,0,0,0,138,138,100,100,36,3,100,139,138,2,12
1774006755,2026-03-20T11:39:15Z,,0,17,121,71,86,29,0,0,2,46,34,2,,13,13,,2,2,0,0,0,138,138,100,100,36,3,100,139,138,2,12
1774006770,2026-03-20T11:39:30Z,,0,17,122,72,87,29,0,0,2,46,34,2,,13,13,,2,2,0,0,0,140,140,100,100,36,3,100,141,140,2,12
1774006785,2026-03-20T11:39:45Z,,0,17,122,72,87,29,0,0,2,46,34,2,,13,13,,2,2,0,0,0,140,140,100,100,36,3,100,141,140,2,12
1774006800,2026-03-20T11:40:00Z,,0,17,124,74,89,29,0,0,2,46,34,2,,13,13,,2,2,0,0,0,142,142,101,101,36,3,101,142,141,2,12
1774006815,2026-03-20T11:40:15Z,,0,17,124,74,89,29,0,0,2,46,34,2,,13,13,,2,2,0,0,0,142,142,101,101,36,3,101,143,142,2,12
1774006830,2026-03-20T11:40:30Z,,0,17,125,75,90,29,0,0,2,46,34,2,,13,13,,2,2,0,0,0,142,142,101,101,36,3,101,143,142,2,12
1774006845,2026-03-20T11:40:45Z,,0,17,126,75,91,29,0,0,2,46,34,2,,14,14,,2,2,0,0,0,144,144,101,101,36,3,101,145,144,2,12
1774006860,2026-03-20T11:41:00Z,,0,17,126,75,94,29,0,0,2,46,34,2,,14,14,,2,2,0,0,0,144,144,101,101,36,3,101,145,144,2,12
1774006875,2026-03-20T11:41:15Z,,0,17,127,76,94,29,0,0,2,46,34,2,,14,14,,2,2,0,0,0,145,145,101,101,36,3,101,146,145,2,12
1774006890,2026-03-20T11:41:30Z,,0,17,128,76,94,29,0,0,2,46,34,2,,15,15,,2,2,0,0,0,146,146,101,101,36,3,101,147,146,2,12
1774006905,2026-03-20T11:41:45Z,,0,17,129,77,95,29,0,0,2,46,34,2,,15,15,,2,2,0,0,0,147,147,102,102,36,3,102,148,147,2,12
1774006920,2026-03-20T11:42:00Z,,0,17,129,77,95,29,0,0,2,46,34,2,,15,15,,2,2,0,0,0,147,147,102,102,36,3,102,148,147,2,12
1774006935,2026-03-20T11:42:15Z,,0,17,130,78,96,29,0,0,2,46,34,2,,15,15,,2,2,0,0,0,148,148,102,102,36,3,102,149,148,2,12
1774006950,2026-03-20T11:42:30Z,,0,17,130,78,96,29,0,0,2,46,34,2,,15,15,,2,2,0,0,0,148,148,102,102,36,3,102,149,148,2,12
1774006965,2026-03-20T11:42:45Z,,0,17,131,79,97,29,0,0,2,46,34,2,,15,15,,2,2,0,0,0,149,149,102,102,36,3,102,150,149,2,12
1774006980,2026-03-20T11:43:00Z,,0,17,131,79,97,29,0,0,2,46,34,2,,15,15,,2,2,0,0,0,149,149,102,102,36,3,102,150,149,2,12
1774006995,2026-03-20T11:43:15Z,,0,17,132,80,99,29,0,0,2,46,34,2,,15,15,,2,2,0,0,0,150,150,103,103,36,3,103,151,150,2,12
1774007010,2026-03-20T11:43:30Z,,0,17,132,80,99,29,0,0,2,46,34,2,,15,15,,2,2,0,0,0,151,151,103,103,36,3,103,152,151,2,12
1774007025,2026-03-20T11:43:45Z,,0,17,133,81,100,29,0,0,2,46,34,2,,15,15,,2,2,0,0,0,152,152,103,103,36,3,103,153,152,2,12
1774007040,2026-03-20T11:44:00Z,,0,17,133,81,100,29,0,0,2,46,34,2,,15,15,,2,2,0,0,0,152,152,103,103,36,3,103,153,152,2,12
1774007055,2026-03-20T11:44:15Z,,0,17,134,82,101,30,0,0,2,46,34,2,,15,15,,2,2,0,0,0,154,154,103,103,36,3,103,155,154,2,12
1774007070,2026-03-20T11:44:30Z,,0,17,134,82,101,30,0,0,2,46,34,2,,15,15,,2,2,0,0,0,154,154,103,103,36,3,103,155,154,2,12
1774007085,2026-03-20T11:44:45Z,,0,17,135,83,102,30,0,0,2,46,34,2,,15,15,,2,2,0,0,0,155,155,103,103,36,3,103,156,155,2,12
1774007100,2026-03-20T11:45:00Z,,0,17,135,83,102,30,0,0,2,46,34,2,,15,15,,2,2,0,0,0,155,155,104,104,36,3,104,156,155,2,12
1774007115,2026-03-20T11:45:15Z,,0,17,136,84,103,30,0,0,2,46,34,2,,15,15,,2,2,0,0,0,156,156,104,104,36,3,104,157,156,2,12
1774007130,2026-03-20T11:45:30Z,,0,17,136,84,103,30,0,0,2,46,34,2,,15,15,,2,2,0,0,0,156,156,104,104,36,3,104,157,156,2,12
1774007145,2026-03-20T11:45:45Z,,0,17,137,85,104,30,0,0,2,46,34,2,,15,15,,2,2,0,0,0,157,157,104,104,36,3,104,158,157,2,12
1774007160,2026-03-20T11:46:00Z,,0,17,137,85,104,30,0,0,2,46,34,2,,15,15,,2,2,0,0,0,157,157,104,104,36,3,104,158,157,2,12
1774007175,2026-03-20T11:46:15Z,,0,17,138,86,105,31,0,0,2,46,34,2,,15,15,,2,2,0,0,0,158,158,104,104,36,3,104,159,158,2,12
1774007190,2026-03-20T11:46:30Z,,0,17,138,86,105,31,0,0,2,46,34,2,,15,15,,2,2,0,0,0,158,158,104,104,36,3,104,159,158,2,12
1774007205,2026-03-20T11:46:45Z,,0,17,139,87,106,31,0,0,2,46,34,2,,15,15,,2,2,0,0,0,159,159,105,105,36,3,105,160,159,2,12
1774007220,2026-03-20T11:47:00Z,,0,17,139,87,106,31,0,0,2,46,34,2,,15,15,,2,2,0,0,0,159,159,105,105,36,3,105,160,159,2,12
1774007235,2026-03-20T11:47:15Z,,0,17,140,88,107,31,0,0,2,46,34,2,,15,15,,2,2,0,0,0,160,160,105,105,36,3,105,161,160,2,12
1774007250,2026-03-20T11:47:30Z,,0,17,140,88,107,31,0,0,2,46,34,2,,15,15,,2,2,0,0,0,160,160,105,105,36,3,105,161,160,2,12
1774007265,2026-03-20T11:47:45Z,,0,17,141,89,108,31,0,0,2,46,34,2,,15,15,,2,2,0,0,0,161,161,105,105,36,3,105,162,161,2,12
1774007280,2026-03-20T11:48:00Z,,0,17,141,89,108,31,0,0,2,46,34,2,,15,15,,2,2,0,0,0,161,161,105,105,36,3,105,162,161,2,12
1774007295,2026-03-20T11:48:15Z,,0,17,142,90,109,31,0,0,2,46,34,2,,15,15,,2,2,0,0,0,162,162,106,106,36,3,106,163,162,2,12
1774007310,2026-03-20T11:48:30Z,,0,17,142,90,109,31,0,0,2,46,34,2,,15,15,,2,2,0,0,0,162,162,106,106,36,3,106,163,162,2,12
1774007325,2026-03-20T11:48:45Z,,0,17,143,91,110,31,0,0,2,46,34,2,,15,15,,2,2,0,0,0,163,163,106,106,36,3,106,164,163,2,12
1774007340,2026-03-20T11:49:00Z,,0,17,143,91,110,31,0,0,2,46,34,2,,15,15,,2,2,0,0,0,163,163,106,106,36,3,106,164,163,2,12
1774007355,2026-03-20T11:49:15Z,,0,17,143,91,110,31,0,0,2,46,34,2,,15,15,,2,2,0,0,0,164,164,106,106,36,3,106,165,164,2,12
1774007370,2026-03-20T11:49:30Z,,0,17,143,91,110,31,0,0,2,46,34,2,,15,15,,2,2,0,0,0,165,165,106,106,36,3,106,166,165,2,12
1774007385,2026-03-20T11:49:45Z,,0,17,144,92,111,31,0,0,2,46,34,2,,15,15,,2,2,0,0,0,166,166,106,106,36,3,106,167,166,2,12
1774007400,2026-03-20T11:50:00Z,,0,17,144,92,111,31,0,0,2,46,34,2,,15,15,,2,2,0,0,0,166,166,107,107,36,3,107,167,166,2,12
1774007415,2026-03-20T11:50:15Z,,0,17,145,93,112,31,0,0,2,46,34,2,,15,15,,2,2,0,0,0,168,168,107,107,36,3,107,167,166,2,12
1774007430,2026-03-20T11:50:30Z,,0,17,145,93,115,31,0,0,2,46,34,2,,15,15,,2,2,0,0,0,169,169,107,107,36,3,107,170,169,2,12
1774007445,2026-03-20T11:50:45Z,,0,17,146,94,116,31,0,0,2,46,34,2,,15,15,,2,2,0,0,0,169,169,107,107,36,3,107,170,169,2,12
1774007460,2026-03-20T11:51:00Z,,0,17,146,94,116,31,0,0,2,46,34,2,,15,15,,2,2,0,0,0,170,170,107,107,36,3,107,171,170,2,12
1774007475,2026-03-20T11:51:15Z,,0,17,146,94,116,31,0,0,2,46,34,2,,15,15,,2,2,0,0,0,170,170,107,107,36,3,107,171,170,2,12
1774007490,2026-03-20T11:51:30Z,,0,17,148,95,117,32,0,0,2,47,35,2,,15,15,,2,2,0,0,0,171,171,108,108,37,3,108,172,171,2,12
1774007505,2026-03-20T11:51:45Z,,0,17,148,95,117,32,0,0,2,47,35,2,,15,15,,2,2,0,0,0,172,172,108,108,37,3,108,173,172,2,12
1774007520,2026-03-20T11:52:00Z,,0,17,149,96,118,33,0,0,2,47,35,2,,15,15,,2,2,0,0,0,174,174,108,108,37,3,108,175,174,2,12
1774007535,2026-03-20T11:52:15Z,,0,17,149,96,118,33,0,0,2,47,35,2,,15,15,,2,2,0,0,0,175,175,108,108,37,3,108,176,175,2,12
1774007550,2026-03-20T11:52:30Z,,0,17,150,97,119,34,0,0,2,47,35,2,,15,15,,2,2,0,0,0,176,176,108,108,37,3,108,177,176,2,12
1774007565,2026-03-20T11:52:45Z,,0,17,151,97,119,34,0,0,2,47,35,2,,16,16,,2,2,0,0,0,177,177,108,108,37,3,108,178,177,2,12
1774007580,2026-03-20T11:53:00Z,,0,17,152,98,120,34,0,0,2,47,35,2,,16,16,,2,2,0,0,0,178,178,108,108,37,3,108,179,178,2,12
1774007595,2026-03-20T11:53:15Z,,0,17,152,98,120,34,0,0,2,47,35,2,,16,16,,2,2,0,0,0,178,178,108,108,37,3,108,179,178,2,12
1774007610,2026-03-20T11:53:30Z,,0,17,153,99,121,35,0,0,2,47,35,2,,16,16,,2,2,0,0,0,179,179,108,108,37,3,108,180,179,2,12
1774007625,2026-03-20T11:53:45Z,,0,17,153,99,121,35,0,0,2,47,35,2,,16,16,,2,2,0,0,0,179,179,108,108,37,3,108,180,179,2,12
1774007640,2026-03-20T11:54:00Z,,0,17,153,99,121,35,0,0,2,47,35,2,,16,16,,2,2,0,0,0,181,181,108,108,37,3,108,182,181,2,12
1774007655,2026-03-20T11:54:15Z,,0,17,154,100,122,35,0,0,2,47,35,2,,16,16,,2,2,0,0,0,182,182,108,108,37,3,108,183,182,2,12
1774007670,2026-03-20T11:54:30Z,,0,17,155,101,123,35,0,0,2,47,35,2,,16,16,,2,2,0,0,0,184,184,108,108,37,3,108,185,184,2,12
1774007685,2026-03-20T11:54:45Z,,0,17,155,101,123,35,0,0,2,47,35,2,,16,16,,2,2,0,0,0,185,185,108,108,37,3,108,186,185,2,12
1774007700,2026-03-20T11:55:00Z,,0,17,156,102,124,35,0,0,2,47,35,2,,16,16,,2,2,0,0,0,187,187,108,108,37,3,108,188,187,2,12
1774007715,2026-03-20T11:55:15Z,,0,17,157,103,125,35,0,0,2,47,35,2,,16,16,,2,2,0,0,0,187,187,108,108,37,3,108,188,187,2,12
1774007730,2026-03-20T11:55:30Z,,0,17,159,105,127,36,0,0,2,47,35,2,,16,16,,2,2,0,0,0,190,190,108,108,37,3,108,191,190,2,12
1774007745,2026-03-20T11:55:45Z,,0,17,159,105,130,36,0,0,2,47,35,2,,16,16,,2,2,0,0,0,192,192,108,108,37,3,108,193,192,2,12
1774007760,2026-03-20T11:56:00Z,,0,17,160,106,131,37,0,0,2,47,35,2,,16,16,,2,2,0,0,0,193,193,108,108,37,3,108,194,193,2,12
1774007775,2026-03-20T11:56:15Z,,0,17,161,106,131,37,0,0,2,48,36,2,,16,16,,2,2,0,0,0,193,193,110,110,38,3,110,194,193,2,12
1774007790,2026-03-20T11:56:30Z,,0,17,162,107,135,37,0,0,2,48,36,2,,16,16,,2,2,0,0,0,195,195,110,110,38,3,110,196,195,2,12
1774007805,2026-03-20T11:56:45Z,,0,17,162,107,135,37,0,0,2,48,36,2,,16,16,,2,2,0,0,0,195,195,110,110,38,3,110,196,195,2,12
1774007820,2026-03-20T11:57:00Z,,0,17,163,108,136,37,0,0,2,48,36,2,,16,16,,2,2,0,0,0,196,196,110,110,38,3,110,197,196,2,12
1774007835,2026-03-20T11:57:15Z,,0,17,163,108,136,37,0,0,2,48,36,2,,16,16,,2,2,0,0,0,196,196,110,110,38,3,110,197,196,2,12
1774007850,2026-03-20T11:57:30Z,,0,17,164,109,137,37,0,0,2,48,36,2,,16,16,,2,2,0,0,0,197,197,110,110,38,3,110,198,197,2,12
1774007865,2026-03-20T11:57:45Z,,0,17,164,109,140,37,0,0,2,48,36,2,,16,16,,2,2,0,0,0,198,198,110,110,38,3,110,199,198,2,12
1774007880,2026-03-20T11:58:00Z,,0,17,165,110,141,37,0,0,2,48,36,2,,16,16,,2,2,0,0,0,199,199,110,110,38,3,110,200,199,2,12
1774007895,2026-03-20T11:58:15Z,,0,17,165,110,141,37,0,0,2,48,36,2,,16,16,,2,2,0,0,0,199,199,110,110,38,3,110,200,199,2,12
1774007910,2026-03-20T11:58:30Z,,0,17,166,111,142,37,0,0,2,48,36,2,,16,16,,2,2,0,0,0,202,202,110,110,38,3,110,203,202,2,12
1774007925,2026-03-20T11:58:45Z,,0,17,166,111,142,37,0,0,2,48,36,2,,16,16,,2,2,0,0,0,203,203,110,110,38,3,110,204,203,2,12
1774007940,2026-03-20T11:59:00Z,,0,17,167,112,143,37,0,0,2,48,36,2,,16,16,,2,2,0,0,0,204,204,110,110,38,3,110,205,204,2,12
1774007955,2026-03-20T11:59:15Z,,0,17,168,112,143,37,0,0,2,49,37,2,,16,16,,2,2,0,0,0,204,204,113,113,39,3,113,205,204,2,12
1774007970,2026-03-20T11:59:30Z,,0,17,169,113,144,37,0,0,2,49,37,2,,16,16,,2,2,0,0,0,207,207,113,113,39,3,113,208,207,2,12
1774007985,2026-03-20T11:59:45Z,,0,17,169,113,147,37,0,0,2,49,37,2,,16,16,,2,2,0,0,0,208,208,113,113,39,3,113,209,208,2,12
1774008000,2026-03-20T12:00:00Z,,0,17,171,114,148,38,0,0,2,50,38,2,,16,16,,2,2,0,0,0,209,209,115,115,40,3,115,210,209,2,12
1774008015,2026-03-20T12:00:15Z,,0,17,172,114,149,38,0,0,2,50,38,2,,16,16,,2,2,0,0,0,210,210,115,115,40,3,115,210,209,2,12
1774008030,2026-03-20T12:00:30Z,,0,17,173,116,150,38,0,0,2,50,38,2,,16,16,,2,2,0,0,0,212,212,115,115,40,3,115,213,212,2,12
1774008045,2026-03-20T12:00:45Z,,0,17,174,116,150,38,0,0,2,51,39,2,,16,16,,2,2,0,0,0,212,212,118,118,41,3,118,213,212,2,12
1774008060,2026-03-20T12:01:00Z,,0,17,175,117,151,38,0,0,2,51,39,2,,16,16,,2,2,0,0,0,214,214,118,118,41,3,118,215,214,2,12
1774008075,2026-03-20T12:01:15Z,,0,17,176,117,155,38,0,0,2,51,39,2,,16,16,,2,2,0,0,0,216,216,118,118,41,3,118,217,216,2,12
1774008090,2026-03-20T12:01:30Z,,0,18,178,118,156,38,0,0,2,52,40,2,,16,16,,2,2,0,0,0,217,217,120,120,42,4,120,218,217,2,13
1774008105,2026-03-20T12:01:45Z,,0,18,178,118,158,38,0,0,2,52,40,2,,16,16,,2,2,0,0,0,218,218,120,120,42,3,120,219,218,2,12
1774008120,2026-03-20T12:02:00Z,,0,18,180,120,162,39,0,0,2,52,40,2,,16,16,,2,2,0,0,0,220,220,120,120,42,3,120,221,220,2,12
1774008135,2026-03-20T12:02:15Z,,0,18,180,120,162,39,0,0,2,52,40,2,,16,16,,2,2,0,0,0,220,220,120,120,42,3,120,221,220,2,12
1774008150,2026-03-20T12:02:30Z,,0,18,182,121,163,39,0,0,2,53,41,2,,16,16,,2,2,0,0,0,221,221,123,123,43,3,123,222,221,2,12
1774008165,2026-03-20T12:02:45Z,,0,18,182,121,163,39,0,0,2,53,41,2,,16,16,,2,2,0,0,0,221,221,123,123,43,3,123,222,221,2,12
1774008180,2026-03-20T12:03:00Z,,0,18,183,122,164,39,0,0,2,53,41,2,,16,16,,2,2,0,0,0,222,222,123,123,43,3,123,223,222,2,12
1774008195,2026-03-20T12:03:15Z,,0,18,183,122,164,39,0,0,2,53,41,2,,16,16,,2,2,0,0,0,222,222,123,123,43,3,123,223,222,2,12
1774008210,2026-03-20T12:03:30Z,,0,18,184,123,165,39,0,0,2,53,41,2,,16,16,,2,2,0,0,0,223,223,123,123,43,3,123,224,223,2,12
1774008225,2026-03-20T12:03:45Z,,0,18,184,123,165,39,0,0,2,53,41,2,,16,16,,2,2,0,0,0,223,223,123,123,43,3,123,224,223,2,12
1774008240,2026-03-20T12:04:00Z,,0,18,185,124,166,39,0,0,2,53,41,2,,16,16,,2,2,0,0,0,224,224,123,123,43,3,123,225,224,2,12
1774008255,2026-03-20T12:04:15Z,,0,18,185,124,166,39,0,0,2,53,41,2,,16,16,,2,2,0,0,0,225,225,123,123,43,3,123,226,225,2,12
1774008270,2026-03-20T12:04:30Z,,0,18,186,125,167,40,0,0,2,53,41,2,,16,16,,2,2,0,0,0,225,225,123,123,43,3,123,226,225,2,12
1774008285,2026-03-20T12:04:45Z,,0,18,186,125,167,40,0,0,2,53,41,2,,16,16,,2,2,0,0,0,226,226,123,123,43,3,123,227,226,2,12
1774008300,2026-03-20T12:05:00Z,,0,18,186,125,168,40,0,0,2,53,41,2,,16,16,,2,2,0,0,0,226,226,123,123,43,3,123,227,226,2,12
1774008315,2026-03-20T12:05:15Z,,0,18,188,127,169,41,0,0,2,53,41,2,,16,16,,2,2,0,0,0,229,229,123,123,43,3,123,230,229,2,12
1774008330,2026-03-20T12:05:30Z,,0,18,189,128,170,42,0,0,2,53,41,2,,16,16,,2,2,0,0,0,230,230,123,123,43,3,123,231,230,2,12
1774008345,2026-03-20T12:05:45Z,,0,18,190,129,171,42,0,0,2,53,41,2,,16,16,,2,2,0,0,0,232,232,123,123,43,3,123,233,232,2,12
1774008360,2026-03-20T12:06:00Z,,0,18,190,129,171,42,0,0,2,53,41,2,,16,16,,2,2,0,0,0,232,232,123,123,43,3,123,233,232,2,12
1774008375,2026-03-20T12:06:15Z,,0,18,191,130,172,43,0,0,2,53,41,2,,16,16,,2,2,0,0,0,233,233,123,123,43,3,123,234,233,2,12
1774008390,2026-03-20T12:06:30Z,,0,18,191,130,172,43,0,0,2,53,41,2,,16,16,,2,2,0,0,0,234,234,123,123,43,3,123,235,234,2,12
1774008405,2026-03-20T12:06:45Z,,0,18,192,131,173,44,0,0,2,53,41,2,,16,16,,2,2,0,0,0,235,235,123,123,43,3,123,236,235,2,12
1774008420,2026-03-20T12:07:00Z,,0,18,192,131,173,44,0,0,2,53,41,2,,16,16,,2,2,0,0,0,235,235,123,123,43,3,123,236,235,2,12
1774008435,2026-03-20T12:07:15Z,,0,18,193,132,174,45,0,0,2,53,41,2,,16,16,,2,2,0,0,0,236,236,123,123,43,3,123,237,236,2,12
1774008450,2026-03-20T12:07:30Z,,0,18,193,132,174,45,0,0,2,53,41,2,,16,16,,2,2,0,0,0,236,236,123,123,43,3,123,237,236,2,12
1774008465,2026-03-20T12:07:45Z,,0,18,194,133,175,45,0,0,2,53,41,2,,16,16,,2,2,0,0,0,237,237,123,123,43,3,123,238,237,2,12
1774008480,2026-03-20T12:08:00Z,,0,18,194,133,175,45,0,0,2,53,41,2,,16,16,,2,2,0,0,0,237,237,123,123,43,3,123,238,237,2,12
1774008495,2026-03-20T12:08:15Z,,0,18,195,134,179,45,0,0,2,53,41,2,,16,16,,2,2,0,0,0,239,239,123,123,43,3,123,240,239,2,12
1774008510,2026-03-20T12:08:30Z,,0,18,196,134,180,45,0,0,2,54,42,2,,16,16,,2,2,0,0,0,240,240,125,125,44,4,125,240,239,2,13
1774008525,2026-03-20T12:08:45Z,,0,18,197,135,180,45,0,0,2,54,42,2,,16,16,,2,2,0,0,0,240,240,125,125,44,4,125,241,240,2,13
1774008540,2026-03-20T12:09:00Z,,0,18,197,135,180,45,0,0,2,54,42,2,,16,16,,2,2,0,0,0,240,240,125,125,44,4,125,241,240,2,13
1774008555,2026-03-20T12:09:15Z,,0,18,198,136,181,45,0,0,2,54,42,2,,16,16,,2,2,0,0,0,241,241,125,125,44,4,125,242,241,2,13
1774008570,2026-03-20T12:09:30Z,,0,18,198,136,181,45,0,0,2,54,42,2,,16,16,,2,2,0,0,0,241,241,125,125,44,4,125,242,241,2,13
1774008585,2026-03-20T12:09:45Z,,0,18,199,137,182,45,0,0,2,54,42,2,,16,16,,2,2,0,0,0,242,242,125,125,44,4,125,243,242,2,13
1774008600,2026-03-20T12:10:00Z,,0,18,199,137,185,45,0,0,2,54,42,2,,16,16,,2,2,0,0,0,243,243,125,125,44,4,125,244,243,2,13
1774008615,2026-03-20T12:10:15Z,,0,18,200,138,187,45,0,0,2,54,42,2,,16,16,,2,2,0,0,0,244,244,125,125,44,4,125,245,244,2,13
1774008630,2026-03-20T12:10:30Z,,0,18,200,138,187,45,0,0,2,54,42,2,,16,16,,2,2,0,0,0,244,244,125,125,44,4,125,245,244,2,13
1774008645,2026-03-20T12:10:45Z,,0,18,201,139,188,46,0,0,2,54,42,2,,16,16,,2,2,0,0,0,245,245,125,125,44,4,125,246,245,2,13
1774008660,2026-03-20T12:11:00Z,,0,18,201,139,188,46,0,0,2,54,42,2,,16,16,,2,2,0,0,0,245,245,125,125,44,4,125,246,245,2,13
1774008675,2026-03-20T12:11:15Z,,0,18,202,140,189,46,0,0,2,54,42,2,,16,16,,2,2,0,0,0,246,246,125,125,44,4,125,247,246,2,13
1774008690,2026-03-20T12:11:30Z,,0,18,202,140,189,46,0,0,2,54,42,2,,16,16,,2,2,0,0,0,246,246,125,125,44,4,125,247,246,2,13
1774008705,2026-03-20T12:11:45Z,,0,18,204,141,190,46,0,0,2,55,43,2,,16,16,,2,2,0,0,0,247,247,128,128,45,3,128,248,247,2,12
1774008720,2026-03-20T12:12:00Z,,0,18,204,141,190,46,0,0,2,55,43,2,,16,16,,2,2,0,0,0,247,247,128,128,45,3,128,248,247,2,12
1774008735,2026-03-20T12:12:15Z,,0,18,205,142,191,46,0,0,2,55,43,2,,16,16,,2,2,0,0,0,248,248,128,128,45,3,128,249,248,2,12
1774008750,2026-03-20T12:12:30Z,,0,18,205,142,191,46,0,0,2,55,43,2,,16,16,,2,2,0,0,0,248,248,128,128,45,3,128,249,248,2,12
1774008765,2026-03-20T12:12:45Z,,0,18,206,143,192,46,0,0,2,55,43,2,,16,16,,2,2,0,0,0,249,249,128,128,45,3,128,250,249,2,12
1774008780,2026-03-20T12:13:00Z,,0,18,207,143,192,46,0,0,2,55,43,2,,17,17,,2,2,0,0,0,249,249,128,128,45,3,128,250,249,2,12
1774008795,2026-03-20T12:13:15Z,,0,18,208,144,193,46,0,0,2,55,43,2,,17,17,,2,2,0,0,0,250,250,128,128,45,3,128,251,250,2,12
1774008810,2026-03-20T12:13:30Z,,0,18,208,144,193,46,0,0,2,55,43,2,,17,17,,2,2,0,0,0,250,250,128,128,45,3,128,251,250,2,12
1774008825,2026-03-20T12:13:45Z,,0,18,209,145,194,47,0,0,2,55,43,2,,17,17,,2,2,0,0,0,251,251,128,128,45,3,128,252,251,2,12
1774008840,2026-03-20T12:14:00Z,,0,18,209,145,194,47,0,0,2,55,43,2,,17,17,,2,2,0,0,0,251,251,128,128,45,3,128,252,251,2,12
1774008855,2026-03-20T12:14:15Z,,0,18,210,146,195,47,0,0,2,55,43,2,,17,17,,2,2,0,0,0,252,252,128,128,45,3,128,253,252,2,12
1774008870,2026-03-20T12:14:30Z,,0,18,210,146,195,47,0,0,2,55,43,2,,17,17,,2,2,0,0,0,252,252,128,128,45,3,128,253,252,2,12
1774008885,2026-03-20T12:14:45Z,,0,18,211,147,196,47,0,0,2,55,43,2,,17,17,,2,2,0,0,0,253,253,128,128,45,3,128,253,252,2,12
1774008900,2026-03-20T12:15:00Z,,0,18,211,147,196,47,0,0,2,55,43,2,,17,17,,2,2,0,0,0,253,253,128,128,45,3,128,254,253,2,12
1774008915,2026-03-20T12:15:15Z,,0,18,212,148,197,47,0,0,2,55,43,2,,17,17,,2,2,0,0,0,255,255,128,128,45,3,128,255,254,2,12
1774008930,2026-03-20T12:15:30Z,,0,18,212,148,197,47,0,0,2,55,43,2,,17,17,,2,2,0,0,0,255,255,128,128,45,3,128,256,255,2,12
1774008945,2026-03-20T12:15:45Z,,0,18,212,148,201,47,0,0,2,55,43,2,,17,17,,2,2,0,0,0,256,256,128,128,45,3,128,257,256,2,12
1774008960,2026-03-20T12:16:00Z,,0,18,213,149,201,47,0,0,2,55,43,2,,17,17,,2,2,0,0,0,257,257,128,128,45,3,128,258,257,2,12
1774008975,2026-03-20T12:16:15Z,,0,18,213,149,201,47,0,0,2,55,43,2,,17,17,,2,2,0,0,0,257,257,128,128,45,3,128,258,257,2,12
1774008990,2026-03-20T12:16:30Z,,0,18,215,150,202,47,0,0,2,56,44,2,,17,17,,2,2,0,0,0,258,258,130,130,46,3,130,259,258,2,12
1774009005,2026-03-20T12:16:45Z,,0,18,215,150,202,47,0,0,2,56,44,2,,17,17,,2,2,0,0,0,258,258,130,130,46,3,130,259,258,2,12
1774009020,2026-03-20T12:17:00Z,,0,18,216,151,203,47,0,0,2,56,44,2,,17,17,,2,2,0,0,0,259,259,130,130,46,3,130,260,259,2,12
1774009035,2026-03-20T12:17:15Z,,0,18,216,151,203,47,0,0,2,56,44,2,,17,17,,2,2,0,0,0,259,259,130,130,46,3,130,260,259,2,12
1774009050,2026-03-20T12:17:30Z,,0,18,217,152,205,47,0,0,2,56,44,2,,17,17,,2,2,0,0,0,260,260,130,130,46,3,130,261,260,2,12
1774009065,2026-03-20T12:17:45Z,,0,18,217,152,205,47,0,0,2,56,44,2,,17,17,,2,2,0,0,0,261,261,130,130,46,3,130,262,261,2,12
1774009080,2026-03-20T12:18:00Z,,0,18,218,153,206,47,0,0,2,56,44,2,,17,17,,2,2,0,0,0,262,262,130,130,46,3,130,263,262,2,12
1774009095,2026-03-20T12:18:15Z,,0,18,218,153,206,47,0,0,2,56,44,2,,17,17,,2,2,0,0,0,262,262,130,130,46,3,130,263,262,2,12
1774009110,2026-03-20T12:18:30Z,,0,18,219,154,207,47,0,0,2,56,44,2,,17,17,,2,2,0,0,0,263,263,130,130,46,3,130,264,263,2,12
1774009125,2026-03-20T12:18:45Z,,0,18,219,154,207,47,0,0,2,56,44,2,,17,17,,2,2,0,0,0,263,263,130,130,46,3,130,264,263,2,12
1774009140,2026-03-20T12:19:00Z,,0,18,220,155,208,47,0,0,2,56,44,2,,17,17,,2,2,0,0,0,264,264,130,130,46,3,130,265,264,2,12
1774009155,2026-03-20T12:19:15Z,,0,18,220,155,208,47,0,0,2,56,44,2,,17,17,,2,2,0,0,0,264,264,130,130,46,3,130,265,264,2,12
1774009170,2026-03-20T12:19:30Z,,0,18,221,156,209,47,0,0,2,56,44,2,,17,17,,2,2,0,0,0,266,266,130,130,46,3,130,267,266,2,12
1774009185,2026-03-20T12:19:45Z,,0,18,221,156,209,47,0,0,2,56,44,2,,17,17,,2,2,0,0,0,266,266,130,130,46,3,130,267,266,2,12
1774009200,2026-03-20T12:20:00Z,,0,18,222,157,210,48,0,0,2,56,44,2,,17,17,,2,2,0,0,0,267,267,130,130,46,3,130,268,267,2,12
1774009215,2026-03-20T12:20:15Z,,0,18,222,157,210,48,0,0,2,56,44,2,,17,17,,2,2,0,0,0,267,267,130,130,46,3,130,268,267,2,12
1774009230,2026-03-20T12:20:30Z,,0,18,223,158,211,48,0,0,2,56,44,2,,17,17,,2,2,0,0,0,268,268,130,130,46,3,130,269,268,2,12
1774009245,2026-03-20T12:20:45Z,,0,18,223,158,211,48,0,0,2,56,44,2,,17,17,,2,2,0,0,0,268,268,130,130,46,3,130,269,268,2,12
1774009260,2026-03-20T12:21:00Z,,0,18,224,159,212,49,0,0,2,56,44,2,,17,17,,2,2,0,0,0,269,269,130,130,46,3,130,270,269,2,12
1774009275,2026-03-20T12:21:15Z,,0,18,224,159,212,49,0,0,2,56,44,2,,17,17,,2,2,0,0,0,269,269,130,130,46,3,130,270,269,2,12
1774009290,2026-03-20T12:21:30Z,,0,18,225,160,213,50,0,0,2,56,44,2,,17,17,,2,2,0,0,0,270,270,130,130,46,3,130,271,270,2,12
1774009305,2026-03-20T12:21:45Z,,0,18,225,160,213,50,0,0,2,56,44,2,,17,17,,2,2,0,0,0,270,270,130,130,46,3,130,271,270,2,12
1774009320,2026-03-20T12:22:00Z,,0,18,226,161,214,50,0,0,2,56,44,2,,17,17,,2,2,0,0,0,271,271,130,130,46,3,130,272,271,2,12
1774009335,2026-03-20T12:22:15Z,,0,18,226,161,214,50,0,0,2,56,44,2,,17,17,,2,2,0,0,0,271,271,130,130,46,3,130,272,271,2,12
1774009350,2026-03-20T12:22:30Z,,0,18,227,162,215,50,0,0,2,56,44,2,,17,17,,2,2,0,0,0,272,272,130,130,46,3,130,273,272,2,12
1774009365,2026-03-20T12:22:45Z,,0,18,227,162,215,50,0,0,2,56,44,2,,17,17,,2,2,0,0,0,272,272,130,130,46,3,130,273,272,2,12
1774009380,2026-03-20T12:23:00Z,,0,18,228,163,216,50,0,0,2,56,44,2,,17,17,,2,2,0,0,0,273,273,130,130,46,3,130,274,273,2,12
1774009395,2026-03-20T12:23:15Z,,0,18,228,163,216,50,0,0,2,56,44,2,,17,17,,2,2,0,0,0,273,273,130,130,46,3,130,274,273,2,12
1774009410,2026-03-20T12:23:30Z,,0,18,228,163,216,50,0,0,2,56,44,2,,17,17,,2,2,0,0,0,275,275,130,130,46,3,130,276,275,2,12
1774009425,2026-03-20T12:23:45Z,,0,18,228,163,216,50,0,0,2,56,44,2,,17,17,,2,2,0,0,0,276,276,130,130,46,3,130,277,276,2,12
1774009440,2026-03-20T12:24:00Z,,0,18,229,164,217,50,0,0,2,56,44,2,,17,17,,2,2,0,0,0,277,277,130,130,46,3,130,278,277,2,12
1774009455,2026-03-20T12:24:15Z,,0,18,230,165,218,50,0,0,2,56,44,2,,17,17,,2,2,0,0,0,278,278,130,130,46,3,130,279,278,2,12
1774009470,2026-03-20T12:24:30Z,,0,18,230,165,218,50,0,0,2,56,44,2,,17,17,,2,2,0,0,0,278,278,130,130,46,3,130,279,278,2,12
1774009485,2026-03-20T12:24:45Z,,0,18,230,165,218,50,0,0,2,56,44,2,,17,17,,2,2,0,0,0,280,280,130,130,46,3,130,280,279,2,12
1774009500,2026-03-20T12:25:00Z,,0,18,231,166,219,51,0,0,2,56,44,2,,17,17,,2,2,0,0,0,282,282,130,130,46,3,130,283,282,2,12
1774009515,2026-03-20T12:25:15Z,,0,18,231,166,219,51,0,0,2,56,44,2,,17,17,,2,2,0,0,0,282,282,130,130,46,3,130,283,282,2,12
1774009530,2026-03-20T12:25:30Z,,0,18,231,166,219,51,0,0,2,56,44,2,,17,17,,2,2,0,0,0,283,283,130,130,46,3,130,284,283,2,12
1774009545,2026-03-20T12:25:45Z,,0,18,233,168,221,51,0,0,2,56,44,2,,17,17,,2,2,0,0,0,285,285,130,130,46,3,130,286,285,2,12
1774009560,2026-03-20T12:26:00Z,,0,18,235,170,223,52,0,0,2,56,44,2,,17,17,,2,2,0,0,0,287,287,130,130,46,3,130,288,287,2,12
1774009575,2026-03-20T12:26:15Z,,0,18,235,170,223,52,0,0,2,56,44,2,,17,17,,2,2,0,0,0,287,287,130,130,46,3,130,288,287,2,12
1774009590,2026-03-20T12:26:30Z,,0,18,235,170,223,52,0,0,2,56,44,2,,17,17,,2,2,0,0,0,288,288,130,130,46,3,130,289,288,2,12
1774009605,2026-03-20T12:26:45Z,,0,18,235,170,223,52,0,0,2,56,44,2,,17,17,,2,2,0,0,0,290,290,130,130,46,3,130,291,290,2,12
1774009620,2026-03-20T12:27:00Z,,0,18,235,170,223,52,0,0,2,56,44,2,,17,17,,2,2,0,0,0,293,293,130,130,46,3,130,294,293,2,12
1774009635,2026-03-20T12:27:15Z,,0,18,235,170,223,52,0,0,2,56,44,2,,17,17,,2,2,0,0,0,293,293,130,130,46,3,130,294,293,2,12
1774009650,2026-03-20T12:27:30Z,,0,18,235,170,223,52,0,0,2,56,44,2,,17,17,,2,2,0,0,0,296,296,130,130,46,3,130,297,296,2,12
1774009665,2026-03-20T12:27:45Z,,0,18,236,171,224,52,0,0,2,56,44,2,,17,17,,2,2,0,0,0,297,297,130,130,46,3,130,298,297,2,12
1774009680,2026-03-20T12:28:00Z,,0,18,236,171,224,52,0,0,2,56,44,2,,17,17,,2,2,0,0,0,297,297,130,130,46,3,130,298,297,2,12
1774009695,2026-03-20T12:28:15Z,,0,18,238,173,226,53,0,0,2,56,44,2,,17,17,,2,2,0,0,0,300,300,130,130,46,3,130,301,300,2,12
1774009710,2026-03-20T12:28:30Z,,0,18,238,173,226,53,0,0,2,56,44,2,,17,17,,2,2,0,0,0,301,301,131,131,46,3,131,302,301,2,12
1774009725,2026-03-20T12:28:45Z,,0,18,239,174,227,53,0,0,2,56,44,2,,17,17,,2,2,0,0,0,302,302,131,131,46,3,131,303,302,2,12
1774009740,2026-03-20T12:29:00Z,,0,18,239,174,227,53,0,0,2,56,44,2,,17,17,,2,2,0,0,0,303,303,131,131,46,3,131,304,303,2,12
1774009755,2026-03-20T12:29:15Z,,0,18,240,175,228,53,0,0,2,56,44,2,,17,17,,2,2,0,0,0,305,305,131,131,46,3,131,306,305,2,12
1774009770,2026-03-20T12:29:30Z,,0,18,240,175,228,53,0,0,2,56,44,2,,17,17,,2,2,0,0,0,306,306,131,131,46,3,131,307,306,2,12
1774009785,2026-03-20T12:29:45Z,,0,18,241,175,228,53,0,0,2,56,44,2,,18,18,,2,2,0,0,0,308,308,131,131,46,3,131,309,308,2,12
1774009800,2026-03-20T12:30:00Z,,0,18,242,176,230,53,0,0,2,56,44,2,,18,18,,2,2,0,0,0,310,310,131,131,46,3,131,311,310,2,12
1774009815,2026-03-20T12:30:15Z,,0,18,242,176,230,53,0,0,2,56,44,2,,18,18,,2,2,0,0,0,311,311,131,131,46,3,131,312,311,2,12
1774009830,2026-03-20T12:30:30Z,,0,18,242,176,230,53,0,0,2,56,44,2,,18,18,,2,2,0,0,0,313,313,131,131,46,3,131,313,312,2,12
1774009845,2026-03-20T12:30:45Z,,0,18,242,176,230,53,0,0,2,56,44,2,,18,18,,2,2,0,0,0,315,315,131,131,46,3,131,316,315,2,12
1774009860,2026-03-20T12:31:00Z,,0,18,242,176,230,53,0,0,2,56,44,2,,18,18,,2,2,0,0,0,317,317,131,131,46,3,131,318,317,2,12
1774009875,2026-03-20T12:31:15Z,,0,18,242,176,230,53,0,0,2,56,44,2,,18,18,,2,2,0,0,0,317,317,131,131,46,3,131,318,317,2,12
1774009890,2026-03-20T12:31:30Z,,0,18,242,176,230,53,0,0,2,56,44,2,,18,18,,2,2,0,0,0,319,319,131,131,46,3,131,320,319,2,12
1774009905,2026-03-20T12:31:45Z,,0,18,242,176,230,53,0,0,2,56,44,2,,18,18,,2,2,0,0,0,319,319,131,131,46,3,131,320,319,2,12
1774009920,2026-03-20T12:32:00Z,,0,18,242,176,230,53,0,0,2,56,44,2,,18,18,,2,2,0,0,0,319,319,131,131,46,3,131,320,319,2,12
1774009935,2026-03-20T12:32:15Z,,0,18,242,176,230,53,0,0,2,56,44,2,,18,18,,2,2,0,0,0,319,319,131,131,46,3,131,320,319,2,12
1774009950,2026-03-20T12:32:30Z,,0,18,242,176,230,53,0,0,2,56,44,2,,18,18,,2,2,0,0,0,319,319,131,131,46,3,131,320,319,2,12
1774009965,2026-03-20T12:32:45Z,,0,18,242,176,230,53,0,0,2,56,44,2,,18,18,,2,2,0,0,0,319,319,131,131,46,3,131,320,319,2,12
1774009980,2026-03-20T12:33:00Z,,0,18,242,176,230,53,0,0,2,56,44,2,,18,18,,2,2,0,0,0,319,319,131,131,46,3,131,320,319,2,12
1774009995,2026-03-20T12:33:15Z,,0,18,242,176,230,53,0,0,2,56,44,2,,18,18,,2,2,0,0,0,319,319,131,131,46,3,131,320,319,2,12
1774010010,2026-03-20T12:33:30Z,,0,18,242,176,230,53,0,0,2,56,44,2,,18,18,,2,2,0,0,0,319,319,131,131,46,3,131,320,319,2,12
1774010025,2026-03-20T12:33:45Z,,0,18,242,176,230,53,0,0,2,56,44,2,,18,18,,2,2,0,0,0,319,319,131,131,46,3,131,320,319,2,12
1774010040,2026-03-20T12:34:00Z,,0,18,242,176,230,53,0,0,2,56,44,2,,18,18,,2,2,0,0,0,319,319,131,131,46,3,131,320,319,2,12
1774010055,2026-03-20T12:34:15Z,,0,18,242,176,230,53,0,0,2,56,44,2,,18,18,,2,2,0,0,0,319,319,131,131,46,3,131,320,319,2,12
1774010070,2026-03-20T12:34:30Z,,0,19,244,176,230,53,0,0,2,57,45,2,,19,19,,2,2,0,0,0,320,320,134,134,47,3,134,320,319,2,12
1774010085,2026-03-20T12:34:45Z,,0,19,244,176,230,53,0,0,2,57,45,2,,19,19,,2,2,0,0,0,322,322,134,134,47,3,134,323,322,2,12
1774010100,2026-03-20T12:35:00Z,,0,19,244,176,230,53,0,0,2,57,45,2,,19,19,,2,2,0,0,0,325,325,134,134,47,3,134,326,325,2,12
1774010115,2026-03-20T12:35:15Z,,0,19,244,176,230,53,0,0,2,57,45,2,,19,19,,2,2,0,0,0,325,325,134,134,47,3,134,326,325,2,12
1774010130,2026-03-20T12:35:30Z,,0,19,244,176,230,53,0,0,2,57,45,2,,19,19,,2,2,0,0,0,328,328,134,134,47,3,134,329,328,2,12
1774010145,2026-03-20T12:35:45Z,,0,19,244,176,230,53,0,0,2,57,45,2,,19,19,,2,2,0,0,0,329,329,134,134,47,3,134,330,329,2,12
1774010160,2026-03-20T12:36:00Z,,0,19,244,176,230,53,0,0,2,57,45,2,,19,19,,2,2,0,0,0,329,329,134,134,47,3,134,330,329,2,12
1774010175,2026-03-20T12:36:15Z,,0,19,244,176,230,53,0,0,2,57,45,2,,19,19,,2,2,0,0,0,330,330,134,134,47,3,134,331,330,2,12
1774010190,2026-03-20T12:36:30Z,,0,19,244,176,230,53,0,0,2,57,45,2,,19,19,,2,2,0,0,0,330,330,134,134,47,3,134,331,330,2,12
1774010205,2026-03-20T12:36:45Z,,0,19,246,176,230,53,0,0,2,58,46,2,,20,20,,2,2,0,0,0,330,330,137,137,48,3,137,331,330,2,12
1774010220,2026-03-20T12:37:00Z,,0,19,246,176,230,53,0,0,2,58,46,2,,20,20,,2,2,0,0,0,331,331,137,137,48,3,137,332,331,2,12
1774010235,2026-03-20T12:37:15Z,,0,19,247,177,231,54,0,0,2,58,46,2,,20,20,,2,2,0,0,0,333,333,137,137,48,3,137,334,333,2,12
1774010250,2026-03-20T12:37:30Z,,0,19,248,178,232,54,0,0,2,58,46,2,,20,20,,2,2,0,0,0,334,334,137,137,48,3,137,335,334,2,12
1774010265,2026-03-20T12:37:45Z,,0,19,248,178,232,54,0,0,2,58,46,2,,20,20,,2,2,0,0,0,336,336,137,137,48,3,137,337,336,2,12
1774010280,2026-03-20T12:38:00Z,,0,19,248,178,232,54,0,0,2,58,46,2,,20,20,,2,2,0,0,0,336,336,137,137,48,3,137,337,336,2,12
1774010295,2026-03-20T12:38:15Z,,0,19,249,179,233,54,0,0,2,58,46,2,,20,20,,2,2,0,0,0,337,337,137,137,48,3,137,338,337,2,12
1774010310,2026-03-20T12:38:30Z,,0,19,249,179,233,54,0,0,2,58,46,2,,20,20,,2,2,0,0,0,338,338,137,137,48,3,137,339,337,2,12
1774010325,2026-03-20T12:38:45Z,,0,19,249,179,233,54,0,0,2,58,46,2,,20,20,,2,2,0,0,0,339,339,137,137,48,3,137,340,339,2,12
1774010340,2026-03-20T12:39:00Z,,0,19,249,179,233,54,0,0,2,58,46,2,,20,20,,2,2,0,0,0,339,339,137,137,48,3,137,340,339,2,12
1774010355,2026-03-20T12:39:15Z,,0,19,249,179,233,54,0,0,2,58,46,2,,20,20,,2,2,0,0,0,340,340,137,137,48,3,137,341,340,2,12
1774010370,2026-03-20T12:39:30Z,,0,19,249,179,233,54,0,0,2,58,46,2,,20,20,,2,2,0,0,0,340,340,137,137,48,3,137,341,340,2,12
1774010385,2026-03-20T12:39:45Z,,0,19,249,179,233,54,0,0,2,58,46,2,,20,20,,2,2,0,0,0,340,340,137,137,48,3,137,341,340,2,12
1774010400,2026-03-20T12:40:00Z,,0,19,249,179,233,54,0,0,2,58,46,2,,20,20,,2,2,0,0,0,340,340,137,137,48,3,137,341,340,2,12
1774010415,2026-03-20T12:40:15Z,,0,19,249,179,233,54,0,0,2,58,46,2,,20,20,,2,2,0,0,0,340,340,137,137,48,3,137,341,340,2,12
1774010430,2026-03-20T12:40:30Z,,0,19,250,179,233,54,0,0,2,59,47,2,,20,20,,2,2,0,0,0,340,340,139,139,49,4,139,341,340,2,13
1774010445,2026-03-20T12:40:45Z,,0,19,250,179,233,54,0,0,2,59,47,2,,20,20,,2,2,0,0,0,340,340,139,139,49,4,139,341,340,2,13
1774010460,2026-03-20T12:41:00Z,,0,19,250,179,233,54,0,0,2,59,47,2,,20,20,,2,2,0,0,0,340,340,139,139,49,4,139,341,340,2,13
1774010475,2026-03-20T12:41:15Z,,0,19,250,179,233,54,0,0,2,59,47,2,,20,20,,2,2,0,0,0,340,340,139,139,49,4,139,341,340,2,13
1774010490,2026-03-20T12:41:30Z,,0,19,250,179,233,54,0,0,2,59,47,2,,20,20,,2,2,0,0,0,340,340,139,139,49,4,139,341,340,2,13
1774010505,2026-03-20T12:41:45Z,,0,19,250,179,233,54,0,0,2,59,47,2,,20,20,,2,2,0,0,0,340,340,139,139,49,4,139,341,340,2,13
1774010520,2026-03-20T12:42:00Z,,0,19,250,179,233,54,0,0,2,59,47,2,,20,20,,2,2,0,0,0,340,340,139,139,49,4,139,341,340,2,13
1774010535,2026-03-20T12:42:15Z,,0,19,250,179,233,54,0,0,2,59,47,2,,20,20,,2,2,0,0,0,340,340,139,139,49,4,139,341,340,2,13
1774010550,2026-03-20T12:42:30Z,,0,19,250,179,233,54,0,0,2,59,47,2,,20,20,,2,2,0,0,0,340,340,139,139,49,4,139,341,340,2,13
1774010565,2026-03-20T12:42:45Z,,0,19,250,179,233,54,0,0,2,59,47,2,,20,20,,2,2,0,0,0,340,340,139,139,49,4,139,341,340,2,13
1774010580,2026-03-20T12:43:00Z,,0,19,250,179,233,54,0,0,2,59,47,2,,20,20,,2,2,0,0,0,340,340,139,139,49,4,139,341,340,2,13
1774010595,2026-03-20T12:43:15Z,,0,19,250,179,233,54,0,0,2,59,47,2,,20,20,,2,2,0,0,0,340,340,139,139,49,4,139,341,340,2,13
1774010610,2026-03-20T12:43:30Z,,0,19,250,179,233,54,0,0,2,59,47,2,,20,20,,2,2,0,0,0,340,340,139,139,49,4,139,341,340,2,13
1774010625,2026-03-20T12:43:45Z,,0,19,250,179,233,54,0,0,2,59,47,2,,20,20,,2,2,0,0,0,340,340,139,139,49,4,139,341,340,2,13
1774010640,2026-03-20T12:44:00Z,,0,19,250,179,233,54,0,0,2,59,47,2,,20,20,,2,2,0,0,0,340,340,139,139,49,4,139,341,340,2,13
1774010655,2026-03-20T12:44:15Z,,0,19,250,179,233,54,0,0,2,59,47,2,,20,20,,2,2,0,0,0,340,340,139,139,49,4,139,341,340,2,13
1774010670,2026-03-20T12:44:30Z,,0,19,250,179,233,54,0,0,2,59,47,2,,20,20,,2,2,0,0,0,340,340,139,139,49,4,139,341,340,2,13
1774010685,2026-03-20T12:44:45Z,,0,19,250,179,233,54,0,0,2,59,47,2,,20,20,,2,2,0,0,0,340,340,139,139,49,4,139,341,340,2,13
1774010700,2026-03-20T12:45:00Z,,0,19,250,179,233,54,0,0,2,59,47,2,,20,20,,2,2,0,0,0,341,341,139,139,49,4,139,342,341,2,13
1774010715,2026-03-20T12:45:15Z,,0,19,250,179,233,54,0,0,2,59,47,2,,20,20,,2,2,0,0,0,341,341,139,139,49,4,139,342,341,2,13
1774010730,2026-03-20T12:45:30Z,,0,19,250,179,233,54,0,0,2,59,47,2,,20,20,,2,2,0,0,0,341,341,139,139,49,4,139,342,341,2,13
1774010745,2026-03-20T12:45:45Z,,0,19,250,179,233,54,0,0,2,59,47,2,,20,20,,2,2,0,0,0,341,341,139,139,49,4,139,342,341,2,13
1774010760,2026-03-20T12:46:00Z,,0,19,250,179,233,54,0,0,2,59,47,2,,20,20,,2,2,0,0,0,341,341,139,139,49,4,139,342,341,2,13
1774010775,2026-03-20T12:46:15Z,,0,19,250,179,233,54,0,0,2,59,47,2,,20,20,,2,2,0,0,0,341,341,139,139,49,4,139,342,341,2,13
1774010790,2026-03-20T12:46:30Z,,0,19,250,179,233,54,0,0,2,59,47,2,,20,20,,2,2,0,0,0,341,341,139,139,49,4,139,342,341,2,13
1774010805,2026-03-20T12:46:45Z,,0,19,250,179,233,54,0,0,2,59,47,2,,20,20,,2,2,0,0,0,341,341,139,139,49,4,139,342,341,2,13
1774010820,2026-03-20T12:47:00Z,,0,19,250,179,233,54,0,0,2,59,47,2,,20,20,,2,2,0,0,0,341,341,139,139,49,4,139,342,341,2,13
1774010835,2026-03-20T12:47:15Z,,0,19,250,179,233,54,0,0,2,59,47,2,,20,20,,2,2,0,0,0,341,341,139,139,49,4,139,342,341,2,13
1774010850,2026-03-20T12:47:30Z,,0,19,250,179,233,54,0,0,2,59,47,2,,20,20,,2,2,0,0,0,341,341,139,139,49,4,139,342,341,2,13
1774010865,2026-03-20T12:47:45Z,,0,19,250,179,233,54,0,0,2,59,47,2,,20,20,,2,2,0,0,0,341,341,139,139,49,4,139,342,341,2,13
1774010880,2026-03-20T12:48:00Z,,0,19,250,179,233,54,0,0,2,59,47,2,,20,20,,2,2,0,0,0,341,341,139,139,49,4,139,342,341,2,13
1774010895,2026-03-20T12:48:15Z,,0,19,250,179,233,54,0,0,2,59,47,2,,20,20,,2,2,0,0,0,341,341,139,139,49,4,139,342,341,2,13
1774010910,2026-03-20T12:48:30Z,,0,19,250,179,233,54,0,0,2,59,47,2,,20,20,,2,2,0,0,0,341,341,139,139,49,4,139,342,341,2,13
1774010925,2026-03-20T12:48:45Z,,0,19,250,179,233,54,0,0,2,59,47,2,,20,20,,2,2,0,0,0,341,341,139,139,49,4,139,342,341,2,13
1774010940,2026-03-20T12:49:00Z,,0,19,250,179,233,54,0,0,2,59,47,2,,20,20,,2,2,0,0,0,341,341,139,139,49,4,139,342,341,2,13
1774010955,2026-03-20T12:49:15Z,,0,19,250,179,233,54,0,0,2,59,47,2,,20,20,,2,2,0,0,0,341,341,139,139,49,4,139,342,341,2,13
1774010970,2026-03-20T12:49:30Z,,0,19,250,179,233,54,0,0,2,59,47,2,,20,20,,2,2,0,0,0,341,341,139,139,49,4,139,342,341,2,13
1774010985,2026-03-20T12:49:45Z,,0,19,250,179,233,54,0,0,2,59,47,2,,20,20,,2,2,0,0,0,341,341,139,139,49,4,139,342,341,2,13
1774011000,2026-03-20T12:50:00Z,,0,19,250,179,233,54,0,0,2,59,47,2,,20,20,,2,2,0,0,0,342,342,139,139,49,4,139,343,342,2,13
1774011015,2026-03-20T12:50:15Z,,0,19,250,179,233,54,0,0,2,59,47,2,,20,20,,2,2,0,0,0,342,342,139,139,49,4,139,343,342,2,13
1774011030,2026-03-20T12:50:30Z,,0,19,250,179,233,54,0,0,2,59,47,2,,20,20,,2,2,0,0,0,342,342,139,139,49,4,139,343,342,2,13
1774011045,2026-03-20T12:50:45Z,,0,19,250,179,233,54,0,0,2,59,47,2,,20,20,,2,2,0,0,0,342,342,139,139,49,4,139,343,342,2,13
1774011060,2026-03-20T12:51:00Z,,0,19,250,179,233,54,0,0,2,59,47,2,,20,20,,2,2,0,0,0,342,342,139,139,49,4,139,343,342,2,13
1774011075,2026-03-20T12:51:15Z,,0,19,250,179,233,54,0,0,2,59,47,2,,20,20,,2,2,0,0,0,342,342,139,139,49,4,139,343,342,2,13
1774011090,2026-03-20T12:51:30Z,,0,19,250,179,233,54,0,0,2,59,47,2,,20,20,,2,2,0,0,0,342,342,139,139,49,4,139,343,342,2,13
1774011105,2026-03-20T12:51:45Z,,0,19,250,179,233,54,0,0,2,59,47,2,,20,20,,2,2,0,0,0,342,342,139,139,49,4,139,343,342,2,13
1774011120,2026-03-20T12:52:00Z,,0,19,250,179,233,54,0,0,2,59,47,2,,20,20,,2,2,0,0,0,342,342,139,139,49,4,139,343,342,2,13
1774011135,2026-03-20T12:52:15Z,,0,20,250,179,233,54,0,0,2,60,47,1,,20,20,,2,2,0,0,0,342,342,139,139,49,2,139,343,342,1,11
1774011150,2026-03-20T12:52:30Z,,0,20,250,179,233,54,0,0,2,60,47,1,,20,20,,2,2,0,0,0,342,342,139,139,49,2,139,343,342,1,11
1774011165,2026-03-20T12:52:45Z,,0,20,250,179,233,54,0,0,2,60,47,1,,20,20,,2,2,0,0,0,342,342,139,139,49,2,139,343,342,1,11
1774011180,2026-03-20T12:53:00Z,,0,20,250,179,233,54,0,0,2,60,47,1,,20,20,,2,2,0,0,0,342,342,139,139,49,2,139,343,342,1,11
1774011195,2026-03-20T12:53:15Z,,0,21,251,179,233,54,0,0,2,60,48,2,,20,20,,2,2,0,0,0,342,342,142,142,50,4,142,343,342,2,12
1774011210,2026-03-20T12:53:30Z,,0,21,251,179,233,54,0,0,2,60,48,2,,20,20,,2,2,0,0,0,342,342,142,142,50,4,142,343,342,2,12
1774011225,2026-03-20T12:53:45Z,,0,21,251,179,233,54,0,0,2,60,48,2,,20,20,,2,2,0,0,0,342,342,142,142,50,4,142,343,342,2,12
1774011240,2026-03-20T12:54:00Z,,0,21,251,179,233,54,0,0,2,60,48,2,,20,20,,2,2,0,0,0,342,342,142,142,50,4,142,343,342,2,12
1774011255,2026-03-20T12:54:15Z,,0,21,251,179,233,54,0,0,2,60,48,2,,20,20,,2,2,0,0,0,342,342,142,142,50,4,142,343,342,2,12
1774011270,2026-03-20T12:54:30Z,,0,21,251,179,233,54,0,0,2,60,48,2,,20,20,,2,2,0,0,0,343,343,142,142,50,4,142,344,343,2,12
1774011285,2026-03-20T12:54:45Z,,0,21,251,179,233,54,0,0,2,60,48,2,,20,20,,2,2,0,0,0,343,343,142,142,50,4,142,344,343,2,12
1774011300,2026-03-20T12:55:00Z,,0,21,252,179,233,54,0,0,2,61,49,2,,20,20,,2,2,0,0,0,344,344,144,144,51,4,144,345,344,2,13
1774011315,2026-03-20T12:55:15Z,,0,21,252,179,233,54,0,0,2,61,49,2,,20,20,,2,2,0,0,0,344,344,144,144,51,4,144,345,344,2,13
1774011330,2026-03-20T12:55:30Z,,0,21,252,179,233,54,0,0,2,61,49,2,,20,20,,2,2,0,0,0,344,344,144,144,51,4,144,345,344,2,13
1774011345,2026-03-20T12:55:45Z,,0,21,252,179,233,54,0,0,2,61,49,2,,20,20,,2,2,0,0,0,344,344,144,144,51,4,144,345,344,2,13
1774011360,2026-03-20T12:56:00Z,,0,21,252,179,233,54,0,0,2,61,49,2,,20,20,,2,2,0,0,0,344,344,144,144,51,4,144,345,344,2,13
1774011375,2026-03-20T12:56:15Z,,0,21,252,179,233,54,0,0,2,61,49,2,,20,20,,2,2,0,0,0,344,344,144,144,51,4,144,345,344,2,13
1774011390,2026-03-20T12:56:30Z,,0,21,252,179,233,54,0,0,2,61,49,2,,20,20,,2,2,0,0,0,345,345,144,144,51,4,144,346,345,2,13
1774011405,2026-03-20T12:56:45Z,,0,21,252,179,233,54,0,0,2,61,49,2,,20,20,,2,2,0,0,0,345,345,144,144,51,4,144,346,345,2,13
1774011420,2026-03-20T12:57:00Z,,0,21,253,179,233,54,0,0,2,62,50,2,,20,20,,2,2,0,0,0,345,345,147,147,52,3,147,346,345,2,12
1774011435,2026-03-20T12:57:15Z,,0,22,255,180,234,54,0,0,2,63,51,2,,20,20,,2,2,0,0,0,346,346,149,149,53,3,149,346,345,2,12
1774011450,2026-03-20T12:57:30Z,,0,22,256,181,235,54,0,0,2,63,51,2,,20,20,,2,2,0,0,0,348,348,149,149,53,2,149,348,347,2,12
1774011465,2026-03-20T12:57:45Z,,0,22,257,182,236,55,0,0,2,63,51,2,,20,20,,2,2,0,0,0,351,351,149,149,53,2,149,352,351,2,12
1774011480,2026-03-20T12:58:00Z,,0,22,260,183,237,56,0,0,2,64,52,2,,21,21,,2,2,0,0,0,354,354,151,151,54,3,151,355,354,2,13
1774011495,2026-03-20T12:58:15Z,,0,22,261,183,237,56,0,0,2,65,53,2,,21,21,,2,2,0,0,0,356,356,152,152,54,3,151,357,356,1,12
1774011510,2026-03-20T12:58:30Z,,0,22,261,183,237,56,0,0,2,65,53,2,,21,21,,2,2,0,0,0,360,360,153,153,55,4,153,361,360,2,14
1774011525,2026-03-20T12:58:45Z,,0,22,261,183,238,56,0,0,2,65,53,2,,21,21,,2,2,0,0,0,363,363,153,153,55,4,153,364,363,2,14
1774011540,2026-03-20T12:59:00Z,,0,22,263,185,239,56,0,0,2,65,53,2,,21,21,,2,2,0,0,0,368,368,153,153,55,4,153,368,367,2,14
1774011555,2026-03-20T12:59:15Z,,0,22,263,185,239,56,0,0,2,65,53,2,,21,21,,2,2,0,0,0,370,370,153,153,55,4,153,371,370,2,14
1774011570,2026-03-20T12:59:30Z,,0,22,264,186,240,56,0,0,2,65,53,2,,21,21,,2,2,0,0,0,372,372,153,153,55,4,153,373,372,2,14
1774011585,2026-03-20T12:59:45Z,,0,22,265,187,241,56,0,0,2,65,53,2,,21,21,,2,2,0,0,0,372,372,153,153,55,4,153,373,372,2,14
1774011600,2026-03-20T13:00:00Z,,0,22,265,187,241,56,0,0,2,65,53,2,,21,21,,2,2,0,0,0,374,374,153,153,55,4,153,375,374,2,14
1774011615,2026-03-20T13:00:15Z,,0,22,266,188,243,57,0,0,2,65,53,2,,21,21,,2,2,0,0,0,375,375,153,153,55,4,153,376,375,2,14
1774011630,2026-03-20T13:00:30Z,,0,22,266,188,243,57,0,0,2,65,53,2,,21,21,,2,2,0,0,0,377,377,153,153,55,4,153,377,376,2,14
1774011645,2026-03-20T13:00:45Z,,0,22,267,189,244,58,0,0,2,65,53,2,,21,21,,2,2,0,0,0,378,378,153,153,55,4,153,379,378,2,14
1774011660,2026-03-20T13:01:00Z,,0,22,268,189,244,58,0,0,2,65,53,2,,22,22,,2,2,0,0,0,379,379,153,153,55,4,153,380,379,2,14
1774011675,2026-03-20T13:01:15Z,,0,22,268,189,247,58,0,0,2,65,53,2,,22,22,,2,2,0,0,0,381,381,153,153,55,4,153,382,381,2,14
1774011690,2026-03-20T13:01:30Z,,0,22,268,189,247,58,0,0,2,65,53,2,,22,22,,2,2,0,0,0,381,381,153,153,55,4,153,382,381,2,14
1774011705,2026-03-20T13:01:45Z,,0,22,268,189,247,58,0,0,2,65,53,2,,22,22,,2,2,0,0,0,381,381,153,153,55,4,153,382,381,2,14
1774011720,2026-03-20T13:02:00Z,,0,23,269,189,247,58,0,0,2,67,54,1,,22,22,,2,2,0,0,0,381,381,156,156,56,3,156,382,381,2,13
1774011735,2026-03-20T13:02:15Z,,0,23,270,189,247,58,0,0,2,67,55,2,,22,22,,2,2,0,0,0,383,383,158,158,57,3,158,384,383,2,13
1774011750,2026-03-20T13:02:30Z,,0,23,271,189,247,58,0,0,2,68,56,2,,22,22,,2,2,0,0,0,383,383,160,160,58,4,160,384,383,2,14
1774011765,2026-03-20T13:02:45Z,,0,23,272,189,250,58,0,0,2,69,57,2,,22,22,,2,2,0,0,0,384,384,163,163,59,3,163,385,384,2,13
1774011780,2026-03-20T13:03:00Z,,0,24,273,189,250,58,0,0,2,70,58,2,,22,22,,2,2,0,0,0,384,384,165,165,60,3,165,385,384,2,13
1774011795,2026-03-20T13:03:15Z,,0,24,275,189,250,58,0,0,2,71,59,2,,23,23,,2,2,0,0,0,385,385,167,167,61,3,167,386,385,2,13
1774011810,2026-03-20T13:03:30Z,,0,24,277,190,251,58,0,0,2,72,60,1,,23,23,,2,2,0,0,0,386,386,170,170,62,3,170,387,386,2,13
1774011825,2026-03-20T13:03:45Z,,0,24,279,191,252,59,0,0,2,73,61,2,,23,23,,2,2,0,0,0,387,387,172,172,63,4,172,388,387,2,14
1774011840,2026-03-20T13:04:00Z,,0,24,280,192,253,59,0,0,2,73,61,2,,23,23,,2,2,0,0,0,388,388,172,172,63,4,172,389,388,2,14
1774011855,2026-03-20T13:04:15Z,,0,24,280,192,253,59,0,0,2,73,61,2,,23,23,,2,2,0,0,0,388,388,172,172,63,4,172,389,388,2,14
1774011870,2026-03-20T13:04:30Z,,0,24,283,193,254,59,0,0,2,73,61,2,,25,25,,2,2,0,0,0,390,390,172,172,63,4,172,391,390,2,14
1774011885,2026-03-20T13:04:45Z,,0,24,283,193,254,59,0,0,2,73,61,2,,25,25,,2,2,0,0,0,390,390,172,172,63,3,172,391,390,2,14
1774011900,2026-03-20T13:05:00Z,,0,24,284,193,254,59,0,0,2,74,62,2,,25,25,,2,2,0,0,0,390,390,172,172,63,2,172,391,390,2,14
1774011915,2026-03-20T13:05:15Z,,0,24,284,193,254,59,0,0,2,74,62,2,,25,25,,2,2,0,0,0,390,390,174,174,64,3,174,391,390,2,15
1774011930,2026-03-20T13:05:30Z,,0,24,284,193,254,59,0,0,2,74,62,2,,25,25,,2,2,0,0,0,390,390,174,174,64,3,174,391,390,2,15
1774011945,2026-03-20T13:05:45Z,,0,24,284,193,254,59,0,0,2,74,62,2,,25,25,,2,2,0,0,0,391,391,174,174,64,3,174,392,391,2,15
1774011960,2026-03-20T13:06:00Z,,0,24,284,193,254,59,0,0,2,74,62,2,,25,25,,2,2,0,0,0,391,391,174,174,64,3,174,392,391,2,15
1774011975,2026-03-20T13:06:15Z,,0,24,284,193,254,59,0,0,2,74,62,2,,25,25,,2,2,0,0,0,391,391,174,174,64,3,174,392,391,2,15
1774011990,2026-03-20T13:06:30Z,,0,24,286,193,254,59,0,0,2,76,64,2,,25,25,,2,2,0,0,0,391,391,176,176,65,4,175,392,391,2,15
1774012005,2026-03-20T13:06:45Z,,0,24,286,193,254,59,0,0,2,76,64,2,,25,25,,2,2,0,0,0,391,391,177,177,66,3,177,392,391,2,15
1774012020,2026-03-20T13:07:00Z,,0,24,288,194,255,60,0,0,2,77,65,2,,25,25,,2,2,0,0,0,391,391,180,180,67,3,180,392,391,2,15
1774012035,2026-03-20T13:07:15Z,,0,24,288,194,255,60,0,0,2,77,65,2,,25,25,,2,2,0,0,0,392,392,180,180,67,3,180,393,392,2,15
1774012050,2026-03-20T13:07:30Z,,0,24,290,194,255,60,0,0,2,79,67,2,,25,25,,2,2,0,0,0,392,392,183,183,68,3,183,393,392,1,15
1774012065,2026-03-20T13:07:45Z,,0,24,290,194,256,61,0,0,2,79,67,2,,25,25,,2,2,0,0,0,392,392,185,185,69,3,185,393,392,2,15
1774012080,2026-03-20T13:08:00Z,,0,24,292,195,256,61,0,0,2,80,68,2,,25,25,,2,2,0,0,0,394,394,187,187,70,3,187,394,393,2,16
1774012095,2026-03-20T13:08:15Z,,0,24,293,195,256,61,0,0,2,81,69,2,,25,25,,2,2,0,0,0,394,394,188,188,70,3,188,395,394,1,15
1774012110,2026-03-20T13:08:30Z,,0,24,294,196,257,61,0,0,2,81,69,2,,25,25,,2,2,0,0,0,395,395,191,191,71,4,191,396,395,2,16
1774012125,2026-03-20T13:08:45Z,,0,24,294,196,257,61,0,0,2,81,69,2,,25,25,,2,2,0,0,0,398,398,191,191,71,4,191,399,398,2,16
1774012140,2026-03-20T13:09:00Z,,0,24,296,198,261,62,0,0,2,81,69,2,,25,25,,2,2,0,0,0,401,401,191,191,71,4,191,400,399,2,16
1774012155,2026-03-20T13:09:15Z,,0,24,297,199,262,62,0,0,2,81,69,2,,25,25,,2,2,0,0,0,401,401,191,191,71,4,191,402,401,2,16
1774012170,2026-03-20T13:09:30Z,,0,24,297,199,262,62,0,0,2,81,69,2,,25,25,,2,2,0,0,0,402,402,191,191,71,4,191,403,402,2,16
1774012185,2026-03-20T13:09:45Z,,0,24,297,199,262,62,0,0,2,81,69,2,,25,25,,2,2,0,0,0,402,402,191,191,71,4,191,403,402,2,16
1774012200,2026-03-20T13:10:00Z,,0,24,298,200,263,63,0,0,2,81,69,2,,25,25,,2,2,0,0,0,404,404,191,191,71,4,191,405,404,2,16
1774012215,2026-03-20T13:10:15Z,,0,24,299,201,265,63,0,0,2,81,69,2,,25,25,,2,2,0,0,0,405,405,191,191,71,4,191,406,405,2,16
1774012230,2026-03-20T13:10:30Z,,0,24,301,203,266,64,0,0,2,81,69,2,,25,25,,2,2,0,0,0,407,407,191,191,71,4,191,407,406,2,16
1774012245,2026-03-20T13:10:45Z,,0,24,301,203,266,64,0,0,2,81,69,2,,25,25,,2,2,0,0,0,410,410,191,191,71,4,191,411,410,2,16
1774012260,2026-03-20T13:11:00Z,,0,24,301,203,266,64,0,0,2,81,69,2,,25,25,,2,2,0,0,0,412,412,191,191,71,4,191,413,412,2,16
1774012275,2026-03-20T13:11:15Z,,0,24,301,203,266,64,0,0,2,81,69,2,,25,25,,2,2,0,0,0,412,412,191,191,71,4,191,413,412,2,16
1774012290,2026-03-20T13:11:30Z,,0,24,302,204,267,64,0,0,2,81,69,2,,25,25,,2,2,0,0,0,413,413,191,191,71,4,191,414,413,2,16
1774012305,2026-03-20T13:11:45Z,,0,24,302,204,267,64,0,0,2,81,69,2,,25,25,,2,2,0,0,0,413,413,191,191,71,4,191,414,413,2,16
1774012320,2026-03-20T13:12:00Z,,0,24,303,205,269,64,0,0,2,81,69,2,,25,25,,2,2,0,0,0,414,414,191,191,71,4,191,415,414,2,16
1774012335,2026-03-20T13:12:15Z,,0,24,303,205,269,64,0,0,2,81,69,2,,25,25,,2,2,0,0,0,416,416,191,191,71,4,191,417,416,2,16
1774012350,2026-03-20T13:12:30Z,,0,24,304,206,270,64,0,0,2,81,69,2,,25,25,,2,2,0,0,0,417,417,191,191,71,4,191,418,417,2,16
1774012365,2026-03-20T13:12:45Z,,0,24,304,206,270,64,0,0,2,81,69,2,,25,25,,2,2,0,0,0,418,418,191,191,71,4,191,419,418,2,16
1774012380,2026-03-20T13:13:00Z,,0,24,304,206,270,64,0,0,2,81,69,2,,25,25,,2,2,0,0,0,419,419,191,191,71,4,191,420,419,2,16
1774012395,2026-03-20T13:13:15Z,,0,24,304,206,270,64,0,0,2,81,69,2,,25,25,,2,2,0,0,0,419,419,191,191,71,4,191,420,419,2,16
1774012410,2026-03-20T13:13:30Z,,0,24,304,206,270,64,0,0,2,81,69,2,,25,25,,2,2,0,0,0,419,419,191,191,71,4,191,420,419,2,16
1774012425,2026-03-20T13:13:45Z,,0,24,304,206,270,64,0,0,2,81,69,2,,25,25,,2,2,0,0,0,420,420,191,191,71,4,191,421,420,2,16
1774012440,2026-03-20T13:14:00Z,,0,24,305,207,271,64,0,0,2,81,69,2,,25,25,,2,2,0,0,0,421,421,191,191,71,4,191,422,421,2,16
1774012455,2026-03-20T13:14:15Z,,0,24,305,207,274,64,0,0,2,81,69,2,,25,25,,2,2,0,0,0,423,423,191,191,71,4,191,424,423,2,16
1774012470,2026-03-20T13:14:30Z,,0,24,305,207,277,64,0,0,2,81,69,2,,25,25,,2,2,0,0,0,424,424,191,191,71,4,191,425,424,2,16
1774012485,2026-03-20T13:14:45Z,,0,24,306,207,277,64,0,0,2,82,70,2,,25,25,,2,2,0,0,0,424,424,193,193,72,4,191,425,424,2,16
1774012500,2026-03-20T13:15:00Z,,0,24,306,207,277,64,0,0,2,82,70,2,,25,25,,2,2,0,0,0,425,425,194,194,72,3,194,426,425,2,15
1774012515,2026-03-20T13:15:15Z,,0,24,306,207,277,64,0,0,2,82,70,2,,25,25,,2,2,0,0,0,425,425,194,194,72,3,194,426,425,2,15
1774012530,2026-03-20T13:15:30Z,,0,25,307,207,277,64,0,0,2,83,71,2,,25,25,,2,2,0,0,0,425,425,196,196,73,3,196,426,425,2,15
1774012545,2026-03-20T13:15:45Z,,0,25,307,207,277,64,0,0,2,83,71,2,,25,25,,2,2,0,0,0,425,425,196,196,73,3,196,426,425,2,15
1774012560,2026-03-20T13:16:00Z,,0,25,308,208,278,65,0,0,2,83,71,2,,25,25,,2,2,0,0,0,426,426,196,196,73,3,196,427,426,2,15
1774012575,2026-03-20T13:16:15Z,,0,25,308,208,278,65,0,0,2,83,71,2,,25,25,,2,2,0,0,0,426,426,196,196,73,3,196,427,426,2,15
1774012590,2026-03-20T13:16:30Z,,0,25,308,208,279,65,0,0,2,83,71,2,,25,25,,2,2,0,0,0,427,427,196,196,73,3,196,428,427,2,15
1774012605,2026-03-20T13:16:45Z,,0,25,309,209,279,66,0,0,2,83,71,2,,25,25,,2,2,0,0,0,428,428,196,196,73,3,196,429,428,2,15
1774012620,2026-03-20T13:17:00Z,,0,25,310,210,280,66,0,0,2,83,71,2,,25,25,,2,2,0,0,0,429,429,196,196,73,3,196,430,429,2,15
1774012635,2026-03-20T13:17:15Z,,0,25,310,210,280,66,0,0,2,83,71,2,,25,25,,2,2,0,0,0,429,429,196,196,73,3,196,430,429,2,15
1774012650,2026-03-20T13:17:30Z,,0,25,311,211,281,66,0,0,2,83,71,2,,25,25,,2,2,0,0,0,430,430,196,196,73,3,196,431,430,2,15
1774012665,2026-03-20T13:17:45Z,,0,25,311,211,281,66,0,0,2,83,71,2,,25,25,,2,2,0,0,0,430,430,196,196,73,3,196,431,430,2,15
1774012680,2026-03-20T13:18:00Z,,0,25,313,212,282,66,0,0,2,84,72,2,,25,25,,2,2,0,0,0,431,431,198,198,74,4,197,432,431,1,15
1774012695,2026-03-20T13:18:15Z,,0,25,313,212,282,66,0,0,2,84,72,2,,25,25,,2,2,0,0,0,431,431,198,198,74,3,198,432,431,2,15
1774012710,2026-03-20T13:18:30Z,,0,25,314,213,283,66,0,0,2,84,72,2,,25,25,,2,2,0,0,0,432,432,198,198,74,3,198,433,432,2,15
1774012725,2026-03-20T13:18:45Z,,0,25,314,213,283,66,0,0,2,84,72,2,,25,25,,2,2,0,0,0,432,432,198,198,74,3,198,433,432,2,15
1774012740,2026-03-20T13:19:00Z,,0,25,315,214,284,66,0,0,2,84,72,2,,25,25,,2,2,0,0,0,433,433,198,198,74,3,198,434,433,2,15
1774012755,2026-03-20T13:19:15Z,,0,25,315,214,284,66,0,0,2,84,72,2,,25,25,,2,2,0,0,0,433,433,198,198,74,3,198,434,433,2,15
1774012770,2026-03-20T13:19:30Z,,0,25,316,215,285,66,0,0,2,84,72,2,,25,25,,2,2,0,0,0,434,434,198,198,74,3,198,434,433,2,15
1774012785,2026-03-20T13:19:45Z,,0,25,316,215,285,66,0,0,2,84,72,2,,25,25,,2,2,0,0,0,434,434,198,198,74,3,198,435,434,2,15
1774012800,2026-03-20T13:20:00Z,,0,25,317,216,286,67,0,0,2,84,72,2,,25,25,,2,2,0,0,0,435,435,198,198,74,3,198,435,434,2,15
1774012815,2026-03-20T13:20:15Z,,0,25,317,216,286,67,0,0,2,84,72,2,,25,25,,2,2,0,0,0,435,435,198,198,74,3,198,436,435,2,15
1774012830,2026-03-20T13:20:30Z,,0,25,318,217,287,67,0,0,2,84,72,2,,25,25,,2,2,0,0,0,435,435,198,198,74,3,198,436,435,2,15
1774012845,2026-03-20T13:20:45Z,,0,25,318,217,287,67,0,0,2,84,72,2,,25,25,,2,2,0,0,0,436,436,198,198,74,3,198,437,436,2,15
1774012860,2026-03-20T13:21:00Z,,0,25,318,217,288,67,0,0,2,84,72,2,,25,25,,2,2,0,0,0,437,437,198,198,74,3,198,438,437,2,15
1774012875,2026-03-20T13:21:15Z,,0,25,319,218,288,67,0,0,2,84,72,2,,25,25,,2,2,0,0,0,438,438,198,198,74,3,198,439,438,2,15
1774012890,2026-03-20T13:21:30Z,,0,25,319,218,288,67,0,0,2,84,72,2,,25,25,,2,2,0,0,0,438,438,198,198,74,3,198,439,438,2,15
1774012905,2026-03-20T13:21:45Z,,0,25,320,219,289,67,0,0,2,84,72,2,,25,25,,2,2,0,0,0,439,439,198,198,74,3,198,440,439,2,15
1774012920,2026-03-20T13:22:00Z,,0,25,320,219,289,67,0,0,2,84,72,2,,25,25,,2,2,0,0,0,439,439,198,198,74,3,198,440,439,2,15
1774012935,2026-03-20T13:22:15Z,,0,25,321,220,290,67,0,0,2,84,72,2,,25,25,,2,2,0,0,0,440,440,198,198,74,3,198,441,440,2,15
1774012950,2026-03-20T13:22:30Z,,0,25,321,220,290,67,0,0,2,84,72,2,,25,25,,2,2,0,0,0,440,440,198,198,74,3,198,441,440,2,15
1774012965,2026-03-20T13:22:45Z,,0,25,322,221,291,67,0,0,2,84,72,2,,25,25,,2,2,0,0,0,441,441,198,198,74,3,198,442,441,2,15
1774012980,2026-03-20T13:23:00Z,,0,25,322,221,291,67,0,0,2,84,72,2,,25,25,,2,2,0,0,0,441,441,198,198,74,3,198,442,441,2,15
1774012995,2026-03-20T13:23:15Z,,0,25,323,222,292,67,0,0,2,84,72,2,,25,25,,2,2,0,0,0,442,442,198,198,74,3,198,443,442,2,15
1774013010,2026-03-20T13:23:30Z,,0,25,323,222,292,67,0,0,2,84,72,2,,25,25,,2,2,0,0,0,442,442,198,198,74,3,198,443,442,2,15
1774013025,2026-03-20T13:23:45Z,,0,25,324,223,293,67,0,0,2,84,72,2,,25,25,,2,2,0,0,0,443,443,198,198,74,3,198,444,443,2,15
1774013040,2026-03-20T13:24:00Z,,0,25,324,223,293,67,0,0,2,84,72,2,,25,25,,2,2,0,0,0,443,443,198,198,74,3,198,444,443,2,15
1774013055,2026-03-20T13:24:15Z,,0,25,325,224,294,68,0,0,2,84,72,2,,25,25,,2,2,0,0,0,444,444,198,198,74,3,198,445,444,2,15
1774013070,2026-03-20T13:24:30Z,,0,25,325,224,294,68,0,0,2,84,72,2,,25,25,,2,2,0,0,0,444,444,198,198,74,3,198,445,444,2,15
1774013085,2026-03-20T13:24:45Z,,0,25,326,225,295,69,0,0,2,84,72,2,,25,25,,2,2,0,0,0,445,445,198,198,74,3,198,446,445,2,15
1774013100,2026-03-20T13:25:00Z,,0,25,326,225,295,69,0,0,2,84,72,2,,25,25,,2,2,0,0,0,445,445,198,198,74,3,198,446,445,2,15
1774013115,2026-03-20T13:25:15Z,,0,25,327,226,299,69,0,0,2,84,72,2,,25,25,,2,2,0,0,0,447,447,198,198,74,3,198,448,447,2,15
1774013130,2026-03-20T13:25:30Z,,0,25,327,226,299,69,0,0,2,84,72,2,,25,25,,2,2,0,0,0,447,447,198,198,74,3,198,448,447,2,15
1774013145,2026-03-20T13:25:45Z,,0,25,328,227,301,69,0,0,2,84,72,2,,25,25,,2,2,0,0,0,448,448,198,198,74,3,198,449,448,2,15
1774013160,2026-03-20T13:26:00Z,,0,25,328,227,301,69,0,0,2,84,72,2,,25,25,,2,2,0,0,0,448,448,198,198,74,3,198,449,448,2,15
1774013175,2026-03-20T13:26:15Z,,0,25,330,228,302,69,0,0,2,85,73,2,,25,25,,2,2,0,0,0,449,449,201,201,75,3,201,450,449,2,15
1774013190,2026-03-20T13:26:30Z,,0,25,330,228,302,69,0,0,2,85,73,2,,25,25,,2,2,0,0,0,449,449,201,201,75,3,201,450,449,2,15
1774013205,2026-03-20T13:26:45Z,,0,25,331,229,303,69,0,0,2,85,73,2,,25,25,,2,2,0,0,0,450,450,201,201,75,3,201,451,450,2,15
1774013220,2026-03-20T13:27:00Z,,0,25,331,229,303,69,0,0,2,85,73,2,,25,25,,2,2,0,0,0,450,450,201,201,75,3,201,451,450,2,15
1774013235,2026-03-20T13:27:15Z,,0,25,332,230,304,69,0,0,2,85,73,2,,25,25,,2,2,0,0,0,451,451,201,201,75,3,201,452,451,2,15
1774017360,2026-03-20T14:36:00Z,,0,25,332,230,304,69,0,0,2,85,73,2,,25,25,,2,2,0,0,0,451,451,201,201,75,3,201,453,452,2,15
1774017375,2026-03-20T14:36:15Z,,0,25,332,230,307,69,0,0,2,85,73,2,,25,25,,2,2,0,0,0,452,452,201,201,75,3,201,453,452,2,15
1774017390,2026-03-20T14:36:30Z,,0,25,332,230,307,69,0,0,2,85,73,2,,25,25,,2,2,0,0,0,452,452,201,201,75,3,201,453,452,2,15
1774017405,2026-03-20T14:36:45Z,,0,25,332,230,307,69,0,0,2,85,73,2,,25,25,,2,2,0,0,0,452,452,201,201,75,3,201,453,452,2,15
1774017420,2026-03-20T14:37:00Z,,0,25,332,230,307,69,0,0,2,85,73,2,,25,25,,2,2,0,0,0,452,452,201,201,75,3,201,453,452,2,15
1774017435,2026-03-20T14:37:15Z,,,,,,,,,,,,,,,,,,,,0,0,0,452,452,201,201,75,3,201,453,452,2,15
1774017450,2026-03-20T14:37:30Z,,0,25,332,230,307,69,0,0,2,85,73,2,,25,25,,2,2,0,0,0,452,452,201,201,75,3,201,453,452,2,15
1774017465,2026-03-20T14:37:45Z,,0,25,332,230,307,69,0,0,2,85,73,2,,25,25,,2,2,0,0,0,452,452,201,201,75,3,201,453,452,2,15
1774017495,2026-03-20T14:38:15Z,,0,25,332,230,307,69,0,0,2,85,73,2,,25,25,,2,2,0,0,0,452,452,201,201,75,3,201,453,452,2,15
1774017510,2026-03-20T14:38:30Z,,0,25,332,230,307,69,0,0,2,85,73,2,,25,25,,2,2,0,0,0,452,452,201,201,75,3,201,453,452,2,15
1774017540,2026-03-20T14:39:00Z,,0,25,332,230,307,69,0,0,2,85,73,2,,25,25,,2,2,0,0,0,452,452,201,201,75,3,201,453,452,2,15
1774017555,2026-03-20T14:39:15Z,,0,25,332,230,307,69,0,0,2,85,73,2,,25,25,,2,2,0,0,0,452,452,201,201,75,3,201,453,452,2,15
1774017570,2026-03-20T14:39:30Z,,0,25,332,230,307,69,0,0,2,85,73,2,,25,25,,2,2,,,,,,,,,,,,,,
1774017585,2026-03-20T14:39:45Z,,0,25,332,230,307,69,0,0,2,85,73,2,,25,25,,2,2,0,0,0,452,452,201,201,75,3,201,453,452,2,15
1774017600,2026-03-20T14:40:00Z,,0,25,332,230,307,69,0,0,2,85,73,2,,25,25,,2,2,0,0,0,452,452,201,201,75,3,201,453,452,2,15
1774017615,2026-03-20T14:40:15Z,,0,25,332,230,307,69,0,0,2,85,73,2,,25,25,,2,2,0,0,0,452,452,201,201,75,3,201,453,452,2,15
1774017630,2026-03-20T14:40:30Z,,0,25,332,230,307,69,0,0,2,85,73,2,,25,25,,2,2,0,0,0,452,452,201,201,75,3,201,453,452,2,15
1774017645,2026-03-20T14:40:45Z,,,,,,,,,,,,,,,,,,,,0,0,0,452,452,201,201,75,3,201,453,452,2,15
1774017660,2026-03-20T14:41:00Z,,0,25,332,230,307,69,0,0,2,85,73,2,,25,25,,2,2,0,0,0,452,452,201,201,75,3,201,453,452,2,15
1774017675,2026-03-20T14:41:15Z,,0,25,332,230,307,69,0,0,2,85,73,2,,25,25,,2,2,0,0,0,452,452,201,201,75,3,201,453,452,2,15
1774017705,2026-03-20T14:41:45Z,,0,25,332,230,307,69,0,0,2,85,73,2,,25,25,,2,2,0,0,0,452,452,201,201,75,3,201,453,452,2,15
1774017720,2026-03-20T14:42:00Z,,0,25,332,230,307,69,0,0,2,85,73,2,,25,25,,2,2,0,0,0,452,452,201,201,75,3,201,453,452,2,15
1774017735,2026-03-20T14:42:15Z,,0,25,332,230,307,69,0,0,2,85,73,2,,25,25,,2,2,,,,,,,,,,,,,,
1774017750,2026-03-20T14:42:30Z,,0,25,332,230,307,69,0,0,2,85,73,2,,25,25,,2,2,0,0,0,452,452,201,201,75,3,201,453,452,2,15
1774017765,2026-03-20T14:42:45Z,,0,25,332,230,307,69,0,0,2,85,73,2,,25,25,,2,2,0,0,0,452,452,201,201,75,3,201,453,452,2,15
1774017780,2026-03-20T14:43:00Z,,0,25,332,230,307,69,0,0,2,85,73,2,,25,25,,2,2,,,,,,,,,,,,,,
1774017795,2026-03-20T14:43:15Z,,0,25,332,230,307,69,0,0,2,85,73,2,,25,25,,2,2,0,0,0,452,452,201,201,75,3,201,453,452,2,15
1774017810,2026-03-20T14:43:30Z,,0,25,332,230,307,69,0,0,2,85,73,2,,25,25,,2,2,0,0,0,452,452,201,201,75,3,201,453,452,2,15
1774017825,2026-03-20T14:43:45Z,,0,25,332,230,307,69,0,0,2,85,73,2,,25,25,,2,2,0,0,0,452,452,201,201,75,3,201,453,452,2,15
1774017840,2026-03-20T14:44:00Z,,0,25,332,230,307,69,0,0,2,85,73,2,,25,25,,2,2,0,0,0,452,452,201,201,75,3,201,453,452,2,15
1774017855,2026-03-20T14:44:15Z,,0,25,332,230,307,69,0,0,2,85,73,2,,25,25,,2,2,0,0,0,452,452,201,201,75,3,201,453,452,2,15
1774017870,2026-03-20T14:44:30Z,,0,25,332,230,307,69,0,0,2,85,73,2,,25,25,,2,2,0,0,0,452,452,201,201,75,3,201,453,452,2,15
1774017885,2026-03-20T14:44:45Z,,0,25,332,230,307,69,0,0,2,85,73,2,,25,25,,2,2,0,0,0,452,452,201,201,75,3,201,453,452,2,15
1774017900,2026-03-20T14:45:00Z,,0,25,332,230,307,69,0,0,2,85,73,2,,25,25,,2,2,0,0,0,452,452,201,201,75,3,201,453,452,2,15
1774017915,2026-03-20T14:45:15Z,,0,25,332,230,307,69,0,0,2,85,73,2,,25,25,,2,2,0,0,0,452,452,201,201,75,3,201,453,452,2,15
1774017930,2026-03-20T14:45:30Z,,0,25,332,230,307,69,0,0,2,85,73,2,,25,25,,2,2,0,0,0,452,452,201,201,75,3,201,453,452,2,15
1774017945,2026-03-20T14:45:45Z,,0,7,15,0,0,0,0,0,,10,10,0,,3,3,,2,2,0,0,0,452,452,201,201,75,3,201,453,452,2,15
1774017960,2026-03-20T14:46:00Z,,0,25,332,230,307,69,0,0,2,85,73,2,,25,25,,2,2,0,0,0,452,452,201,201,75,3,201,453,452,2,15
1774017975,2026-03-20T14:46:15Z,,0,25,332,230,307,69,0,0,2,85,73,2,,25,25,,2,2,0,0,0,452,452,201,201,75,3,201,453,452,2,15
1774017990,2026-03-20T14:46:30Z,,0,25,332,230,307,69,0,0,2,85,73,2,,25,25,,2,2,0,0,0,452,452,201,201,75,3,201,453,452,2,15
1774018005,2026-03-20T14:46:45Z,,0,25,332,230,307,69,0,0,2,85,73,2,,25,25,,2,2,0,0,0,452,452,201,201,75,3,201,453,452,2,15
1774018020,2026-03-20T14:47:00Z,,0,25,332,230,307,69,0,0,2,85,73,2,,25,25,,2,2,0,0,0,452,452,201,201,75,3,201,453,452,2,15
1774018035,2026-03-20T14:47:15Z,,0,25,332,230,307,69,0,0,2,85,73,2,,25,25,,2,2,0,0,0,452,452,201,201,75,3,201,453,452,2,15
1774018050,2026-03-20T14:47:30Z,,0,25,332,230,307,69,0,0,2,85,73,2,,25,25,,2,2,0,0,0,452,452,201,201,75,3,201,453,452,2,15
1774018065,2026-03-20T14:47:45Z,,0,25,332,230,307,69,0,0,2,85,73,2,,25,25,,2,2,0,0,0,452,452,201,201,75,3,201,453,452,2,15
1774018080,2026-03-20T14:48:00Z,,0,25,332,230,307,69,0,0,2,85,73,2,,25,25,,2,2,0,0,0,452,452,201,201,75,3,201,453,452,2,15
1774018095,2026-03-20T14:48:15Z,,0,25,332,230,307,69,0,0,2,85,73,2,,25,25,,2,2,0,0,0,452,452,201,201,75,3,201,453,452,2,15
1774018110,2026-03-20T14:48:30Z,,0,25,332,230,307,69,0,0,2,85,73,2,,25,25,,2,2,0,0,0,452,452,201,201,75,3,201,453,452,2,15
1774018125,2026-03-20T14:48:45Z,,0,25,332,230,307,69,0,0,2,85,73,2,,25,25,,2,2,0,0,0,452,452,201,201,75,3,201,453,452,2,15
1774018140,2026-03-20T14:49:00Z,,0,25,332,230,307,69,0,0,2,85,73,2,,25,25,,2,2,0,0,0,452,452,201,201,75,3,201,453,452,2,15
1774018155,2026-03-20T14:49:15Z,,0,25,332,230,307,69,0,0,2,85,73,2,,25,25,,2,2,0,0,0,452,452,201,201,75,3,201,453,452,2,15
1774018170,2026-03-20T14:49:30Z,,0,25,332,230,307,69,0,0,2,85,73,2,,25,25,,2,2,0,0,0,452,452,201,201,75,3,201,453,452,2,15
1774018185,2026-03-20T14:49:45Z,,0,25,332,230,307,69,0,0,2,85,73,2,,25,25,,2,2,0,0,0,452,452,201,201,75,3,201,453,452,2,15
1774018200,2026-03-20T14:50:00Z,,0,25,332,230,307,69,0,0,2,85,73,2,,25,25,,2,2,0,0,0,452,452,201,201,75,3,201,453,452,2,15
1774018215,2026-03-20T14:50:15Z,,0,25,332,230,307,69,0,0,2,85,73,2,,25,25,,2,2,0,0,0,452,452,201,201,75,3,201,453,452,2,15
1774018230,2026-03-20T14:50:30Z,,0,25,332,230,307,69,0,0,2,85,73,2,,25,25,,2,2,0,0,0,452,452,201,201,75,3,201,453,452,2,15
1774018245,2026-03-20T14:50:45Z,,0,25,332,230,307,69,0,0,2,85,73,2,,25,25,,2,2,0,0,0,452,452,201,201,75,3,201,453,452,2,15
1774018260,2026-03-20T14:51:00Z,,0,25,332,230,307,69,0,0,2,85,73,2,,25,25,,2,2,0,0,0,452,452,201,201,75,3,201,453,452,2,15
1774018275,2026-03-20T14:51:15Z,,0,25,332,230,307,69,0,0,2,85,73,2,,25,25,,2,2,0,0,0,452,452,201,201,75,3,201,453,452,2,15
1774018290,2026-03-20T14:51:30Z,,0,25,332,230,307,69,0,0,2,85,73,2,,25,25,,2,2,0,0,0,452,452,201,201,75,3,201,453,452,2,15
1774018305,2026-03-20T14:51:45Z,,0,25,332,230,307,69,0,0,2,85,73,2,,25,25,,2,2,0,0,0,452,452,201,201,75,3,201,453,452,2,15
1774018320,2026-03-20T14:52:00Z,,0,25,332,230,307,69,0,0,2,85,73,2,,25,25,,2,2,0,0,0,452,452,201,201,75,3,201,453,452,2,15
1774018335,2026-03-20T14:52:15Z,,0,25,332,230,307,69,0,0,2,85,73,2,,25,25,,2,2,0,0,0,452,452,201,201,75,3,201,453,452,2,15
1774018350,2026-03-20T14:52:30Z,,0,25,332,230,307,69,0,0,2,85,73,2,,25,25,,2,2,0,0,0,452,452,201,201,75,3,201,453,452,2,15
1774018365,2026-03-20T14:52:45Z,,0,25,332,230,307,69,0,0,2,85,73,2,,25,25,,2,2,0,0,0,452,452,201,201,75,3,201,453,452,2,15
1774018380,2026-03-20T14:53:00Z,,0,25,332,230,307,69,0,0,2,85,73,2,,25,25,,2,2,0,0,0,452,452,201,201,75,3,201,453,452,2,15
1774018395,2026-03-20T14:53:15Z,,0,25,332,230,307,69,0,0,2,85,73,2,,25,25,,2,2,0,0,0,452,452,201,201,75,3,201,453,452,2,15
1774018410,2026-03-20T14:53:30Z,,0,25,332,230,307,69,0,0,2,85,73,2,,25,25,,2,2,0,0,0,452,452,201,201,75,3,201,453,452,2,15
1774018425,2026-03-20T14:53:45Z,,0,25,332,230,307,69,0,0,2,85,73,2,,25,25,,2,2,0,0,0,452,452,201,201,75,3,201,453,452,2,15
1774018440,2026-03-20T14:54:00Z,,0,25,332,230,307,69,0,0,2,85,73,2,,25,25,,2,2,0,0,0,452,452,201,201,75,3,201,453,452,2,15
1774018455,2026-03-20T14:54:15Z,,0,25,332,230,307,69,0,0,2,85,73,2,,25,25,,2,2,0,0,0,452,452,201,201,75,3,201,453,452,2,15
1774018470,2026-03-20T14:54:30Z,,0,25,332,230,307,69,0,0,2,85,73,2,,25,25,,2,2,0,0,0,452,452,201,201,75,3,201,453,452,2,15
1774018485,2026-03-20T14:54:45Z,,0,25,332,230,307,69,0,0,2,85,73,2,,25,25,,2,2,0,0,0,452,452,201,201,75,3,201,453,452,2,15
1774018500,2026-03-20T14:55:00Z,,0,25,332,230,307,69,0,0,2,85,73,2,,25,25,,2,2,0,0,0,452,452,201,201,75,3,201,453,452,2,15
1774018515,2026-03-20T14:55:15Z,,0,25,332,230,307,69,0,0,2,85,73,2,,25,25,,2,2,0,0,0,452,452,201,201,75,3,201,453,452,2,15
1774018530,2026-03-20T14:55:30Z,,0,25,332,230,307,69,0,0,2,85,73,2,,25,25,,2,2,0,0,0,452,452,201,201,75,3,201,453,452,2,15
1774018545,2026-03-20T14:55:45Z,,0,25,332,230,307,69,0,0,2,85,73,2,,25,25,,2,2,0,0,0,452,452,201,201,75,3,201,453,452,2,15
1774018560,2026-03-20T14:56:00Z,,0,25,332,230,307,69,0,0,2,85,73,2,,25,25,,2,2,0,0,0,452,452,201,201,75,3,201,453,452,2,15
1774018575,2026-03-20T14:56:15Z,,0,25,332,230,307,69,0,0,2,85,73,2,,25,25,,2,2,0,0,0,452,452,201,201,75,3,201,453,452,2,15
1774018590,2026-03-20T14:56:30Z,,0,25,332,230,307,69,0,0,2,85,73,2,,25,25,,2,2,0,0,0,452,452,201,201,75,3,201,453,452,2,15
1774018605,2026-03-20T14:56:45Z,,0,25,332,230,307,69,0,0,2,85,73,2,,25,25,,2,2,0,0,0,452,452,201,201,75,3,201,453,452,2,15
1774018620,2026-03-20T14:57:00Z,,0,25,332,230,307,69,0,0,2,85,73,2,,25,25,,2,2,0,0,0,452,452,201,201,75,3,201,453,452,2,15
1774018635,2026-03-20T14:57:15Z,,0,25,332,230,307,69,0,0,2,85,73,2,,25,25,,2,2,0,0,0,452,452,201,201,75,3,201,453,452,2,15
1774018650,2026-03-20T14:57:30Z,,0,25,332,230,307,69,0,0,2,85,73,2,,25,25,,2,2,0,0,0,452,452,201,201,75,3,201,453,452,2,15
1774018665,2026-03-20T14:57:45Z,,0,25,332,230,307,69,0,0,2,85,73,2,,25,25,,2,2,0,0,0,452,452,201,201,75,3,201,453,452,2,15
1774018680,2026-03-20T14:58:00Z,,0,25,332,230,307,69,0,0,2,85,73,2,,25,25,,2,2,0,0,0,452,452,201,201,75,3,201,453,452,2,15
1774018695,2026-03-20T14:58:15Z,,0,25,332,230,307,69,0,0,2,85,73,2,,25,25,,2,2,0,0,0,452,452,201,201,75,3,201,453,452,2,15
1774018710,2026-03-20T14:58:30Z,,0,25,332,230,307,69,0,0,2,85,73,2,,25,25,,2,2,0,0,0,452,452,201,201,75,3,201,453,452,2,15
1774018725,2026-03-20T14:58:45Z,,0,25,332,230,307,69,0,0,2,85,73,2,,25,25,,2,2,0,0,0,452,452,201,201,75,3,201,453,452,2,15
1774018740,2026-03-20T14:59:00Z,,0,25,332,230,307,69,0,0,2,85,73,2,,25,25,,2,2,0,0,0,452,452,201,201,75,3,201,453,452,2,15
1774018755,2026-03-20T14:59:15Z,,0,25,332,230,307,69,0,0,2,85,73,2,,25,25,,2,2,0,0,0,452,452,201,201,75,3,201,453,452,2,15
1774018770,2026-03-20T14:59:30Z,,0,25,332,230,307,69,0,0,2,85,73,2,,25,25,,2,2,0,0,0,452,452,201,201,75,3,201,453,452,2,15
1774018785,2026-03-20T14:59:45Z,,0,25,332,230,307,69,0,0,2,85,73,2,,25,25,,2,2,0,0,0,452,452,201,201,75,3,201,453,452,2,15
1774018800,2026-03-20T15:00:00Z,,0,25,332,230,307,69,0,0,2,85,73,2,,25,25,,2,2,0,0,0,452,452,201,201,75,3,201,453,452,2,15
1774018815,2026-03-20T15:00:15Z,,0,25,332,230,307,69,0,0,2,85,73,2,,25,25,,2,2,0,0,0,452,452,201,201,75,3,201,453,452,2,15
1774018830,2026-03-20T15:00:30Z,,0,25,332,230,307,69,0,0,2,85,73,2,,25,25,,2,2,0,0,0,452,452,201,201,75,3,201,453,452,2,15
1774018845,2026-03-20T15:00:45Z,,0,25,332,230,307,69,0,0,2,85,73,2,,25,25,,2,2,0,0,0,452,452,201,201,75,3,201,453,452,2,15
1774018860,2026-03-20T15:01:00Z,,0,25,332,230,307,69,0,0,2,85,73,2,,25,25,,2,2,0,0,0,452,452,201,201,75,3,201,453,452,2,15
1774018875,2026-03-20T15:01:15Z,,0,25,332,230,307,69,0,0,2,85,73,2,,25,25,,2,2,0,0,0,452,452,201,201,75,3,201,453,452,2,15
1774018890,2026-03-20T15:01:30Z,,0,25,332,230,307,69,0,0,2,85,73,2,,25,25,,2,2,0,0,0,452,452,201,201,75,3,201,453,452,2,15
1774018905,2026-03-20T15:01:45Z,,0,25,332,230,307,69,0,0,2,85,73,2,,25,25,,2,2,0,0,0,452,452,201,201,75,3,201,453,452,2,15
1774018920,2026-03-20T15:02:00Z,,0,25,332,230,307,69,0,0,2,85,73,2,,25,25,,2,2,0,0,0,452,452,201,201,75,3,201,453,452,2,15
1774018935,2026-03-20T15:02:15Z,,0,25,332,230,307,69,0,0,2,85,73,2,,25,25,,2,2,0,0,0,452,452,201,201,75,3,201,453,452,2,15
1774018950,2026-03-20T15:02:30Z,,0,25,332,230,307,69,0,0,2,85,73,2,,25,25,,2,2,0,0,0,452,452,201,201,75,3,201,453,452,2,15
1774018965,2026-03-20T15:02:45Z,,0,25,332,230,307,69,0,0,2,85,73,2,,25,25,,2,2,0,0,0,452,452,201,201,75,3,201,453,452,2,15
1774018980,2026-03-20T15:03:00Z,,0,25,332,230,307,69,0,0,2,85,73,2,,25,25,,2,2,0,0,0,452,452,201,201,75,3,201,453,452,2,15
1774018995,2026-03-20T15:03:15Z,,0,25,332,230,307,69,0,0,2,85,73,2,,25,25,,2,2,0,0,0,452,452,201,201,75,3,201,453,452,2,15
1774019010,2026-03-20T15:03:30Z,,0,25,332,230,307,69,0,0,2,85,73,2,,25,25,,2,2,0,0,0,452,452,201,201,75,3,201,453,452,2,15
1774019025,2026-03-20T15:03:45Z,,0,25,332,230,307,69,0,0,2,85,73,2,,25,25,,2,2,0,0,0,452,452,201,201,75,3,201,453,452,2,15
1774019040,2026-03-20T15:04:00Z,,0,25,332,230,307,69,0,0,2,85,73,2,,25,25,,2,2,0,0,0,452,452,201,201,75,3,201,453,452,2,15
1774019055,2026-03-20T15:04:15Z,,0,25,332,230,307,69,0,0,2,85,73,2,,25,25,,2,2,0,0,0,452,452,201,201,75,3,201,453,452,2,15
1774019070,2026-03-20T15:04:30Z,,0,25,332,230,307,69,0,0,2,85,73,2,,25,25,,2,2,0,0,0,452,452,201,201,75,3,201,453,452,2,15
1774019085,2026-03-20T15:04:45Z,,0,25,332,230,307,69,0,0,2,85,73,2,,25,25,,2,2,0,0,0,452,452,201,201,75,3,201,453,452,2,15
1774019100,2026-03-20T15:05:00Z,,0,25,332,230,307,69,0,0,2,85,73,2,,25,25,,2,2,0,0,0,452,452,201,201,75,3,201,453,452,2,15
1774019115,2026-03-20T15:05:15Z,,0,25,332,230,307,69,0,0,2,85,73,2,,25,25,,2,2,0,0,0,452,452,201,201,75,3,201,453,452,2,15
1774019130,2026-03-20T15:05:30Z,,0,25,332,230,307,69,0,0,2,85,73,2,,25,25,,2,2,0,0,0,452,452,201,201,75,3,201,453,452,2,15
1774019145,2026-03-20T15:05:45Z,,0,25,332,230,307,69,0,0,2,85,73,2,,25,25,,2,2,0,0,0,452,452,201,201,75,3,201,453,452,2,15
1774019160,2026-03-20T15:06:00Z,,0,25,332,230,307,69,0,0,2,85,73,2,,25,25,,2,2,0,0,0,452,452,201,201,75,3,201,453,452,2,15
1774019175,2026-03-20T15:06:15Z,,0,25,332,230,307,69,0,0,2,85,73,2,,25,25,,2,2,0,0,0,452,452,201,201,75,3,201,453,452,2,15
1774019190,2026-03-20T15:06:30Z,,0,0,0,0,0,0,0,0,,0,0,,,0,0,,0,0,0,0,0,0,0,,,,,0,0,0,,0
1774019205,2026-03-20T15:06:45Z,,0,0,0,0,0,0,0,0,,0,0,,,0,0,,0,0,0,0,0,0,0,,,,,0,0,0,,0
1774019220,2026-03-20T15:07:00Z,,0,0,0,0,0,0,0,0,,0,0,,,0,0,,0,0,0,0,0,0,0,,,,,0,0,0,,0
1774019235,2026-03-20T15:07:15Z,,0,0,0,0,0,0,0,0,,0,0,,,0,0,,0,0,0,0,0,0,0,,,,,0,0,0,,0
1774019250,2026-03-20T15:07:30Z,,0,0,0,0,0,0,0,0,,0,0,,,0,0,,0,0,0,0,0,0,0,,,,,0,0,0,,0
1774019265,2026-03-20T15:07:45Z,,0,0,0,0,0,0,0,0,,0,0,,,0,0,,0,0,0,0,0,0,0,,,,,0,0,0,,0
1774019280,2026-03-20T15:08:00Z,,0,0,0,0,0,0,0,0,,0,0,,,0,0,,0,0,0,0,0,0,0,,,,,0,0,0,,0
1774019295,2026-03-20T15:08:15Z,,0,0,0,0,0,0,0,0,,0,0,,,0,0,,0,0,0,0,0,0,0,,,,,0,0,0,,0
1774019310,2026-03-20T15:08:30Z,,0,0,0,0,0,0,0,0,,0,0,,,0,0,,0,0,0,0,0,0,0,,,,,0,0,0,,0
1774019325,2026-03-20T15:08:45Z,,0,0,0,0,0,0,0,0,,0,0,,,0,0,,0,0,0,0,0,0,0,,,,,0,0,0,,0
1774019340,2026-03-20T15:09:00Z,,0,0,0,0,0,0,0,0,,0,0,,,0,0,,0,0,0,0,0,0,0,,,,,0,0,0,,0
1774019355,2026-03-20T15:09:15Z,,0,0,0,0,0,0,0,0,,0,0,,,0,0,,0,0,0,0,0,0,0,,,,,0,0,0,,0
1774019370,2026-03-20T15:09:30Z,,0,0,0,0,0,0,0,0,,0,0,,,0,0,,0,0,0,0,0,0,0,,,,,0,0,0,,0
1774019385,2026-03-20T15:09:45Z,,0,0,0,0,0,0,0,0,,0,0,,,0,0,,0,0,0,0,0,0,0,,,,,0,0,0,,0
1774019400,2026-03-20T15:10:00Z,,0,0,0,0,0,0,0,0,,0,0,,,0,0,,0,0,0,0,0,0,0,,,,,0,0,0,,0
1774019415,2026-03-20T15:10:15Z,,0,0,0,0,0,0,0,0,,0,0,,,0,0,,0,0,0,0,0,0,0,,,,,0,0,0,,0
1774019430,2026-03-20T15:10:30Z,,0,0,0,0,0,0,0,0,,0,0,,,0,0,,0,0,0,0,0,0,0,,,,,0,0,0,,0
1774019445,2026-03-20T15:10:45Z,,0,0,0,0,0,0,0,0,,0,0,,,0,0,,0,0,0,0,0,0,0,,,,,0,0,0,,0
1774019460,2026-03-20T15:11:00Z,,0,0,0,0,0,0,0,0,,0,0,,,0,0,,0,0,0,0,0,0,0,,,,,0,0,0,,0
1774019475,2026-03-20T15:11:15Z,,0,0,0,0,0,0,0,0,,0,0,,,0,0,,0,0,0,0,0,0,0,,,,,0,0,0,,0
1774019490,2026-03-20T15:11:30Z,,0,0,0,0,0,0,0,0,,0,0,,,0,0,,0,0,0,0,0,0,0,,,,,0,0,0,,0
1774019505,2026-03-20T15:11:45Z,,0,0,0,0,0,0,0,0,,0,0,,,0,0,,0,0,0,0,0,0,0,,,,,0,0,0,,0
1774019520,2026-03-20T15:12:00Z,,0,0,0,0,0,0,0,0,,0,0,,,0,0,,0,0,0,0,0,0,0,,,,,0,0,0,,0
1774019535,2026-03-20T15:12:15Z,,0,0,0,0,0,0,0,0,,0,0,,,0,0,,0,0,0,0,0,0,0,,,,,0,0,0,,0
1774019550,2026-03-20T15:12:30Z,,0,0,0,0,0,0,0,0,,0,0,,,0,0,,0,0,0,0,0,0,0,,,,,0,0,0,,0
1774019565,2026-03-20T15:12:45Z,,0,0,0,0,0,0,0,0,,0,0,,,0,0,,0,0,0,0,0,0,0,,,,,0,0,0,,0
1774019580,2026-03-20T15:13:00Z,,0,0,0,0,0,0,0,0,,0,0,,,0,0,,0,0,0,0,0,0,0,,,,,0,0,0,,0
1774019595,2026-03-20T15:13:15Z,,0,0,0,0,0,0,0,0,,0,0,,,0,0,,0,0,0,0,0,0,0,,,,,0,0,0,,0
1774019610,2026-03-20T15:13:30Z,,0,0,0,0,0,0,0,0,,0,0,,,0,0,,0,0,0,0,0,0,0,,,,,0,0,0,,0
1774019625,2026-03-20T15:13:45Z,,0,0,0,0,0,0,0,0,,0,0,,,0,0,,0,0,0,0,0,0,0,,,,,0,0,0,,0
1774019640,2026-03-20T15:14:00Z,,0,0,0,0,0,0,0,0,,0,0,,,0,0,,0,0,0,0,0,0,0,,,,,0,0,0,,0
1774019655,2026-03-20T15:14:15Z,,0,0,0,0,0,0,0,0,,0,0,,,0,0,,0,0,0,0,0,0,0,,,,,0,0,0,,0
1774019670,2026-03-20T15:14:30Z,,0,0,0,0,0,0,0,0,,0,0,,,0,0,,0,0,0,0,0,0,0,,,,,0,0,0,,0
1774019685,2026-03-20T15:14:45Z,,0,0,0,0,0,0,0,0,,0,0,,,0,0,,0,0,0,0,0,0,0,,,,,0,0,0,,0
1774019700,2026-03-20T15:15:00Z,,0,0,0,0,0,0,0,0,,0,0,,,0,0,,0,0,0,0,0,0,0,,,,,0,0,0,,0
1774019715,2026-03-20T15:15:15Z,,0,0,0,0,0,0,0,0,,0,0,,,0,0,,0,0,0,0,0,0,0,,,,,0,0,0,,0
1774019730,2026-03-20T15:15:30Z,,0,0,0,0,0,0,0,0,,0,0,,,0,0,,0,0,0,0,0,0,0,,,,,0,0,0,,0
1774019745,2026-03-20T15:15:45Z,,0,0,0,0,0,0,0,0,,0,0,,,0,0,,0,0,0,0,0,0,0,,,,,0,0,0,,0
1774019760,2026-03-20T15:16:00Z,,0,0,0,0,0,0,0,0,,0,0,,,0,0,,0,0,0,0,0,0,0,,,,,0,0,0,,0
1774019775,2026-03-20T15:16:15Z,,0,0,0,0,0,0,0,0,,0,0,,,0,0,,0,0,0,0,0,0,0,,,,,0,0,0,,0
1774019790,2026-03-20T15:16:30Z,,0,0,0,0,0,0,0,0,,0,0,,,0,0,,0,0,0,0,0,0,0,,,,,0,0,0,,0
1774019805,2026-03-20T15:16:45Z,,0,0,0,0,0,0,0,0,,0,0,,,0,0,,0,0,0,0,0,0,0,,,,,0,0,0,,0
1774019820,2026-03-20T15:17:00Z,,0,0,0,0,0,0,0,0,,0,0,,,0,0,,0,0,0,0,0,0,0,,,,,0,0,0,,0
1774019835,2026-03-20T15:17:15Z,,0,0,0,0,0,0,0,0,,0,0,,,0,0,,0,0,0,0,0,0,0,,,,,0,0,0,,0
1774019850,2026-03-20T15:17:30Z,,0,0,0,0,0,0,0,0,,0,0,,,0,0,,0,0,0,0,0,0,0,,,,,0,0,0,,0
1774019865,2026-03-20T15:17:45Z,,0,0,0,0,0,0,0,0,,0,0,,,0,0,,0,0,0,0,0,0,0,,,,,0,0,0,,0
1774019880,2026-03-20T15:18:00Z,,0,0,0,0,0,0,0,0,,0,0,,,0,0,,0,0,0,0,0,0,0,,,,,0,0,0,,0
1774019895,2026-03-20T15:18:15Z,,0,0,0,0,0,0,0,0,,0,0,,,0,0,,0,0,0,0,0,0,0,,,,,0,0,0,,0
1774019910,2026-03-20T15:18:30Z,,0,0,0,0,0,0,0,0,,0,0,,,0,0,,0,0,0,0,0,0,0,,,,,0,0,0,,0
1774019925,2026-03-20T15:18:45Z,,0,0,0,0,0,0,0,0,,0,0,,,0,0,,0,0,0,0,0,0,0,,,,,0,0,0,,0
1774019940,2026-03-20T15:19:00Z,,0,0,0,0,0,0,0,0,,0,0,,,0,0,,0,0,0,0,0,0,0,,,,,0,0,0,,0
1774019955,2026-03-20T15:19:15Z,,0,0,0,0,0,0,0,0,,0,0,,,0,0,,0,0,0,0,0,0,0,,,,,0,0,0,,0
1774019970,2026-03-20T15:19:30Z,,0,0,0,0,0,0,0,0,,0,0,,,0,0,,0,0,0,0,0,0,0,,,,,0,0,0,,0
1774019985,2026-03-20T15:19:45Z,,0,0,0,0,0,0,0,0,,0,0,,,0,0,,0,0,0,0,0,0,0,,,,,0,0,0,,0
1774020000,2026-03-20T15:20:00Z,,0,0,0,0,0,0,0,0,,0,0,,,0,0,,0,0,0,0,0,0,0,,,,,0,0,0,,0
1774020015,2026-03-20T15:20:15Z,,0,0,0,0,0,0,0,0,,0,0,,,0,0,,0,0,0,0,0,0,0,,,,,0,0,0,,0
1774020030,2026-03-20T15:20:30Z,,0,0,0,0,0,0,0,0,,0,0,,,0,0,,0,0,0,0,0,0,0,,,,,0,0,0,,0
1774020045,2026-03-20T15:20:45Z,,0,0,0,0,0,0,0,0,,0,0,,,0,0,,0,0,0,0,0,0,0,,,,,0,0,0,,0
1774020060,2026-03-20T15:21:00Z,,0,0,0,0,0,0,0,0,,0,0,,,0,0,,0,0,0,0,0,0,0,,,,,0,0,0,,0
1774020075,2026-03-20T15:21:15Z,,0,0,0,0,0,0,0,0,,0,0,,,0,0,,0,0,0,0,0,0,0,,,,,0,0,0,,0
1774020090,2026-03-20T15:21:30Z,,0,0,0,0,0,0,0,0,,0,0,,,0,0,,0,0,0,0,0,0,0,,,,,0,0,0,,0
1774020105,2026-03-20T15:21:45Z,,0,0,0,0,0,0,0,0,,0,0,,,0,0,,0,0,0,0,0,0,0,,,,,0,0,0,,0
1774020120,2026-03-20T15:22:00Z,,0,0,0,0,0,0,0,0,,0,0,,,0,0,,0,0,0,0,0,0,0,,,,,0,0,0,,0
1774020135,2026-03-20T15:22:15Z,,0,0,0,0,0,0,0,0,,0,0,,,0,0,,0,0,0,0,0,0,0,,,,,0,0,0,,0
1774020150,2026-03-20T15:22:30Z,,0,0,0,0,0,0,0,0,,0,0,,,0,0,,0,0,0,0,0,0,0,,,,,0,0,0,,0
1774020165,2026-03-20T15:22:45Z,,0,0,0,0,0,0,0,0,,0,0,,,0,0,,0,0,0,0,0,0,0,,,,,0,0,0,,0
1774020180,2026-03-20T15:23:00Z,,0,0,0,0,0,0,0,0,,0,0,,,0,0,,0,0,0,0,0,0,0,,,,,0,0,0,,0
1774020195,2026-03-20T15:23:15Z,,0,0,0,0,0,0,0,0,,0,0,,,0,0,,0,0,0,0,0,0,0,,,,,0,0,0,,0
1774020210,2026-03-20T15:23:30Z,,0,0,0,0,0,0,0,0,,0,0,,,0,0,,0,0,0,0,0,0,0,,,,,0,0,0,,0
1774020225,2026-03-20T15:23:45Z,,0,0,0,0,0,0,0,0,,0,0,,,0,0,,0,0,0,0,0,0,0,,,,,0,0,0,,0
1774020240,2026-03-20T15:24:00Z,,0,0,0,0,0,0,0,0,,0,0,,,0,0,,0,0,0,0,0,0,0,,,,,0,0,0,,0
1774020255,2026-03-20T15:24:15Z,,0,0,0,0,0,0,0,0,,0,0,,,0,0,,0,0,0,0,0,0,0,,,,,0,0,0,,0
1774020270,2026-03-20T15:24:30Z,,0,0,0,0,0,0,0,0,,0,0,,,0,0,,0,0,0,0,0,0,0,,,,,0,0,0,,0
1774020285,2026-03-20T15:24:45Z,,0,0,0,0,0,0,0,0,,0,0,,,0,0,,0,0,0,0,0,0,0,,,,,0,0,0,,0
1774020300,2026-03-20T15:25:00Z,,0,0,0,0,0,0,0,0,,0,0,,,0,0,,0,0,0,0,0,0,0,,,,,0,0,0,,0
1774020315,2026-03-20T15:25:15Z,,0,0,0,0,0,0,0,0,,0,0,,,0,0,,0,0,0,0,0,0,0,,,,,0,0,0,,0
1774020330,2026-03-20T15:25:30Z,,0,0,0,0,0,0,0,0,,0,0,,,0,0,,0,0,0,0,0,0,0,,,,,0,0,0,,0
1774020345,2026-03-20T15:25:45Z,,0,0,0,0,0,0,0,0,,0,0,,,0,0,,0,0,0,0,0,0,0,,,,,0,0,0,,0
1774020360,2026-03-20T15:26:00Z,,0,0,0,0,0,0,0,0,,0,0,,,0,0,,0,0,0,0,0,0,0,,,,,0,0,0,,0
1774020375,2026-03-20T15:26:15Z,,0,0,0,0,0,0,0,0,,0,0,,,0,0,,0,0,0,0,0,0,0,,,,,0,0,0,,0
1774020390,2026-03-20T15:26:30Z,,0,0,0,0,0,0,0,0,,0,0,,,0,0,,0,0,0,0,0,0,0,,,,,0,0,0,,0
1774020405,2026-03-20T15:26:45Z,,0,0,0,0,0,0,0,0,,0,0,,,0,0,,0,0,0,0,0,0,0,,,,,0,0,0,,0
1774020420,2026-03-20T15:27:00Z,,0,0,0,0,0,0,0,0,,0,0,,,0,0,,0,0,0,0,0,0,0,,,,,0,0,0,,0
1774020435,2026-03-20T15:27:15Z,,0,0,0,0,0,0,0,0,,0,0,,,0,0,,0,0,0,0,0,0,0,,,,,0,0,0,,0
1774020450,2026-03-20T15:27:30Z,,0,0,0,0,0,0,0,0,,0,0,,,0,0,,0,0,0,0,0,0,0,,,,,0,0,0,,0
1774020465,2026-03-20T15:27:45Z,,0,0,0,0,0,0,0,0,,0,0,,,0,0,,0,0,0,0,0,0,0,,,,,0,0,0,,0
1774020480,2026-03-20T15:28:00Z,,0,0,0,0,0,0,0,0,,0,0,,,0,0,,0,0,0,0,0,0,0,,,,,0,0,0,,0
1774020495,2026-03-20T15:28:15Z,,0,0,0,0,0,0,0,0,,0,0,,,0,0,,0,0,0,0,0,0,0,,,,,0,0,0,,0
1774020510,2026-03-20T15:28:30Z,,0,0,0,0,0,0,0,0,,0,0,,,0,0,,0,0,0,0,0,0,0,,,,,0,0,0,,0
1774020525,2026-03-20T15:28:45Z,,0,0,0,0,0,0,0,0,,0,0,,,0,0,,0,0,0,0,0,0,0,,,,,0,0,0,,0
1774020540,2026-03-20T15:29:00Z,,,,,,,,,,,,,,,,,,,,0,0,,,,,,,,0,0,0,,0
